Latitud;Longitud;LCOEnet;LCOEgross;TIR;Payback;Payback_simple;BCratio;CAPEX_USD;CashFlow_USD;NPV_USD;PV_kWdc;BESS_kWh;BESS_inverter_kW;PV_inverter_kW;Load_kWh;Grid_import_kWh;Grid_export_kWh;BESS_charge_kWh;BESS_discharge_kWh;PV_generated_kWh;PV_used_kWh;PV_clipping_kWh
4,616138;-74,351443;-335,9530676;173,6757315;29,05351267;4,121489164;3,420963951;2,935215842;11670541,35;3411477,442;29550937,11;13386,65185;22223,38694;3376,079384;5376,079384;8760000;0;5170100,635;7407030,536;6876006,329;15247144,79;14461124,84;786019,9489
7,578366;-75,35205;-356,2658297;162,0113982;31,91589623;3,705166524;3,120930789;3,21739515;10912749,53;3496632,983;31337678,21;10830,13016;23877,39923;3943,214427;5943,214427;8760000;0;5694960,305;7997270,03;7422386,612;15608490,8;15029843,72;578647,0805
5,54853;-75,643868;-350,3097259;164,5814268;31,16631278;3,806027544;3,194471487;3,14332672;11074023,59;3466621,517;30813770,37;11604,79414;23144,96906;3623,683241;5623,683241;8760000;0;5639299,285;7775928,535;7217359,67;16002723,32;14957868,15;1044855,174
6,186636;-67,487095;-357,6626282;164,5048916;31,63764015;3,741990839;3,147844258;3,189887033;11083293,18;3520915,355;31460542,71;10521,84327;25214,89907;4092,147254;6092,147254;8760000;0;5739383,796;8193973,82;7603202,952;16212358,09;15090154,66;1122203,424
11,711904;-72,265906;-364,0418607;163,9406253;32,14889238;3,674873658;3,098735722;3,240440128;11044283,34;3564125,608;32021669,6;10354,9548;25419,45459;4033,832163;6033,832163;8760000;0;6534311,471;8591030,012;7974581,687;17297587,5;15910759,8;1386827,707
1,807399;-78,764073;-342,8644857;168,9300663;30,06766894;3,963943114;3,308512871;3,03497915;11371495,45;3437041,322;30158875,84;12266,09428;22936,78559;3934,336414;5934,336414;8760000;0;5252490,073;7619805,437;7077435,571;15459919,06;14554859,94;905059,1215
-1,005674;-74,014461;-345,7034086;166,9460239;30,52829848;3,896202459;3,259756388;3,080373619;11234262,73;3446350,399;30408591,77;11862,61807;23268,58594;3734,389574;5734,389574;;;;;;;;
8,512178;-77,279951;-347,8397563;166,9582544;30,65636822;3,877768236;3,246445854;3,093003251;11240574,08;3462424,627;30596508,12;11807,25205;23312,44771;3928,421254;5928,421254;8760000;0;5508896,241;7762895,111;7205468,581;15562419,87;14826322,77;736097,0943
1,253151;-70,232641;-344,9834291;169,5077135;30,13417107;3,954021649;3,301387181;3,041529828;11407865,95;3455476,539;30345261,29;12111,19843;23467,50874;3853,342199;5853,342199;8760000;0;5206163,055;7625098,521;7082797,789;15177388,11;14508463,79;668924,3227
7,02702;-71,426733;-350,6833306;164,719995;31,16368821;3,806390133;3,19473487;3,143067576;11087076,56;3470421,495;30846633,19;11401,08787;23564,42662;3751,973426;5751,973426;8760000;0;5328464,987;7661603,531;7116693,178;15445266,94;14633375,34;811891,6044
1,632464;-66,963692;-351,0118223;167,9442091;30,72629765;3,867774408;3,239222143;3,099900884;11308596,57;3491145,736;30875527,82;11423,88941;24387,01276;3997,54194;5997,54194;8760000;0;5509382,404;7921059,676;7357717,521;15464548,8;14832724,56;631824,2362
8,791865;-74,164905;-356,7547578;161,8261674;31,98501462;3,696129221;3,114314531;3,224230399;10896515,27;3498848,674;31380685,07;10801,7836;23936,62924;3802,71815;5802,71815;8760000;0;5781356,05;8025089,977;7447932,314;16078878,32;15118513,71;960364,6042
1,805173;-75,888706;-341,3443865;170,145696;29,81532741;4,0020358;3,335822734;3,010132247;11450165,57;3432486,22;30025165,63;12562,81407;22704,52596;3865,577889;5865,577889;8760000;0;5129133,453;7502045,847;6966998,626;15247698,49;14424180,67;823517,8195
4,446352;-69,795533;-347,4774998;167,2607379;30,59824095;3,886113854;3,25247411;3,087270565;11257397,85;3461179,85;30564643,49;11731,0623;23611,09528;3806,875836;5806,875836;8760000;0;5237915,553;7668725,776;7123330,321;15550946,05;14543311,01;1007635,044
5,192471;-76,950891;-329,3063557;173,84474;28,58033482;4,199239861;3,47597734;2,888760944;11697900,6;3365355,828;28966282,33;13250,92994;22335,69311;3945,692264;5945,692264;8760000;0;4911818,502;7426703,888;6898061,616;15019664,07;14200460,77;819203,2948
2,330164;-72,627304;-347,1721365;166,384239;30,69891733;3,871681413;3,242046831;3,097200043;11198223,03;3454059,616;30537783,28;11702,87219;23419,40809;3776,537712;5776,537712;8760000;0;5089416,823;7580180,396;7041093,296;15194238,03;14388503,92;805734,1073
-2,147039;-71,752186;-348,3625948;166,3667688;30,77681472;3,860586112;3,234023006;3,104884401;11198648,69;3462760,985;30642497,79;11688,77344;23421,75212;3832,697948;5832,69794;;;;;;;;
-1,320301;-69,585499;-346,3401154;169,2027836;30,25943195;3,935464958;3,288045502;3,053871236;11389142,63;3463803,228;30464597,46;12023,90676;23538,84669;3906,142999;5906,1429;;;;;;;;
4,81681;-72,281384;-351,9199432;162,2494371;31,59734397;3,7473831;3,151779086;3,18590463;10923780,39;3465909,281;30955407,5;11013,33;23628,23585;3778,694252;5778,694252;8760000;0;5135533,63;7635544,026;7092607,5;15511257,68;14438470,16;1072787,52
6,725995;-75,283192;-355,7832374;161,267172;31,99871539;3,694342957;3,113006272;3,225585401;10860692,55;3488811,65;31295228,67;10815,03955;23721,32018;3853,099407;5853,099407;8760000;0;5712051,421;7938272,189;7367575,475;16001190,61;15042748,14;958442,4786
10,977961;-74,815546;-362,4639525;161,5588854;32,39934694;3,642847711;3,075216558;3,265222918;10884457,95;3539411,857;31882874,41;10295,48021;24848,6509;3986,821741;5986,821741;8760000;0;6187877,593;8361103,72;7759444,513;17130774,09;15549536,8;1581237,293
3,866764;-67,918613;-350,4770944;167,2590836;30,7917728;3,858462669;3,232486635;3,106360123;11259315,32;3483174,593;30828492,35;11466,17666;24143,356;3868,389214;5868,389214;8760000;0;5443854,559;7862459,086;7296126,308;15511323,39;14770187,34;741136,0525
6,814387;-73,268034;-364,4907686;162,8969849;32,32830029;3,651876808;3,081852989;3,25819162;10977028,88;3561827,549;32061156,21;10146,15244;25517,52803;4104,939923;6104,939923;8760000;0;6267083,36;8463474,886;7860063,363;16369933,23;15630494,88;739438,348
9,376434;-75,76112;-353,5172979;162,5093311;31,67384462;3,737159052;3,14431708;3,19346533;10938244,4;3478734,531;31095913,22;11123,34125;23512,94166;3681,802708;5681,802708;8760000;0;5640466,356;7868479,127;7303086,083;16298938,49;14965859,4;1333079,091
2,846788;-77,247803;-328,2671417;177,2939965;28,10629005;4,280043817;3,532815866;2,842284444;11930446,93;3377036,161;28874871,51;13653,8589;22475,92443;4065,581651;6065,581651;8760000;0;5055735,758;7532943,14;6992769,422;15087142,7;14355909,48;731233,2205
0,34346;-76,91217;-336,9454775;169,0414052;29,67524226;4,023492283;3,35117163;2,996345365;11374571,93;3394207,514;29638230,97;12508,31875;22517,81882;3789,435248;5789,435248;8760000;0;4494243,382;7236677,124;6718154,56;14441087,9;13772765,95;668321,9532
10,333039;-73,181208;-360,5586479;165,94071;31,61686804;3,744768575;3,149871418;3,187834121;11182767,68;3550229,898;31715280,96;10551,69001;25527,90188;4231,828117;6231,828117;8760000;0;6289385,187;8517221,271;7910611,128;16802946,95;15655995,33;1146951,619
3,529932;-75,644069;-352,8466915;163,309966;31,49564902;3,761059347;3,16175183;3,175855704;10999484,75;3478920,972;31036925,68;11142,94898;23600,23427;3965,934882;5965,934882;8760000;0;5490992,939;7870920,272;7305364,625;15545162,63;14816548,59;728614,0409
-0,621184;-72,384213;-347,199048;166,7855126;30,64599838;3,879254519;3,247519708;3,091980491;11224944,71;3456467,001;30540150,46;11726,56585;23489,49112;3777,678993;5777,678;;;;;;;;
6,97771;-76,817485;-339,0864855;172,059121;29,41208734;4,064411107;3,380375281;2,970459416;11585347,45;3427237,062;29826557,26;12505,02646;23291,61603;4141,218493;6141,218493;8760000;0;5251074,819;7728296,206;7178228,553;15209634,84;14561142,47;648492,3658
1,865668;-69,0099;-345,7249355;170,2398139;30,08546901;3,96128276;3,306602694;3,036732414;11457251,28;3464961,575;30410485,31;12171,28373;23550,7742;3878,730042;5878,730042;8760000;0;5329846,504;7687650,869;7140806,756;15277935,74;14636690,62;641245,1264
3,125579;-73,750966;-346,1092217;166,3610766;30,63229336;3,881220532;3,248939989;3,090628825;11196404,13;3446171,417;30444287,7;11756,38072;23302,97772;3768,856018;5768,856018;8760000;0;5023437,002;7558443,945;7020405,209;15053290,75;14321475,74;731815,0115
-0,888833;-70,98893;-345,8812682;168,9821938;30,26242801;3,935023191;3,287727661;3,054166469;11372543,3;3459089,218;30424236,56;12089,75051;23360,01411;3840,55847;5840,55847;;;;;;;;
5,166895;-75,520006;-347,8291196;166,6707095;30,69822828;3,871779836;3,242117979;3,097132075;11219750,88;3460623,873;30595572,5;11769,14364;23330,48932;3866,918106;5866,918106;8760000;0;5597230,844;7810744,367;7253810,364;15717434,77;14914164,85;803269,9206
5,136393;-70,859499;-351,7417518;163,4595821;31,40542155;3,773275448;3,170651282;3,166941643;11006883,17;3471489,669;30939733,52;11058,4387;23860,10602;3870,925107;5870,925107;8760000;0;5166855,409;7684671,387;7138315,049;15699195,44;14473211,75;1225983,697
7,905725;-72,508178;-352,2364608;165,05844;31,21382882;3,799474804;3,189710388;3,148018585;11112383,83;3483822,19;30983248,86;11283,28664;23876,60631;3846,17161;5846,17161;8760000;0;5617890,677;7870748,062;7310676,118;15632011,99;14937962,62;694049,3665
5,385813;-73,363738;-345,5403729;167,5110585;30,44603795;3,908133486;3,268361556;3,072263399;11269597,87;3448087,879;30394250,9;11752,50072;23703,40054;3648,251845;5648,251845;8760000;0;5166853,55;7663579,326;7118643,56;15587554,42;14471789,32;1115765,105
1,472892;-77,58091;-327,0230562;176,598657;28,116644;4,278246685;3,531555442;2,843298865;11879240,74;3363741,822;28765439,87;14184,39716;21212,23641;3912,056738;5912,056738;8760000;737,5886525;4795048,349;7044011,058;6542633,158;14675137,59;14055688,66;619448,9282
2,119413;-74,767894;-346,4021378;164,6683228;30,88464275;3,845329789;3,222979252;3,115523495;11083767,57;3438981,981;30470053,04;11528,41744;23277,32065;3761,903035;5761,903035;8760000;0;4854500,718;7501428,396;6967452,875;15005655,59;14148476,24;857179,3547
0,699077;-75,253702;-343,3507389;166,5746316;30,4240194;3,911339159;3,270672327;3,070092806;11209039,89;3427136,309;30201647,4;11949,61056;22979,84288;3720,278574;5720,278574;8760000;0;4753678,412;7395635,875;6869457,106;14811440,71;14039857,18;771583,532
-2,890126;-69,741745;-347,2540458;168,5754303;30,40558177;3,914027438;3,272609717;3,068275306;11345676,86;3466859,124;30544988,14;11950,38281;23530,26019;3842,542156;5842,542156;;;;;;;;
6,127762;-72,334978;-326,7649497;175,3418576;28,25135789;4,254997289;3,515234242;2,856500276;11792501,36;3354684,367;28742736,44;13254,77267;22847,78708;3764,500632;5764,500632;8760000;0;4587325,291;7425001,794;6896928,669;14780357,23;13875398,42;904958,818
1,016116;-71,30221;-346,492093;168,6663515;30,34194805;3,923333261;3,279313259;3,062003166;11352608,82;3461886,047;30477965,63;11961,66748;23521,29933;3874,374899;5874,374899;8760000;0;5183208,723;7622291,504;7080244,482;15183911,03;14485255,74;698655,2888
0,609142;-69,203337;-347,1618911;168,9815028;30,34465331;3,922936764;3,279027733;3,062269794;11373195,13;3468465,672;30536882,08;11999,52456;23541,17502;3861,767746;5861,767746;8760000;0;5309067,544;7689328,498;7142352,284;15309220,22;14616043,76;693176,4633
8,313838;-75,146048;-356,8530074;161,349546;32,05638106;3,686843188;3,107511554;3,231288898;10867463,91;3497159,617;31389327,24;10762,73792;23838,78281;3896,904109;5896,904109;8760000;0;5731615,398;7979176,167;7405482,096;15947484,58;15065309,47;882175,1105
-1,74806;-73,207114;-345,3942896;168,1389125;30,34550647;3,922811737;3,278937696;3,062353882;11314861,22;3450770,423;30381401,19;12028,23571;23258,97671;3783,17573;5783,17573;;;;;;;;
2,726438;-67,566774;-349,8388094;168,0242903;30,64332241;3,879638239;3,24779693;3,091716569;11311608,59;3482855,865;30772347,84;11566,04697;24142,3893;3920,544205;5920,544205;8760000;0;5465913,342;7859297,298;7300300,474;15350780,23;14784910,17;565870,0669
10,032536;-74,213946;-358,6500839;162,6448983;31,98340283;3,696339473;3,114468507;3,224070996;10955134,71;3517497,348;31547400,8;10621,07343;24507,41531;3941,985467;5941,985467;8760000;0;6005924,999;8247118,585;7654216,99;16297747,22;15358826,59;938920,6273
5,871318;-74,64119;-359,6956327;162,0308998;32,13670025;3,676446771;3,099889544;3,239233992;10917893,09;3522026,489;31639368,84;10531,49277;24462,01846;4068,246136;6068,246136;8760000;0;5908895,98;8190540,802;7601315,373;15813706,2;15258121,41;555584,7926
7,103619;-77,762751;-335,673781;171,2829411;29,31087962;4,080364859;3,391737433;2,960508524;11522339,94;3397179,223;29526370,64;12982,09845;22206,99759;3756,262451;5756,262451;8760000;0;5138172,922;7414338,968;6882753,875;15552842,14;14429758,02;1123084,127
3,649268;-76,56805;-338,1261261;171,7862875;29,41367177;4,064162313;3,380197985;2,970615221;11551694,22;3417460,833;29742082,6;13162,61126;22033,85063;3615,169963;5615,169963;8760000;0;5257944,106;7391014,658;6860774,95;15184279,1;14548183,81;636095,2837
8,170612;-76,059797;-354,277549;163,1034164;31,62625836;3,74351236;3,148954699;3,188762159;10983633,69;3488025,311;31162786,05;11101,35546;23655,85043;3889,26907;5889,26907;8760000;0;5646457,655;7906209,135;7338103,67;15574842,02;14974563,12;600278,9018
4,270042;-73,487052;-343,9628779;168,6255761;30,18461051;3,946528836;3,296002294;3,046498967;11348607,36;3443143,041;30255492,07;12082,42572;23271,274;3833,395137;5833,395137;8760000;0;5090156,508;7581777,252;7042503,063;15150238,18;14389430,7;760807,4876
2,265132;-69,919404;-345,8822368;168,7856663;30,28386708;3,931864828;3,285454994;3,056279146;11361777,98;3458205,334;30424321,77;11955,27975;23553,4318;3917,863478;5917,863478;8760000;0;5203052,376;7639150,45;7095887,302;15171486,72;14506315,52;665171,1988
8,438134;-73,28707;-344,9866951;168,0734359;30,31787813;3,926864526;3,28185583;3,059630923;11315317,08;3447840,997;30345548,57;11938,73266;23361,41964;3951,458231;5951,458231;8760000;0;5526265,702;7762004,424;7209510,03;15968975,41;14838760,1;1130215,314
-0,192318;-74,781842;-343,7636672;167,0640823;30,38433258;3,917130132;3,274845288;3,06618075;11242162,34;3432883,494;30237969,19;11963,16398;23090,42209;3739,926075;5739,926075;;;;;;;;
5,899789;-76,142112;-337,858809;169,5703441;29,66648191;4,024841535;3,352136002;2,995483351;11409946,36;3403783,843;29718568,99;12179,09528;23371,7537;3781,512808;5781,512808;8760000;0;5303446,732;7832632,082;7270434,633;15801343,34;14625644,18;1175699,162
1,838451;-76,769467;-340,06489;171,183195;29,60819451;4,033841348;3,358566106;2,989748382;11514958,64;3428534,166;29912619,19;12664,52446;22860,29086;3716,766341;5716,766341;8760000;0;5304355,603;7613081,733;7066940,858;15369892,31;14610496,48;759395,8345
2,479688;-78,110217;-329,2887988;173,7772673;28,60160888;4,195683028;3,473467582;2,890848222;11685423,81;3364195,444;28964738;13588,18858;21712,92413;3674,427552;5674,427552;8760000;0;4835147,724;7243433,201;6727774,367;14872307,73;14110806,56;761501,1739
7,476747;-73,924602;-357,8863496;161,9390464;32,03311013;3,68986612;3,109726678;3,228987182;10909394,35;3508152,156;31480221,58;10647,03863;24223,09781;3987,894525;5987,894525;8760000;0;5801742,908;8096360,237;7519941,336;15889899,17;15138161,81;751737,3645
10,385126;-75,496269;-353,3811833;163,2808078;31,53902136;3,755214572;3,157491048;3,180141268;10996049,78;3482527,617;31083940,37;11118,26169;23664,74389;3911,579742;5911,579742;8760000;0;5735092,403;7948632,784;7377340,326;16806436,64;15066384,86;1740051,783
4,575019;-76,199203;-358,4243419;162,6769629;31,95734335;3,699742081;3,116960057;3,221493827;10960042,57;3516260,193;31527544,19;10720,1439;24268,2401;4045,089144;6045,089144;8760000;0;5855286,013;8098628,024;7516232,046;15975742,68;15197681,99;778060,6936
6,222807;-77,401359;-322,0758147;177,1442664;27,75267276;4,34231284;3,576384845;2,807658576;11910480,82;3330312,965;28330273,07;14090,91782;21645,27493;3726,549004;5726,549004;8760000;0;4787490,133;7233973,54;6718954,104;14910237,06;14062509,57;847727,4897
0,054936;-71,223208;-344,3715753;169,1631589;30,1343619;3,95399325;3,301366776;3,041548626;11387536,41;3449339,979;30291441,7;12113,87038;23321,88574;3946,69897;5946,69897;8760000;0;5109365,322;7565457,881;7027431,675;15044147,79;14407391,53;636756,2612
3,494178;-69,814066;-348,5866625;166,960469;30,70736614;3,870474997;3,241174703;3,09803343;11239715,93;3467790,836;30662207,11;11676,31956;23604,61672;3887,123552;5887,123552;8760000;0;5243305,833;7670648,243;7125105,326;15444800,32;14548848,75;895951,5716
11,27155;-73,307598;-358,9160733;166,8681236;31,37483952;3,777433656;3,173678704;3,163920648;11245929,78;3543499,776;31570797,62;10682,50124;25509,06229;4287,720233;6287,720233;8760000;0;6272321,648;8515290,549;7903204,021;16300745,92;15644408,18;656337,7433
2,177143;-73,78661;-347,4085481;164,7618578;30,93801132;3,837822316;3,217540149;3,120790143;11090402;3446857,377;30558578,4;11507,40546;23344,18342;3775,566803;5775,566803;8760000;0;4965355,384;7545232,557;7008718,014;15210410,29;14261869,93;948540,3668
5,412178;-71,662812;-353,8130492;161,1535345;31,88797504;3,708829536;3,123611237;3,214634224;10850171,72;3473598,633;31121927,95;10818,19767;23721,99494;3747,70842;5747,70842;8760000;0;5180575,529;7655152,265;7110854,405;15564267,56;14484873,39;1079394,168
9,319794;-74,972827;-356,7974775;161,0569692;32,10080051;3,68108648;3,103291818;3,235682679;10845919,03;3494972,33;31384442,75;10744,43122;23818,7862;3822,40728;5822,40728;8760000;0;5772226,003;7998794,926;7423702,136;16254883,61;15107318,79;1147564,821
4,030992;-74,968135;-356,8923482;161,7494962;31,9932732;3,695052291;3,113525808;3,225047165;10896998,78;3499890,302;31392787,72;10765,70468;23911,68508;4000,803787;6000,803787;8760000;0;5666880,038;7973769,954;7400471,298;15619260,07;15000178,69;619081,3743
6,320886;-73,953011;-355,8226698;162,5495176;31,80318262;3,71999715;3,131778763;3,206250614;10950313,69;3496515,724;31298697,2;10880,80103;23907,08511;4007,290248;6007,290248;8760000;0;5699218,898;8007345,9;7431500,951;15617259,42;15035063,85;582195,5702
2,580812;-75,447697;-350,2894383;164,7640629;31,12296016;3,812025435;3,198827415;3,139046369;11093918,33;3468120,313;30811985,83;11421,52741;23479,52527;3892,36599;5892,36599;8760000;0;5335130,301;7760599,398;7208310,974;15412073,17;14647418,72;764654,4443
1,908124;-70,76091;-347,5760241;167,1670946;30,61488651;3,883720386;3,250745628;3,088912124;11252403,01;3461483,704;30573309,84;11771,56958;23479,79661;3852,824395;5852,824395;8760000;0;5193414,878;7610268,209;7069072,393;15217704,82;14494610,69;723094,121
2,611927;-76,379753;-345,4285663;167,9749346;30,38357901;3,917240253;3,274924624;3,066106471;11296985,24;3449540,535;30384416,22;12299,49518;22732,69928;3545,842378;5545,842378;8760000;0;5500614,838;7581144,534;7041450,539;15880047,96;14800308,83;1079739,13
12,578108;-81,707181;-352,5858089;162,4617098;31,6071661;3,746067343;3,1508191;3,186875306;10939939,81;3472093,912;31013978,05;10996,95452;23698,17135;3850,379802;5850,379802;8760000;0;5753992,186;7939935,016;7374603,473;16842981,72;15079323,73;1763657,995
9,361058;-73,599913;-361,0781088;161,0555119;32,38293681;3,644929333;3,076746955;3,263598771;10850081,7;3526478,407;31760973,52;10419,81332;24446,34791;3961,175199;5961,175199;8760000;0;6004770,646;8195187,735;7611670,095;16204208,05;15348288,29;855919,7598
1,11754;-76,327588;-328,3569702;172,308336;28,72244507;4,175590892;3,459277807;2,902706328;11585659,58;3349155,583;28882772,96;13593,44401;21288,76031;3604,576963;5604,576963;8760000;0;4345691,015;6954829,311;6457108,071;14249666,16;13603412,25;646253,9013
6,281461;-71,10339;-353,9560865;163,11627;31,60484073;3,746378764;3,151046324;3,186645498;10983527,84;3485676,41;31134509,72;10986,27698;23917,00496;3850,19249;5850,19249;8760000;0;5394922,231;7758219,169;7206263,051;15809113,04;14706878,35;1102234,695
1,337539;-71,950416;-346,7647605;166,8279841;30,6075228;3,88477886;3,25151006;3,088185919;11229751,03;3453703,302;30501949,87;11724,65503;23478,52403;3848,257927;5848,257927;8760000;0;5044680,701;7567271,353;7029247,011;15032021,93;14342705,04;689316,8841
7,5975;-74,799097;-356,4291734;162,7651419;31,80824264;3,719328872;3,131290203;3,20675087;10966668,9;3502284,421;31352046,17;10792,38765;24131,0323;4075,035011;6075,035011;8760000;0;5767150,455;8069914,533;7489546,371;15724377,14;15107518,62;616858,5281
2,896617;-72,135509;-348,2753549;166,0161723;30,8159342;3,85503754;3,230007949;3,108743923;11176873,33;3460323,785;30634824,03;11618,18833;23444,16061;3885,774208;5885,774208;8760000;0;5197576,931;7627976,014;7085442,739;15341901,34;14500110,21;841791,1361
5,475074;-74,045636;-349,8934922;167,176622;30,76392781;3,862417366;3,235347774;3,103613053;11254154,06;3478499,018;30777157,82;11577,23755;23878,71027;3884,709845;5884,709845;8760000;0;5579611,454;7884239,717;7323174,097;15665503,97;14900677,07;764826,8952
8,758964;-76,52857;-352,2895576;164,0067733;31,36653792;3,778563964;3,174501475;3,163100619;11042182,31;3478398,86;30987919,34;11301,16833;23525,8523;3840,443795;5840,443795;8760000;0;5612881,595;7853855,745;7289645,197;16034405,02;14937092,14;1097312,881
7,072726;-70,747408;-352,740721;163,9308036;31,41542502;3,771917231;3,169662216;3,16792986;11033475,7;3480962,623;31027604,35;11189,562;23790,69997;3705,557663;5705,557663;8760000;0;5403301,972;7734521,377;7184426,679;15808115,26;14713396,67;1094718,586
4,286705;-72,791768;-350,5931442;162,6779164;31,44395379;3,768048995;3,166844788;3,170748254;10953091,29;3458676,386;30838700,26;11092,9794;23577,01699;3809,915867;5809,915867;8760000;0;5065508,675;7598358,721;7058109,508;15342130,73;14365757,89;976372,8477
7,021029;-75,910357;-354,5227747;164,0621481;31,49139922;3,761632999;3,162169917;3,175435807;11053713,63;3495610,268;31184356,48;10938,10075;24201,63644;4105,647839;6105,647839;8760000;0;5777359,005;8086966,97;7505304,094;15952650,07;15119021,88;833628,1886
7,138187;-72,665468;-347,122386;166,4459703;30,68780928;3,873268664;3,243194149;3,096104372;11202034,33;3454012,871;30533407,15;11501,35255;23869,06174;3757,577087;5757,577087;8760000;0;5282891,69;7809699,192;7249048,305;15728813,85;14603542,58;1125271,271
5,030744;-74,884438;-359,0241673;160,6958603;32,29387094;3,656268127;3,085079024;3,254784563;10827595,15;3509665,413;31580305,74;10496,21502;24156,14706;4016,430447;6016,430447;8760000;0;5749229,243;8062940,743;7488929,75;15674048,27;15083240,24;590808,0294
5,973845;-75,360874;-355,1553839;162,153431;31,8364319;3,715610203;3,12857114;3,209537879;10914672,6;3488708,458;31240001,73;11109,13297;23434,5627;3685,654252;5685,654252;8760000;0;5758994,643;7871785,467;7306018,405;16621982,43;15084761,71;1537220,727
-0,564984;-69,635497;-343,4795508;171,5092293;29,77688174;4,007902182;3,340021678;3,006348028;11541831,53;3455615,756;30212977,89;12423,71295;23395,81162;3891,324682;5891,324682;;;;;;;;
3,152204;-75,054843;-350,6478038;164,5981436;31,17520116;3,804800104;3,193579828;3,144204348;11080505,39;3469619,043;30843508,2;11450,98604;23400,53906;3809,085219;5809,085219;8760000;0;5376249,333;7759402,703;7206775,36;15479976,55;14688876,67;791099,873
10,763024;-74,140091;-353,9793481;167,1573695;31,01055326;3,827663507;3,21017535;3,127949874;11264939,66;3509135,307;31136555,85;11083,35232;24750,03233;4295,34412;6295,34412;8760000;0;5959443,407;8289028,328;7692435,651;16568147,61;15316036,08;1252111,531
7,882968;-76,625279;-342,5349598;171,3393564;29,74122694;4,013357711;3,343924908;3,002838837;11528688,51;3447651,734;30129890,24;12586,46302;23025,76401;3832,566964;5832,566964;8760000;0;5475949,614;7681408,22;7128439,111;15413651,97;14788918,72;624733,2429
1,679951;-75,283631;-342,6941136;167,534622;30,24847062;3,937082029;3,289208856;3,052791119;11274725,05;3427792,38;30143889,65;12060,86988;23007,23025;3788,011454;5788,011454;8760000;0;4806723,125;7420720,576;6892293,581;14844691,11;14095150,12;749540,994
7,639839;-73,328126;-348,9950674;167,1190338;30,71160991;3,869869301;3,240736811;3,098452039;11250806,93;3471681,777;30698131,03;11765,58621;23455,56224;3909,853953;5909,853953;8760000;0;5688432,292;7882941,086;7321450,076;15907634,95;15009923,3;897711,649
10,257314;-74,83303;-359,5592993;164,0874727;31,82603844;3,716980439;3,129573133;3,208510284;11054790,2;3532363,592;31627376,75;10531,32216;25079,60099;4067,145656;6067,145656;8760000;0;6121968,032;8388725,087;7785602,687;16459127,48;15485090,43;974037,0471
5,831393;-72,884158;-361,6708375;164,3171276;31,9370983;3,702389733;3,118898357;3,219491767;11068585,3;3548876,569;31813110,83;10610,08754;25002,57823;4016,980646;6016,980646;8760000;0;6167503,582;8313330,544;7719918,186;16949769,76;15520915,94;1428853,818
7,580127;-75,401407;-355,110682;162,8712339;31,70849237;3,732546448;3,140948725;3,196890004;10971640,82;3493097,717;31236069,69;10970,92704;23813,93015;4007,679649;6007,679649;8760000;0;5704026,01;7981149,297;7407539,384;15650168,95;15037635,92;612533,0286
6,453324;-71,754427;-351,4958839;164,5228943;31,23467004;3,796607635;3,187626428;3,15007665;11079179,04;3475683,017;30918106,6;11283,00032;23682,20004;3933,729871;5933,729871;8760000;0;5338616,138;7718716,978;7169149,898;15477790,8;14648183,22;829607,5818
1,765633;-78,182924;-331,5601682;175,5304764;28,52375506;4,208728077;3,482669139;2,883210314;11809818,59;3391025,135;29164531,07;13538,53028;22236,42151;3946,1225;5946,1225;8760000;0;5030192,736;7447275,816;6917029,634;15231120,05;14320438,92;910681,1282
1,190133;-76,972566;-325,0149769;170,3051586;28,75748918;4,169798855;3,455183339;2,906146099;11448732,49;3313494,935;28588806,2;13323,2384;21310,31101;3466,524716;5466,524716;8760000;1555,557676;3779274,862;6837901,744;6349753,965;13697032,51;13025867,08;671165,4308
3,52617;-67,413312;-352,0354817;165,8732288;31,08162315;3,817761704;3,202991529;3,134965388;11168965,34;3487041,798;30965570,44;11195,65944;24273,90514;3925,86254;5925,86254;8760000;0;5402715,907;7871880,498;7304827,958;15385889,12;14729768,45;656120,6766
10,958669;-72,793639;-362,4060798;166,1490983;31,70693121;3,732754042;3,141100346;3,19673569;11197772,7;3564920,4;31877783,85;10411,05148;25872,50669;4266,411885;6266,411885;8760000;0;6468934,873;8675360,246;8051661,44;16870331,22;15852633,68;1017697,537
4,438812;-75,431971;-352,5755925;163,3033471;31,49110342;3,761672934;3,162199021;3,175406581;10993139,22;3476422,306;31013079,39;11182,36849;23597,56095;3756,683298;5756,683298;8760000;0;5462399,283;7807718,124;7247201,095;15580439,86;14782916,31;797523,5505
4,790258;-71,338533;-350,5869482;163,664754;31,30280701;3,787263361;3,180831603;3,156805778;11018557,25;3464049,225;30838155,25;11183,03532;23685,52663;3805,113636;5805,113636;8760000;0;5118628,745;7628485,026;7086040,027;15531677,15;14421073,74;1110603,403
0,806639;-77,573003;-347,0866263;167,0260203;30,6111604;3,884255914;3,251132395;3,088544655;11238388,31;3456761,197;30530261,68;12010,07342;22997,01371;3697,578831;5697,578831;8760000;0;5270327,472;7595078,346;7050385,036;15353695,88;14575020,78;778675,0949
-3,779934;-70,364937;-346,5208493;169,7556218;30,2031104;3,943787605;3,294031495;3,048321668;11423605,99;3467971,089;30480495,08;12164,89686;23438,83393;3828,202085;5828,202;;;;;;;;
6,027425;-73,4471;-360,1732704;167,1334477;31,41350497;3,772177851;3,16985201;3,167740182;11266874,99;3554385,173;31681382,58;10495,7597;25938,26937;4397,165536;6397,165536;8760000;0;6170685,54;8514135,594;7906945,701;16504447,78;15537875,43;966572,3463
1,194619;-75,70671;-343,6684103;166,1225953;30,49920611;3,900413863;3,262794703;3,077505174;11182391,83;3427243,466;30229590,25;11807,42542;23097,13538;3837,591127;5837,591127;8760000;0;4740007,196;7426665,514;6897610,042;14796333,47;14029062,67;767270,8064
4,854787;-73,038696;-344,5870473;167,2010739;30,42403277;3,911337211;3,270670923;3,070094124;11249393,83;3439475,905;30310394,95;11887,93165;23317,40183;3669,354604;5669,354604;8760000;0;4950888,295;7501260,701;6967967,48;14908932,07;14244181,52;664750,555
8,759789;-75,873096;-352,8655967;165,0193868;31,2569017;3,793553843;3,185406337;3,152272119;11111832,88;3488356,494;31038588,6;11330,4512;23736,22413;3921,293796;5921,293796;8760000;0;5746192,215;7942804,693;7371889,748;15910449,58;15077107,16;833342,4207
3,739984;-73,835264;-342,205224;168,323778;30,10710508;3,958053776;3,304283725;3,038863614;11329661,9;3428779,983;30100886,19;12063,63887;23204,45474;3873,63444;5873,63444;8760000;0;4987249,321;7558079,956;7019275,651;15058887,19;14286053,63;772833,5635
4,866719;-73,877143;-348,8963265;164,9399145;31,01838975;3,826569226;3,209381702;3,128723385;11099441,19;3458435,991;30689445,63;11550,32247;23346,15806;3676,770435;5676,770435;8760000;0;5165303,386;7604144,043;7062333,079;15542943,23;14467114,35;1075828,882
5,682166;-76,638144;-332,4262374;172,892343;28,89174928;4,14775243;3,439582321;2,919327594;11635883,46;3382935,012;29240711,82;13006,08712;22549,23904;3985,401292;5985,401292;8760000;0;4936518,272;7482050,694;6949509,555;14985532,94;14229059,41;756473,5298
8,297234;-74,471176;-352,4492381;164,5304041;31,28697273;3,789430852;3,182408145;3,155241919;11084540,17;3483066,805;31001965,08;11205,58817;23780,27373;4104,14541;6104,14541;8760000;0;5636178,526;7925788,481;7361571,872;15867828,88;14960395,13;907433,7477
9,331922;-74,459034;-359,8604461;160,4979936;32,39443264;3,643470845;3,075674707;3,264736534;10808436,71;3514167,699;31653866,08;10488,81591;24196,42363;3802,412963;5802,412963;8760000;0;5922596,379;8130292,639;7545483,731;16311142,94;15267405,29;1043737,654
5,222043;-76,030801;-348,8360333;166,2986687;30,81654838;3,854950552;3,22994499;3,10880452;11194568,84;3465869,813;30684142,15;11749,86893;23265,51614;3851,434726;5851,434726;8760000;0;5555061,388;7751118,741;7198965,713;15585143,64;14867214,42;717929,2289
6,500177;-72,738978;-359,1663252;166,7359613;31,41179857;3,7724095;3,170020703;3,16757161;11236186,48;3544515,175;31592810,16;10383,84204;26115,41724;4241,727453;6241,727453;8760000;0;6202512,031;8626441,724;8009306,275;16542079,25;15579647,48;962431,7729
6,44809;-75,726975;-354,9799122;163,4480864;31,61002989;3,745683884;3,150539308;3,187158324;11012900,4;3495560,387;31224566,98;10919,79662;24055,25112;4107,44225;6107,44225;8760000;0;5810665,085;8094577,494;7512922,495;15832443,86;15152320,08;680123,78
2,257427;-77,24905;-344,1000058;170,0314285;29,99982393;3,974115093;3,315813042;3,02829727;11447177,9;3452298,955;30267554,04;11943,30463;23917,96615;4005,093569;6005,093569;8760000;0;5595225,395;8022942,834;7446672,215;15805678,58;14931496,01;874182,5656
-1,442617;-72,791889;-346,4383871;167,3571708;30,51827866;3,897651923;3,260802211;3,079385665;11263094,12;3454086,876;30473241,58;11880,87265;23332,78144;3787,173067;5787,173066;;;;;;;;
7,029424;-74,698135;-353,2828784;164,1678787;31,40347181;3,773540286;3,170844128;3,166749035;11056020,51;3486775,151;31075293,33;11237,12584;23666,20484;3948,93442;5948,93442;8760000;0;5693451,913;7939213,181;7373550,014;15824182,41;15019115,08;805067,3331
3,173854;-76,261866;-348,6079922;166,2750788;30,80395663;3,856734742;3,231236253;3,107562182;11193355,72;3464109,352;30664083,31;11708,72727;23340,59082;3862,509949;5862,509949;8760000;0;5389760,89;7734170,335;7183711,672;15547338,66;14700219,55;847119,1107
7,436704;-77,113156;-347,4406259;167,7750257;30,51512039;3,898109015;3,26113199;3,079074264;11297242,68;3464208,967;30561400,01;11886,48556;23357,45237;4013,373047;6013,373047;8760000;0;5559797,366;7830695,227;7268403,192;15581940,44;14882089,4;699851,0358
3,985164;-74,484549;-332,5082383;174,730211;28,70280857;4,178843225;3,461576155;2,900779048;11743056,29;3392401,543;29247924,74;13388,65234;22503,03779;3458,553559;5458,553559;8760000;0;4840667,934;7405263,262;6878347,961;14707964,79;14127583,23;580381,5525
6,487028;-74,410016;-361,2254986;161,9230252;32,2584503;3,660796696;3,088404787;3,251279633;10909760;3532490,314;31773938,15;10415,47913;24688,79328;4029,520871;6029,520871;8760000;0;6006592,876;8268104,1;7673102,726;15930801,34;15361594,25;569207,0898
2,389263;-75,891254;-347,6933706;166,2661635;30,74655847;3,864888269;3,237134995;3,10189955;11191826,66;3457324,666;30583631,81;11766,50291;23228,63309;3831,478843;5831,478843;8760000;0;5272290,818;7681461,39;7129719,797;15411172,48;14584032,41;827140,0691
8,853975;-75,276056;-355,4281684;161,9780525;31,87177261;3,710958404;3,125168724;3,213032149;10907032,42;3490061,94;31263996,27;10930,05994;23704,73463;3822,442928;5822,442928;8760000;0;5739408,655;7962300,177;7389894,627;16102856,17;15071814,2;1031041,966
1,212492;-77,995153;-317,5032576;178,6447999;27,29602746;4,425370525;3,634187069;2,763002397;12012777,37;3305492,298;27928064,07;14678,24301;20817,44246;3836,069419;5836,069419;8760000;0;4406857,199;6926712,15;6433647,341;14268125,56;13659922,01;608203,5495
4,254679;-74,003042;-331,7048816;171,8460016;29,00474637;4,12937253;3,426556382;2,93042532;11549258,83;3370514,752;29177260,28;13351,44183;21741,62493;3393,9825;5393,9825;8760000;0;4665893,297;7153432,373;6644040,632;14804727,58;13935285,04;869442,5446
8,324793;-73,737558;-360,0009513;161,3150253;32,26429803;3,6600483;3,087855245;3,251858259;10870177,33;3520300,166;31666225,13;10411,24414;24502,81867;4061,42634;6061,42634;8760000;0;5915658,007;8185663,494;7602897,524;16088497,66;15258423,98;830073,6809
9,830275;-75,12105;-351,9611172;164,9323286;31,21131396;3,799821065;3,189962033;3,147770249;11104887,49;3481197,385;30959029,23;11360,84742;23661,83285;3881,51071;5881,51071;8760000;0;5754779,916;7961926,167;7389482,172;16299134;15087223,91;1211910,088
2,451409;-76,810911;-350,9541524;166,2146618;30,93442663;3,838325684;3,217904929;3,120436372;11205320,36;3482178,81;30870455,09;11335,36747;23889,23362;4418,085062;6418,085062;8760000;0;5687779,866;7980216,944;7406682,815;15826581,76;15021313,99;805267,7604
5,709812;-77,265507;-331,8772117;172,629376;28,8965909;4,146961638;3,439022247;2,919803031;11614021,85;3377129,026;29192418,69;13133,42657;22261,64658;3835,181426;5835,181426;8760000;0;5009581,279;7415700,298;6887805,804;15201608,98;14297475,77;904133,2083
11,528588;-72,911795;-362,7147001;165,5065211;31,83014292;3,716439201;3,129177363;3,208916088;11149901,09;3563205,213;31904930,55;10454,25979;25659,62334;4086,470051;6086,470051;8760000;0;6501216,835;8623954,901;8007887,742;16895572,51;15877283,99;1018288,516
4,65262;-76,643453;-330,6414766;175,4078255;28,47227748;4,217396946;3,488778956;2,878161015;11806144,02;3384033,26;29083721,58;13367,25922;22499,49545;4099,480382;6099,480382;8760000;0;5069229,693;7494278,642;6960792,163;15120372,59;14362716,17;757656,4209
3,995073;-76,228692;-353,5995147;163,6577391;31,4969181;3,760888075;3,161627001;3,175981094;11022363,5;3486294,714;31103145,13;11122,99518;23750,6845;3955,251618;5955,251618;8760000;0;5547830,569;7862891,167;7297817,029;15608053,79;14872904,71;735149,0798
5,327102;-72,396132;-353,7078134;162,6255273;31,65945959;3,73907739;3,145717608;3,192043544;10950729,62;3481154,693;31112671,25;10943,83373;23861,49099;3844,007213;5844,007213;8760000;0;5316685,704;7735969,092;7185628,174;15633425,17;14627026,62;1006398,549
5,1863;-76,472925;-328,4179351;175,0842284;28,37661219;4,233599557;3,500188026;2,868779479;11780736,48;3365743,894;28888135,52;13513,51351;22146,76036;3967,567568;5967,567568;8760000;0;4826875,277;7361618,354;6834510,906;14751166,22;14113982,72;637183,4924
7,242875;-76,435875;-330,572494;176,4374865;28,34653648;4,238718427;3,503789629;2,865830614;11875207,72;3389246,78;29077653,76;13498,77234;22522,5439;4123,043133;6123,043133;8760000;0;5077626,536;7516571,491;6977189,262;14932656,48;14377008,76;555647,7185
5,664645;-75,714429;-346,1040919;167,5999176;30,46364544;3,905573708;3,266515976;3,073999226;11279247,56;3452990,172;30443836,47;11735,4388;23713,82978;3780,877152;5780,877152;8760000;0;5542910,887;7951576,879;7379909,348;16056903,82;14874578,42;1182325,406
0,505627;-76,496887;-339,1742442;169,1236361;29,80840872;4,003090279;3,336577627;3,009451212;11380926,47;3410958,097;29834276,64;12396,05225;22767,99599;3816,227717;5816,227717;8760000;0;4638489,348;7314023,459;6794069,896;14651801,55;13918442,91;733358,6371
8,04406;-77,092538;-352,8495873;163,2627508;31,50910511;3,759244125;3,160428749;3,177185243;10993341,74;3478433,658;31037180,39;11214,38533;23476,79849;3861,759212;5861,759212;8760000;0;5587781,329;7840678,127;7277568,671;15712412,48;14910890,78;801521,7001
9,704404;-73,278707;-358,7362963;162,709716;31,97775809;3,697075991;3,115007874;3,223512745;10960324,93;3518554,486;31554984,17;10665,07427;24421,36457;3975,029632;5975,029632;8760000;0;6000405,718;8185596,878;7602765,272;16280149,48;15343237,33;936912,1559
5,125992;-74,38604;-354,2795118;164,1131667;31,47377978;3,764013161;3,163904428;3,173694974;11054337,21;3493891,002;31162958,7;11045,63207;24028,01767;4011,032972;6011,032972;8760000;0;5652648,177;7993357,583;7419127,003;15619404,08;14986878,76;632525,3245
2,959785;-76,69357;-353,5417053;163,6688508;31,4783069;3,763401323;3,163458589;3,174142256;11029210,17;3486440,509;31098060,13;10914,98149;24109,06287;4164,781545;6164,781545;8760000;0;5639545,808;8048614,575;7470101,225;15742855,72;14978059,16;764796,5576
7,963938;-74,052243;-355,9075288;162,1449435;31,87244112;3,71087052;3,125104433;3,21309825;10921439,49;3494743,849;31306161,52;10915,2193;23740,00486;3939,516581;5939,516581;8760000;0;5740111,176;7970007,217;7402142,177;16141552,91;15067976,22;1073576,697
2,777312;-77,667541;-338,9894217;172,0762236;29,41005855;4,06472972;3,380602326;2,970259916;11583111,24;3426345,402;29818019,38;12700,05673;22930,88573;4028,71693;6028,71693;8760000;0;5247245,793;7662066,529;7112058,666;15299011,58;14557253,66;741757,9253
5,72773;-71,99286;-352,6179654;163,7753558;31,42009013;3,771284153;3,16920117;3,168390721;11027461,28;3479571,252;31016806,58;11183,45607;23696,20292;3860,130982;5860,130982;8760000;0;5355590,565;7723658,734;7173866,71;15652447,88;14665382,59;987065,2871
7,914244;-72,973601;-348,6273056;167,2514908;30,66855668;3,876022718;3,24518455;3,094205407;11260039,78;3469768,7;30665782,14;11574,25797;23894,8398;3916,760676;5916,760676;8760000;582,2010649;5521873,598;7883031,309;7322068,823;15645513,63;14842253,88;803259,7492
6,187746;-74,988097;-352,8729099;163,6241312;31,46010967;3,765861849;3,165251424;3,172344385;11016799,33;3480544,783;31039231,89;11275,00546;23465,21101;3842,707831;5842,707831;8760000;0;5652018,021;7855059,408;7290443,721;15879234;14976633,71;902600,2894
8,4082;-75,583241;-355,6785506;162,40784;31,82179459;3,717540218;3,129982446;3,208090702;10937405,31;3494398,29;31286020,26;10977,34123;23708,80978;3887,1481;5887,1481;8760000;0;5741531,526;7961170,957;7388850,335;15810933,51;15073852,15;737081,3656
4,334808;-75,830594;-353,4351856;164,0207693;31,4349834;3,76926446;3,167730159;3,16986204;11046065,09;3487059,989;31088690,5;11163,63271;23780,04612;3940,168966;5940,168966;8760000;0;5667146,961;7939162,247;7368476,04;15702901,97;14997833,17;705068,8003
6,339988;-73,122563;-352,2015598;167,0125543;30,90645887;3,842257402;3,220753698;3,117676334;11258720,84;3495678,93;30980178,92;11108,74413;24604,78886;4418,632359;6418,632359;8760000;0;5796122,368;8194250,32;7605213,043;15893179,14;15145159,64;748019,4948
5,383281;-75,160299;-341,0843097;168,7408662;29,99245087;3,975223601;3,316608257;3,027571183;11350605,49;3422353,385;30002288,88;12288,28415;22949,355;3639,093597;5639,093597;8760000;0;5277864,029;7639417,954;7090791,516;15739547,06;14586490,47;1153056,595
1,789193;-77,164319;-355,84511;161,9745039;31,88929638;3,708656028;3,123484287;3,214764878;10911889,59;3493499,114;31300671,07;10935,26362;23621,19962;4004,553252;6004,553252;8760000;0;5567742,285;7841480,627;7278245,356;15539032,56;14890977,56;648055,0075
7,00396;-73,912445;-357,7654009;160,9132551;32,17835205;3,671078004;3,095951194;3,243354612;10840755,27;3501591,14;31469582,75;10627,73046;23961,14561;3974,910066;5974,910066;8760000;0;5759690,225;8016251,223;7445516,372;15764065,83;15090425,08;673640,7582
3,272117;-73,37385;-348,3364398;165,6132156;30,87815643;3,846244192;3,223641522;3,114883436;11148782,68;3458443,689;30640197,15;11593,62811;23393,03956;3839,710478;5839,710478;8760000;0;5135275,315;7608490,521;7066841,892;15281219,2;14436923,94;844295,2545
1,881081;-76,27036;-342,5207147;168,6780577;30,08296352;3,961657015;3,306871438;3,036485624;11352334,25;3432953,008;30128637,22;12296,11992;22831,00865;3850,493859;5850,493859;8760000;0;5013196,557;7486193,737;6953111,087;15145695,3;14306279,21;839416,094
9,245223;-76,1291;-354,5487367;161,8887057;31,82464029;3,717164841;3,129707971;3,208372051;10901372,33;3483191,542;31186640,13;10906,65604;23723,47382;3831,788986;5831,788986;8760000;0;5634275,57;7911798,248;7343269,298;16248653,28;14962804,52;1285848,76
7,323175;-73,015566;-343,7899682;170,5773634;29,89519403;3,989902403;3,327132289;3,017994691;11490741,4;3453647,287;30240282,67;12012,24324;23834,4389;4265,586072;6265,586072;8760000;0;5553055,193;7960173,851;7391807,565;15893217,64;14881421,48;1011796,161
8,434526;-76,787271;-352,5094636;164,0377066;31,37251276;3,77775039;3,173909267;3,16369081;11046279,53;3480338,787;31007262,6;11232,18293;23652,70269;3910,374658;5910,374658;8760000;0;5583819,05;7881357,553;7315192,811;15685206,56;14909983,79;775222,7719
4,631756;-75,093772;-333,9597691;172,0443095;29,12053478;4,110702306;3,413306492;2,941800745;11565105,05;3388241,013;29375603,57;13343,10097;21781,70102;3488,017429;5488,017429;8760000;0;5085692,558;7255033,318;6738578,127;15820263,68;14362147,75;1458115,928
7,888859;-75,671761;-354,6219222;162,9582508;31,66594034;3,738212901;3,145086493;3,192684082;10976052,5;3489904,816;31193077,64;11003,11228;23791,22331;3959,651425;5959,651425;8760000;0;5650972,066;7934848,632;7364583,665;15528175,22;14981237,03;546938,185
5,229181;-72,760991;-336,4029757;174,5966025;28,94373572;4,139276682;3,433577717;2,924432883;11746364,59;3421027,733;29590511,7;12791,01678;23557,9572;3869,7976;5869,7976;8760000;0;4988400,974;7614170,007;7072753,991;14992103,9;14289816,99;702286,9117
4,967122;-73,489698;-347,8603589;163,868423;31,10200143;3,814931735;3,200937399;3,136977182;11026873,4;3444888,801;30598320,35;11292,06016;23589,18603;3622,316754;5622,316754;8760000;0;4922224,986;7542496,171;7006395,748;15315075,66;14218325,41;1096750,249
7,112803;-75,55036;-345,8365604;169,0166879;30,24254225;3,937957153;3,28983838;3,052206955;11381104,76;3459472,303;30420304;11827,89103;23837,2694;4053,514628;6053,514628;8760000;0;5477955,265;7933384,462;7363054,159;15421447,98;14808285,57;613162,4086
3,382732;-74,044328;-346,3561422;165,6452806;30,74671992;3,864865287;3,237118373;3,101915477;11148704,71;3444021,327;30466007,19;11652,01528;23309,99462;3763,086758;5763,086758;8760000;0;4995384,839;7548358,565;7011174,395;15055234,53;14292569,01;762665,5234
4,804985;-75,719711;-348,4084517;167,085392;30,6623749;3,876907824;3,245824144;3,09359569;11256003,62;3467841,486;30646531,43;11666,03615;23552,07034;4171,333124;6171,333124;8760000;0;5576518,948;7873783,561;7308412,365;15616227,16;14901890,14;714337,0116
3,624324;-75,093182;-356,3045034;161,6647375;31,96555944;3,698668637;3,116174099;3,222306349;10891519,29;3495157,506;31341080,01;10735,44524;23948,07647;4005,408068;6005,408068;8760000;0;5619726,862;7966072,583;7393421,836;15571449,85;14952377,61;619072,239
3,914146;-75,480074;-352,2482017;164,0117797;31,35787079;3,779744746;3,175360912;3,1622445;11044940,69;3478326,085;30984281,61;11283,96679;23529,78135;3926,339359;5926,339359;8760000;0;5576412,497;7885410,951;7319264,689;15776565,33;14902558,76;874006,5718
6,632282;-76,064304;-347,3340943;168,061272;30,46196387;3,905818032;3,266692147;3,073833447;11320169;3465330,828;30552029,33;11700,33308;23783,43688;4143,844902;6143,844902;8760000;0;5653507,417;7995266,278;7420998,032;15830999,95;14987775,66;843224,2916
5,876497;-73,783396;-352,2843577;166,9708013;30,92897083;3,839092045;3,21846027;3,119897945;11250437,24;3495596,123;30987461,95;11407,85104;24035,76577;4234,390595;6234,390595;8760000;0;5854752,467;8045243,732;7472434,266;16124881,09;15187561,93;937319,1551
5,306131;-73,711512;-347,6997225;167,4215247;30,60126872;3,885678276;3,252159573;3,087569155;11263106,77;3463270,026;30584190,54;11984,88449;23191,6425;3638,888152;5638,888152;8760000;0;5393943,473;7630759,959;7086968,839;15886617,57;14697734,59;1188882,972
10,493357;-75,125534;-354,3646187;163,2586652;31,60100788;3,746892182;3,15142092;3,186266715;10997973,37;3489845,897;31170444,84;10928,96175;24011,50018;4025,136612;6025,136612;8760000;0;5807981,216;8067299,028;7492841,167;16487890,71;15142439,08;1345451,633
8,094129;-74,77647;-355,5204909;163,8367349;31,59375105;3,747864627;3,152130388;3,185549563;11037207,45;3501507,264;31272117,09;10927,62519;24177,23944;4051,71883;6051,71883;8760000;0;5779765,127;8067816,971;7487601,893;15796211,13;15119980,21;676230,929
4,562273;-74,695474;-357,5896163;161,4321527;32,09730752;3,681538529;3,10362324;3,235337154;10871560,57;3502860,923;31454120,47;10780,85012;23844,8691;3847,533104;5847,533104;8760000;0;5698734,135;7944868,053;7379299,584;15598889,66;15024302,6;574587,0521
5,460834;-74,668819;-359,6114107;162,3430076;32,08133698;3,683606761;3,105139436;3,233757385;10940216,15;3523260,831;31631960,55;10530,41054;24536,27604;4123,296209;6123,296209;8760000;0;5904848,076;8201900,849;7611744,626;15824929,31;15255004,3;569925,0131
8,959399;-73,625825;-355,2509546;162,9185141;31,7214025;3,73083059;3,139695426;3,198166134;10970057,6;3493987,828;31248408,28;11024,04434;23781,93768;3840,906161;5840,906161;8760000;0;5799632,547;7991198,781;7422157,233;16216993,19;15128674,1;1088319,094
9,796713;-74,784549;-359,8511984;161,8663656;32,17639389;3,671330059;3,096136128;3,243160884;10904833,37;3522078,138;31653052,64;10485,06207;24540,56901;3991,164468;5991,164468;8760000;0;5998398,181;8234036,272;7641584,368;16430733,95;15350850,08;1079883,869
6,588164;-76,896004;-336,1635401;171,868998;29,2518331;4,089729033;3,398400274;2,954704206;11570689,37;3404745,892;29569450,59;12757,43306;22727,88445;4080,192598;6080,192598;8760000;0;5121008,288;7586127,59;7046061,744;15100615,03;14421074,13;679540,8988
9,331395;-75,305949;-355,1810296;162,6027277;31,7606785;3,725619986;3,13588851;3,202048654;10949938,64;3491813,757;31242257,56;10983,14261;23761,17343;3871,58804;5871,58804;8760000;0;5781375,291;7991331,098;7416857,088;16250804,98;15115849,3;1134955,68
8,276884;-76,380567;-347,2088009;168,1179285;30,46489488;3,905392188;3,266385089;3,074122404;11314627,75;3463960,141;30541008,33;11962,22931;23376,20463;3822,017003;5822,017003;8760000;0;5487394,158;7739103,069;7183252,713;15370861,76;14803244,51;567617,2485
6,062391;-75,791887;-351,7848288;164,1779126;31,28555803;3,789624623;3,182549074;3,155102199;11064309,6;3476555,849;30943522,63;11035,49766;23989,49182;4212,80127;6212,80127;8760000;0;5679418,836;8075700,366;7495510,289;15637132,44;15019608,91;617523,5296
9,975098;-73,888761;-362,1629478;161,9555035;32,31942606;3,653007689;3,082683878;3,257313425;10910871,81;3539406,646;31856397,59;10370,78023;24807,97204;3990,162659;5990,162659;8760000;0;6183755,018;8357440,898;7759245,863;16552172,81;15541950,05;1010222,762
7,074703;-75,148355;-341,882208;171,4256419;29,69582208;4,020326085;3,348908226;2,998370485;11530441,78;3443045,018;30072473,21;12656,51164;22959,22527;3692,898935;5692,898935;8760000;0;5461481,459;7659192,098;7113935,474;15873727,29;14766738,08;1106989,203
1,151172;-76,654238;-331,5532022;168,5763336;29,39174462;4,067608043;3,382653194;2,968459078;11338563,97;3351973,532;29163918,33;12782,86446;21867,41541;3620,625503;5620,625503;8760000;0;4096842,399;7033940,79;6529938,239;13982883,98;13360844,95;622039,033
8,914947;-74,462279;-360,2344581;161,5445593;32,25407601;3,661356718;3,088815987;3,250846805;10881774,55;3522959,8;31686764,73;10485,83721;24465,31622;3932,886694;5932,886694;8760000;0;6006882,181;8212794,72;7621852,412;16281327,98;15357824,49;923503,491
1,360545;-77,281869;-357,262229;161,132998;32,11793999;3,678869931;3,10166658;3,237378139;10852394,84;3498891,503;31425323;10767,84372;23772,1544;3873,858749;5873,858749;8760000;0;5571117,094;7852775,318;7289065,36;15588970,23;14894827,05;694143,1771
5,22401;-73,077747;-337,9226627;171,2282064;29,47009253;4,055322189;3,373896201;2,976163754;11514882,12;3412933,129;29724185,66;12789,79617;22651,49503;3612,162558;5612,162558;8760000;0;4866890,221;7357165,951;6833928,158;14964996,45;14150128,02;814868,4353
6,339565;-73,616716;-359,174187;164,9975747;31,66775549;3,737970843;3,144909772;3,192863488;11116107,12;3534634,673;31593501,7;10740,2177;24899,85102;4101,517675;6101,517675;8760000;0;6037876,232;8286118,267;7696284,011;16001283,27;15387710,49;613572,7793
1,960982;-72,655197;-347,3688871;166,9166586;30,64011077;3,880098869;3,248129707;3,091399818;11233320,6;3458396,56;30555089,76;11781,91373;23416,55289;3767,246771;5767,246771;8760000;0;5131465,648;7598893,073;7053261,485;15243368,11;14437097,24;806270,8775
2,196493;-75,627057;-344,8946322;168,4137839;30,27391667;3,933330087;3,286509419;3,055298587;11334330,92;3448744,389;30337450,58;12120,40029;23129,75787;3828,700498;5828,700498;8760000;0;5195938,476;7626231,869;7083554,965;15219799,96;14498615,38;721184,5796
10,608774;-72,977583;-358,9826837;166,112116;31,48451907;3,762562069;3,162847001;3,174756028;11196016,09;3539853,835;31576656,77;10653,57548;25337,69453;4301,589896;6301,589896;8760000;0;6228092,212;8473741,545;7870288,308;16771826,93;15591545,45;1180281,479
6,131132;-72,708458;-349,5546608;166,1743959;30,89075679;3,844468259;3,222355234;3,116126824;11181685,25;3470034,941;30747353,7;11419,55534;23992,71895;3673,235092;5673,235092;8760000;0;5529562,903;7937259,705;7372380,689;16297340,75;14854441,92;1442898,828
7,539633;-72,772816;-339,2151874;173,2786041;29,27877434;4,085451243;3,395357094;2,957352438;11661185,09;3434450,271;29837878,07;12490,76654;23762,69742;3949,352104;5949,352104;8760000;0;5341116,659;7821615,509;7260030,748;15390095,79;14662701,42;727394,3721
7,3719;-76,71727;-342,221575;170,9304545;29,75960484;4,010543908;3,341911933;3,004647574;11508556,39;3443704,268;30102324,45;12325,25575;23357,04349;4075,118557;6075,118557;8760000;0;5415329,813;7767937,196;7210215,682;15384476,66;14733051,33;651425,3332
6,753518;-72,973536;-351,5564309;168,1828516;30,71857816;3,868875152;3,240018042;3,099139403;11329944,84;3496877,083;30923432,41;11418,56032;24393,29681;4192,285264;6192,285264;8760000;0;5812687,805;8144949,342;7559497,136;16062365,49;15158140,01;904225,4762
8,666258;-73,821638;-359,7309177;160,9635307;32,30706355;3,654584242;3,0838421;3,256090051;10843069,33;3516090,961;31642472,56;10478,48288;24306,92062;3931,869158;5931,869158;8760000;0;5899442,708;8150201,593;7563856,459;16055195,39;15245787,84;809407,546
5,764986;-73,246585;-351,5715514;166,1099831;31,02077152;3,826236759;3,209140561;3,128958483;11183403,86;3484859,467;30924762,43;11506,75182;23704,39842;3891,35214;5891,35214;8760000;0;5605467,758;7839189,886;7281082,602;16284744,11;14923575,04;1361169,065
6,409829;-74,757421;-353,3284755;162,7615731;31,61133353;3,745509354;3,150411959;3,187287159;10961066,86;3479248,746;31079304,12;10888,50628;24001,56796;3887,415344;5887,415344;8760000;0;5700223,531;8071040,432;7491173,34;15796255,49;15040090,62;756164,8675
6,650785;-74,056129;-359,3943793;161,097521;32,26144426;3,660413491;3,088123406;3,25157588;10853127,94;3514473,52;31612870,14;10541,80414;24196,99565;3975,094584;5975,094584;8760000;0;5848502,052;8100266,051;7523379,359;15763440,14;15185388,74;578051,3911
9,668461;-73,742012;-362,3586723;160,8438081;32,5067866;3,62927639;3,065233205;3,27585763;10833964,46;3534466,626;31873613,81;10311,01122;24641,72937;3884,494103;5884,494103;8760000;0;6073211,395;8265242,745;7671323,809;16281887,88;15427130,33;854757,5489
2,115875;-76,981075;-357,0171284;163,4899614;31,74524938;3,72766521;3,137382945;3,200523416;11013628,89;3510450,934;31403763,58;10826,27848;24294,83141;4030,04393;6030,04393;8760000;0;5764996,54;8054224,71;7480976,964;15825354,79;15098244,29;727110,5022
5,731474;-75,14107;-351,9774268;162,8292408;31,50809541;3,759380274;3,160527992;3,177085477;10966635,13;3469874,389;30960463,84;11142,93339;23467,91219;3935,840619;5935,840619;8760000;0;5614974,304;7857551,121;7293149,078;16076578,58;14939376,35;1137202,236
3,462875;-73,618121;-348,8295829;164,9669242;31,00011291;3,829122339;3,211233296;3,126919366;11106037,64;3458496,04;30683574,76;11480,39715;23435,10175;3845,244211;5845,244211;8760000;0;5117615,732;7622437,072;7080005,912;15318940,27;14420046,89;898893,3784
6,594511;-75,013385;-357,2842805;161,0545312;32,12869764;3,677480041;3,100647337;3,238442329;10848267,16;3498710,424;31427262,67;10743,25199;23785,33919;3912,011569;5912,011569;8760000;0;5797536,21;7989989,664;7415649,815;16128834,54;15131876,06;996958,4823
6,462864;-72,411763;-361,8428996;164,8217846;31,86734078;3,711541128;3,125595004;3,212593944;11105924,51;3553219,305;31828245,67;10613,72311;25093,78314;4150,652541;6150,652541;8760000;0;6252852,768;8380092,326;7782701,157;16929831,92;15610243,94;1319587,98
10,641779;-74,753885;-355,1007881;163,9098617;31,55715657;3,752775974;3,155712788;3,181933293;11041135,48;3498777,05;31235199,4;10947,50662;24170,24597;4018,939141;6018,939141;8760000;0;5882831,171;8130480,004;7545719,498;16570088;15227591,68;1342496,325
6,796695;-71,76877;-344,4820627;168,0663147;30,2818607;3,932160195;3,285667554;3,056081426;11316789,62;3444289,307;30301160,34;11887,41534;23440,70087;4018,866755;6018,866755;8760000;0;5056654,136;7554070,98;7016656,888;14990806,99;14354068,23;636738,7596
4,374832;-73,212825;-349,6510689;163,5552589;31,25474635;3,793849696;3,185621442;3,152059265;11011616,27;3456661,901;30755833,9;11252,5356;23500,54229;3820,445376;5820,445376;8760000;0;5089960,357;7611336,927;7070080,223;15170153,13;14391217,06;778936,0677
2,935432;-75,277327;-349,3971169;165,809316;30,92281601;3,839956955;3,219086985;3,119290541;11161193,13;3467192,151;30733495,9;11598,91833;23449,70616;3816,857541;5816,857541;8760000;0;5381992,434;7783028,482;7229059,272;15470107,19;14695961,64;774145,5489
7,977278;-75,197996;-356,7222511;162,8316933;31,82568808;3,717026647;3,129606921;3,208475644;10967723,85;3504505,237;31377825,73;10839,70027;24098,10974;3956,415296;5956,415296;8760000;0;5825695,791;8066710,183;7486618,87;15935194,05;15165787,1;769406,9436
3,531544;-76,298846;-352,9948846;163,9711659;31,40153294;3,773803681;3,171035919;3,166557503;11047913,66;3484007,731;31049960,96;11195,14508;23626,15001;4125,423633;6125,423633;8760000;0;5591165,472;7886488,685;7319928,378;15712942,52;14917725,78;795216,7461
3,258751;-76,538472;-355,985628;162,1040153;31,87574677;3,71043601;3,124786561;3,213425104;10922337,37;3495386,694;31313031,25;10766,42735;23992,14848;4062,776339;6062,776339;8760000;0;5647805,467;7987547,261;7413712,149;15709599,91;14981640,58;727959,328
8,081616;-73,221722;-356,9732383;165,3524254;31,45535371;3,766505442;3,165720316;3,171874511;11147049,89;3521173,311;31399902,93;10811,37022;24752,8976;4365,734786;6365,734786;8760000;0;6025581,679;8248463,37;7659971,287;16216005,55;15374073,76;841931,785
5,459272;-74,33806;-351,7570168;165,747175;31,0780743;3,818254958;3,203349513;3,134615046;11161827,82;3484423,967;30941076,25;11387,79445;23811,42754;3978,592084;5978,592084;8760000;0;5579030,081;7882258,54;7316250,914;15446451,08;14905037,71;541413,3703
9,144354;-74,223689;-359,6376836;160,5671737;32,36671378;3,646989516;3,078261357;3,26199319;10813935,71;3513001,157;31634271,55;10505,95441;24168,33567;3835,00708;5835,00708;8760000;0;5910754,227;8118604,817;7534562,276;16276577,85;15254796,77;1021781,082
11,378535;-72,242738;-360,1057395;163,5001577;31,94675702;3,7011261;3,117973321;3,220446922;11016281,57;3533154,533;31675442,45;10577,0769;24798,17212;4090,280881;6090,280881;8760000;0;6205889,061;8342697,87;7746197,256;16648086,35;15562389,67;1085696,674
0,87654;-75,619902;-342,6020405;166,9716829;30,31865057;3,926751105;3,281774176;3,05970705;11236718,27;3423976,688;30135790,76;11982,55547;23011,69637;3766,00569;5766,00569;8760000;0;4693837,187;7390006,04;6863411,915;14723415,25;13980431,31;742983,9348
2,624006;-72,760209;-347,266754;167,1442479;30,59852227;3,886073379;3,252444883;3,087298308;11250431,88;3459069,189;30546105,98;11824,48666;23367,14407;3838,931514;5838,931514;8760000;0;5221786,152;7617349,56;7075533,663;15281105,74;14523602,05;757503,6899
5,527172;-75,459621;-344,7547435;169,2918617;30,1518326;3,95139486;3,299499717;3,04326972;11391337,71;3452443,911;30325145,76;12155,42819;23339,31738;3778,141361;5778,141361;8760000;0;5481372,541;7763770,657;7206586,662;15513145,22;14798556,54;714588,6823
6,394348;-75,257587;-351,0667044;165,4591508;31,08577597;3,817184661;3,202572718;3,135375358;11136247,51;3477281,703;30880355,33;11585,61117;23395,76458;3758,048752;5758,048752;8760000;0;5691638,209;7852252,612;7288075,436;16416704,44;15015815,38;1400889,057
3,197911;-75,644163;-348,5125755;167,3357446;30,6510483;3,878530587;3,246996675;3,092478554;11264929,53;3469338,177;30655690,31;11645,91754;23778,38582;3893,998866;5893,998866;8760000;0;5455253,979;7887483,211;7324576,15;15721362,13;14778161,04;943201,0855
7,577861;-72,476708;-338,6181792;173,3363226;29,24666925;4,090549958;3,398984161;2,954196639;11657963,89;3429837,664;29785364,33;13004,83486;22789,96917;3718,22589;5718,22589;8760000;1000;5412185,106;7564445,115;7026032,912;15572387,22;14709597,31;862789,9058
5,516221;-76,974373;-329,3326528;173,0300254;28,67530466;4,183406905;3,464800265;2,898079778;11646093,61;3361259,731;28968595,46;13115,23916;22344,64474;4027,145142;6027,145142;8760000;0;4868701,039;7439570,554;6909582,872;14912096,44;14158688,72;753407,7157
4,794984;-75,992003;-356,0978764;163,251479;31,71035227;3,732299157;3,140768109;3,197073848;11001286,7;3502737,648;31322904,78;10770,05924;24292,8151;4154,011847;6154,011847;8760000;0;5804757,492;8127053,832;7548430,553;15758281,1;15143380,77;614900,3266
8,988271;-73,949274;-360,1680586;160,286073;32,4427592;3,637352095;3,071175077;3,269519754;10796456,61;3515415,546;31680924,13;10397,73704;24295,95648;3874,721425;5874,721425;8760000;0;5876380,435;8129420,964;7544586,494;16045598,56;15221214,9;824383,6509
8,875794;-75,620807;-354,0212379;163,2638513;31,58611436;3,748888508;3,152877328;3,184794883;10994186,71;3487032,815;31140240,54;11108,22646;23691,21668;3884,951104;5884,951104;8760000;0;5692943,058;7928551,041;7358743,277;15930385,32;15022750,82;907634,4946
4,152334;-74,717633;-352,2380417;163,3762231;31,45468949;3,766595344;3,165785813;3,171808889;10999494,29;3474490,993;30983387,92;11203,43822;23553,69604;3811,223405;5811,223405;8760000;0;5405040,605;7779385,403;7225775,074;15434803,18;14718650,93;716152,2501
7,391919;-73,49906;-356,0627861;162,0735861;31,89203564;3,708296381;3,12322114;3,215035738;10917324,06;3495533,479;31319818,19;10851,40026;23844,8984;3959,589021;5959,589021;8760000;0;5735983,865;7987348,765;7418645,829;15805730,75;15064686,8;741043,9489
5,562687;-72,57777;-343,0168296;168,0850623;30,19603935;3,944834922;3,294784507;3,047624984;11311644,61;3433197,097;30172276,24;11766,47723;23792,22682;3785,576855;5785,576855;8760000;0;4904525,707;7594412,634;7054097,692;15266275,86;14204840,65;1061435,215
4,872014;-74,143724;-350,2458789;165,9349557;30,97357043;3,832836024;3,213925946;3,124299611;11163868,26;3473592,25;30808154,28;11746,96055;23253,55267;3619,745928;5619,745928;8760000;0;5426637,863;7642042,467;7098306,185;15804731,93;14730374,15;1074357,786
3,590591;-75,382545;-355,3437696;161,4200646;31,93948048;3,702077997;3,118670161;3,219727341;10873879,04;3486703,781;31256572,42;10802,93786;23750,63685;3959,980818;5959,980818;8760000;0;5508597,102;7899334,373;7337044,043;15473386,03;14830887,43;642498,5994
9,80186;-74,391841;-359,5660526;161,4311143;32,23143261;3,664258338;3,090946251;3,248606339;10871649,51;3517256,084;31627970,78;10528,51194;24376,9552;3842,7977;5842,7977;8760000;0;5979388,777;8193295,456;7604644,811;16370696,88;15328039,42;1042657,458
4,872171;-74,539609;-340,0944084;173,4616319;29,32112686;4,078744002;3,390583683;2,961515928;11668562,35;3441461,248;29915215,67;12456,81026;23956,98477;3776,222916;5776,222916;8760000;0;5459414,882;7971106,78;7403699,364;15393362,51;14786822,3;606540,2139
5,518602;-72,88399;-357,0241898;161,2307728;32,10535282;3,680497502;3,102859988;3,236132994;10850778,64;3497024,9;31404384,71;10896,79243;23642,26726;3588,964839;5588,964839;8760000;0;5526153,913;7745486,091;7194453,781;16529668,08;14837186,22;1692481,854
4,308979;-74,302276;-332,7554705;172,9709512;28,93297682;4,141028022;3,434818755;2,923376253;11624870,2;3384420,266;29269671,66;13584,32627;21575,62999;3428,975994;5428,975994;8760000;0;4936364,168;7163868,735;6653643,384;14925523,1;14206589,52;718933,5852
9,186625;-75,553962;-353,9437044;163,3116996;31,57545904;3,750318025;3,153920091;3,183741912;10996698,3;3486676,256;31133420,58;11122,30346;23685,1996;3861,453925;5861,453925;8760000;0;5724056,997;7953292,652;7381587,113;15976378,11;15055762,54;920615,5715
9,432263;-74,704667;-359,5468934;160,8167126;32,31608144;3,653434086;3,082997146;3,256982445;10833535,86;3513962,337;31626285,51;10453,11302;24313,24675;3939,45882;5939,45882;8760000;0;5913792,354;8146156,537;7560228,256;16308596,76;15259720,63;1048876,125
1,513762;-77,0475;-335,1225088;172,2295209;29,16161129;4,104118375;3,408629628;2,945837089;11583221,04;3398204,646;29477879,9;12830,49154;22842,14516;3673,506544;5673,506544;8760000;225,3119421;5108619,066;7589506,139;7049289,97;15199812,45;14408609,92;791202,5259
3,934916;-75,222601;-357,8824588;162,3713781;31,95934411;3,699480622;3,116768627;3,22169169;10942566,93;3510869,185;31479879,34;10671,27041;24239,87421;4145,584631;6145,584631;8760000;0;5786166,142;8101839,363;7519245,426;15751052,31;15128760,08;622292,2268
8,541163;-74,628077;-356,8740551;162,3748202;31,9028489;3,706877336;3,122182784;3,216104974;10937293,18;3503091,887;31391178,63;10773,1756;24102,19565;3953,256835;5953,256835;8760000;0;5823017,688;8066716,52;7486569,805;15933036,53;15163164,4;769872,1261
6,85009;-75,683352;-341,9641941;169,6410833;29,92066426;3,986048019;3,324369981;3,020502423;11416626,2;3434222,506;30079684,83;12430,4607;22832,78224;3862,205264;5862,205264;8760000;0;5391324,266;7579504,259;7040017,982;15449254,01;14690810,54;758443,4694
1,912495;-67,067848;-353,2853074;166,4364949;31,08565693;3,817201199;3,202584721;3,135363606;11206681,35;3499261,48;31075506,99;11222,76951;24382,4049;3934,600519;5934,600519;8760000;0;5559957,531;7929817,741;7365825,369;15579154,6;14883949,9;695204,6996
4,896954;-76,234227;-343,8296;169,0243641;30,10971047;3,957665292;3,304004689;3,039120258;11382118,33;3444946,18;30243768,74;12118,34239;23217,16004;4083,407881;6083,407881;8760000;0;5426309,144;7728568,312;7173339,272;15430776,16;14741538,18;689237,9756
10,83254;-75,041032;-352,2290949;164,5733024;31,27812705;3,790642759;3,183289525;3,154368304;11081782;3481235,97;30982600,95;11274,02351;23726,90249;3906,460917;5906,460917;8760000;0;5759153,516;7960523,011;7388344,367;16882675,46;15091332,16;1791343,3
6,186025;-74,583012;-359,8055051;163,2634658;31,96273123;3,699038078;3,116444604;3,222026655;10999824,52;3529606,945;31649033,38;10585,89414;24718,29535;4065,717345;6065,717345;8760000;0;6002432,838;8273317,996;7678022,566;15893385,18;15357728,27;535656,9092
5,340456;-75,730431;-347,5548748;165,7584057;30,81536491;3,855118175;3,23006631;3,108687754;11154026,7;3453188,148;30571449,52;11789,97202;23082,64009;3689,840498;5689,840498;8760000;0;5582363,713;7749353,373;7192710,026;16007839,23;14899007,06;1108832,17
7,113351;-73,219524;-354,8101051;164,6507107;31,4421095;3,768298828;3,167026779;3,170566049;11085699,19;3500349,053;31209630,49;11247,77692;23823,07254;3861,216554;5861,216554;8760000;0;5802086,235;7970725,105;7402548,712;15878253,85;15130262,63;747991,2238
2,341507;-76,496698;-337,2959722;170,3695564;29,53449093;4,045277783;3,366730914;2,982497811;11459689,93;3403803,341;29669061,01;12447,73943;23090,93761;3668,700538;5668,700538;8760000;0;5152467,105;7700922,332;7148288,208;15270686,33;14465101,23;805585,0994
5,080228;-75,177151;-350,9982029;163,3071365;31,38840221;3,775588446;3,172335397;3,165260392;10991526,65;3464805,978;30874329,83;11345,97865;23278,22432;3696,815881;5696,815881;8760000;0;5543432,976;7790107,222;7230949,372;15909190,57;14862590,83;1046599,749
5,335321;-76,726844;-332,3967932;173,9629165;28,75696637;4,16988515;3,455244354;2,90609478;11709048,36;3388775,772;29238121,86;13207,74189;22416,63405;4061,032753;6061,032753;8760000;0;5004673,18;7464277,309;6932932,744;14986309,62;14296017,75;690291,8759
8,930108;-75,031089;-357,4227977;161,0703035;32,13553256;3,676597504;3,100000094;3,239118477;10849425,82;3499814,674;31439446,86;10640,10897;24007,07041;3911,644542;5911,644542;8760000;0;5806596,327;8059307,347;7479802,92;16122647,49;15146100,75;976546,7362
3,933664;-76,484132;-342,5699641;169,2270199;30,02231859;3,970736838;3,313389165;3,030512591;11384799,74;3435998,362;30132969,27;12414,64929;22801,82413;3709,497207;5709,497207;8760000;0;5451985,764;7638317,345;7094464,656;15728681,56;14755838,45;972843,111
5,751891;-73,549092;-357,1652721;165,3329961;31,48982216;3,76184592;3,162325093;3,175279988;11136844,61;3521726,668;31416794,52;10997,33478;24478,0823;4055,13253;6055,13253;8760000;0;5921555,636;8105684,651;7528798,594;16321241,32;15258441,69;1062799,631
10,040454;-73,238389;-359,7116787;163,9113088;31,86330453;3,712071995;3,125983333;3,212194856;11042362,05;3532444,314;31640780,27;10625,77604;24836,45881;4046,06657;6046,06657;8760000;0;6107745,83;8307687,7;7716207,008;16427885,42;15459226,52;968658,901
1,033473;-75,919205;-342,0133781;167,7050752;30,17404915;3,948095438;3,297128417;3,045458445;11289588,4;3424066,938;30084011,13;12042,27114;23048,4575;3912,755132;5912,755132;8760000;0;4744331,354;7426852,809;6893910,355;14796233,79;14037273,81;758959,979
6,840405;-72,694851;-343,916339;170,9027853;29,88322482;3,991716202;3,328431905;3,016816288;11501162,31;3455429,656;30251398,43;12038,27202;24034,63758;3865,04613;5865,04613;8760000;0;5594695,138;8027535,141;7450781,332;16298788,64;14931448,95;1367339,694
1,09482;-77,393735;-343,5308713;170,7301056;29,8863005;3,991249965;3,328097855;3,017119093;11486680,32;3451425,054;30217492,12;12550,53904;22939,40661;3779,523227;5779,523227;8760000;0;5391166,72;7606805,641;7060731,095;15390767,44;14697241,27;693526,172
1,415812;-75,872405;-342,1764487;167,2284491;30,25189071;3,936577341;3,288845788;3,053128128;11255986,38;3422473,144;30098355,07;12008,76802;23002,6951;3844,667394;5844,667394;8760000;0;4728878,388;7404539,388;6877566,594;14719234,62;14015851,18;703383,4416
6,898393;-76,173284;-350,9637948;168,1168666;30,66938831;3,875903675;3,245098524;3,094287433;11335093,39;3492988,981;30871303,25;10909,89862;25317,33576;4512,118488;6512,118488;8760000;0;5842133,485;8472762,728;7863279,583;15973773,89;15211616,63;762157,2595
4,458181;-73,676699;-325,6439042;172,9845466;28,47681695;4,216631101;3,488239347;2,878606249;11625168,42;3332675,103;28644127,59;13540,8621;21680,30645;3405,512149;5405,512149;8760000;0;4225416,385;7083032,088;6575950,872;14307395,4;13492497,6;814897,8027
6,344348;-73,373656;-362,0662039;166,6806078;31,60081906;3,746917478;3,151439376;3,186248055;11237086,9;3565699,847;31847887,85;10370,34163;26063,09221;4404,942442;6404,942442;8760000;0;6362204,188;8675386,764;8057426,851;16455417,51;15740164,1;715253,4067
2,347457;-78,325814;-331,7365088;173,6313785;28,775148;4,166886151;3,453123644;2,907879537;11675746,91;3381213,103;29180042,25;13477,08895;21904,03953;3671,15903;5671,15903;8760000;0;4992242,862;7317439,103;6796485,188;15153773,58;14273196,78;880576,808
4,527048;-73,922894;-335,952847;169,9909631;29,50128787;4,0504505;3,370421596;2,979231914;11431409,59;3391685,362;29550917,7;12586,89953;22725,67288;3564,668283;5564,668283;8760000;0;4663495,621;7421426,078;6892981,712;14900162,72;13951939,99;948222,7371
5,317437;-74,911239;-355,9396531;161,5510966;31,95951206;3,699458676;3,116752559;3,221708298;10883088,35;3491803,775;31308987,23;10847,49361;23688,7323;3979,138478;5979,138478;8760000;0;5710434,061;7971400,94;7398336,082;15752072,86;15043498,92;708573,9421
10,994766;-74,28253;-359,224702;164,6203024;31,71390483;3,731826901;3,140423172;3,197425007;11096239,99;3533358,208;31597945,07;10492,80331;25237,21729;4278,893502;6278,893502;8760000;0;6114321,162;8420181,43;7814057,922;16799743,03;15480444,67;1319298,359
9,005372;-76,260411;-354,5892179;162,1766936;31,78296045;3,72267025;3,133732754;3,204251406;10921547,18;3485155,896;31190200,91;10945,39879;23713,72934;3869,11105;5869,11105;8760000;0;5665762,812;7917943,032;7348960,216;16198512,69;14994745,63;1203767,062
4,956063;-76,609467;-333,3368106;173,7253822;28,84532054;4,155350653;3,444962038;2,914768717;11693283,07;3394314,057;29320807,2;13120,92389;22528,63134;4059,242652;6059,242652;8760000;0;5047085,998;7493787,304;6960362,315;14997705,42;14340510,99;657194,4282
2,571337;-77,88797;-329,9447342;174,3375422;28,56819932;4,201271435;3,477410554;2,887570342;11727363,02;3372441,313;29022435,07;13444,68812;22119,95728;3834,077367;5834,077367;8760000;0;4872429,062;7353282,017;6826370,834;14822484,97;14159340,24;663144,7206
3,391548;-74,9329;-350,6775337;165,5152019;31,04658928;3,822636526;3,206528903;3,131506962;11142607,96;3474975,058;30846123,29;11613,20136;23317,25066;3853,053484;5853,053484;8760000;0;5536336,956;7783530,542;7229409,559;15505985,94;14850457,94;655527,9969
4,61035;-72,927797;-349,4587685;164,2888234;31,14025673;3,809630218;3,197088137;3,140754071;11059427,62;3459218,871;30738918,87;11348,25076;23532,20555;3787,60789;5787,60789;8760000;0;5112838,377;7613769,949;7072361,147;15290191,63;14414247,18;875944,4547
4,09349;-72,957324;-348,9240506;163,6351491;31,19418443;3,802181203;3,191677088;3,146078787;11017107,17;3451823,874;30691884,28;11247,85084;23532,01832;3826,386735;5826,386735;8760000;0;5009283,9;7579058,611;7040210,866;15223881,75;14308131,64;915750,1079
4,693579;-73,520161;-344,0268089;165,5469609;30,60948369;3,884496944;3,251306465;3,088379299;11140129,84;3426354,899;30261115,53;11411,71686;23818,071;3680,752651;5680,752651;8760000;0;4733263,355;7588776,995;7049459,935;15001475,52;14032580,42;968895,1072
9,25875;-73,813278;-359,7148541;160,4449608;32,39130791;3,643867169;3,075966087;3,264427272;10805436,93;3512859,577;31641059,59;10527,91653;24090,22735;3822,990632;5822,990632;8760000;0;5916904,319;8101594,28;7518777,417;16281024,96;15259721,18;1021303,775
1,909063;-75,157604;-342,6706536;167,5042789;30,25654743;3,935890372;3,288351567;3,053586996;11269916,14;3427223,615;30141826,07;12107,0728;22939,35899;3690,324218;5690,324218;8760000;0;4796776,665;7385889,765;6860277,405;14910986,12;14082389,03;828597,0899
10,233285;-75,191643;-353,7551692;164,4905716;31,38522151;3,776021022;3,172650328;3,164946194;11079352,51;3492144,221;31116836,74;11094,9865;24038,22002;4009,04469;6009,04469;8760000;0;5829573,289;8082980,301;7501711,043;16421377,75;15170842,55;1250535,206
1,700916;-76,573252;-320,7210034;173,5258502;28,09184554;4,282553397;3,534575688;2,840869306;11664399,36;3300084,759;28211101,83;13600,79177;21670,92503;3521,921459;5521,921459;8760000;417,5019891;3764646,952;6982928,398;6482743,193;13643140,56;13024414,66;618725,9005
1,479173;-75,436408;-342,8466156;166,4580934;30,40491793;3,914124296;3,272679514;3,068209869;11202002,5;3422884,047;30157303,96;11924,0409;22988,94019;3745,002904;5745,002904;8760000;0;4706793,262;7372372,893;6848070,508;14767439,34;13991095,65;776343,6947
6,166695;-75,582192;-351,1104357;165,3065735;31,0906872;3,816502456;3,202077558;3,135860203;11135291,82;3477520,96;30884202;11474,63878;23456,02486;4082,139669;6082,139669;8760000;0;5688977,23;7894849,877;7327966,318;15890348,29;15015860,79;874487,4978
4,53598;-75,680786;-345,8942117;167,7470778;30,42346899;3,911419358;3,270730131;3,070038548;11292347,83;3452546,488;30425375,1;11997,60048;23156,21664;3909,591592;5909,591592;8760000;0;5536127,184;7746975,196;7195412,013;15521024,6;14847690,37;673334,2291
5,08231;-75,792063;-349,5810662;165,3955419;30,97656349;3,832416898;3,213622091;3,12459502;11141242,61;3466880,143;30749676,36;11468,43296;23495,47352;4082,856841;6082,856841;8760000;0;5608144,869;7881697,554;7315809,876;15682349,24;14934032,55;748316,6901
4,857193;-73,263518;-333,1658457;173,6220262;28,86370503;4,152338732;3,442829892;2,916573836;11677170,01;3391735,977;29305768,88;12953,05641;22982,7769;3722,660323;5722,660323;8760000;0;4702195,954;7451520,785;6917259,385;14642216,57;13996457,35;645759,22
2,179383;-76,763278;-351,6649691;165,2712305;31,13822444;3,809911495;3,197292401;3,140553419;11130214,82;3481137,607;30932979,59;11445,4168;23545,54357;3983,663905;5983,663905;8760000;0;5561349,146;7833542,339;7270714,068;15531889,56;14884177,42;647712,1456
9,037163;-75,799216;-353,0113691;163,8833682;31,43001911;3,769937438;3,168220336;3,169371608;11035133,32;3483070,036;31051410,97;11181,94198;23725,0648;3877,228706;5877,228706;8760000;0;5669702,597;7916521,797;7347557,247;16015260,37;14998667,15;1016593,222
5,61379;-73,818745;-350,3810283;166,5231125;30,89905625;3,843299383;3,221508538;3,116945823;11204103,79;3477905,973;30820042,23;11759,51556;23388,25918;3658,678886;5658,678886;8760000;0;5503930,76;7698474,391;7150690,886;15828171,53;14811714,26;1016457,264
1,085044;-77,61672;-347,7789854;166,8741475;30,68649382;3,873456717;3,243330071;3,09597462;11223866,48;3460599,52;30591162,63;12171,92393;22670,4216;3546,745734;5546,745734;8760000;96,69034587;5423259,404;7524850,816;6989256,58;15463700,25;14718756,95;744943,3025
5,136907;-74,156132;-345,3650706;169,5907274;30,15599295;3,950776589;3,299055409;3,04367958;11409390,26;3458380,914;30378831,05;12227,60665;23301,9256;3715,183347;5715,183347;8760000;0;5417760,621;7693423,338;7141294,799;15561513,73;14729889,16;831624,5745
8,574281;-73,09614;-348,9150549;164,7513455;31,02701848;3,825365027;3,208508258;3,129575109;11095923,91;3458281,239;30691093,01;11242,97106;23813,99899;3986,882087;5986,882087;8760000;0;5524991,222;7882334,712;7321353,604;15846066,02;14845972,33;1000093,687
5,875527;-75,567351;-350,2598295;165,0362086;31,0938348;3,816065357;3,201760289;3,136170942;11106817,85;3468972,331;30809381,4;11620,59203;23212,62065;3714,135614;5714,135614;8760000;0;5698672,097;7834193,96;7271210,921;16137553,33;15021655,14;1115898,195
10,030958;-74,976084;-354,0076087;164,0825872;31,47036326;3,764475029;3,164240973;3,173357424;11047445,01;3491341,241;31139041,7;11141,63218;23883,57481;3841,557753;5841,557753;8760000;0;5820814,383;8043352,379;7464943,351;16369642,54;15159223,41;1210419,124
1,9934;-76,044747;-338,7979103;169,3626191;29,75745114;4,010873458;3,342147712;3,004435604;11394533,28;3409344,606;29801173,75;12711,56339;22203,54384;3746,89781;5746,89781;8760000;0;4981568,819;7345270,077;6818480,89;15035042,69;14268358,01;766684,6897
3,990413;-73,766034;-340,1495414;170,2613895;29,72121979;4,016425344;3,346118993;3,000869845;11458791,17;3424501,997;29920065,26;12404,21896;23062,2881;3892,004008;5892,004008;8760000;0;4907477,265;7486221,241;6953044,492;15003741,36;14200654,01;803087,3494
0,020698;-71,004339;-342,643495;170,7364767;29,82750421;4,000181246;3,334494932;3,011330888;11487424,54;3445026,841;30139437,17;12396,52142;23263,13687;3784,616171;5784,616171;8760000;0;5127020,551;7552611,885;7015482,651;15044153,1;14424149,79;620003,3192
9,982402;-75,300516;-351,0696741;165,8116027;31,01904766;3,826477385;3,209315089;3,128788325;11168266,26;3479953,183;30880616,55;11370,14895;23837,99319;4054,604318;6054,604318;8760000;0;5755879,111;8009603,62;7433720,488;16400541,62;15091762,24;1308779,38
9,100647;-75,198378;-355,2311675;162,4645285;31,78444277;3,722474181;3,133589443;3,204397948;10940644,03;3491409,526;31246667,77;10985,30039;23716,4619;3868,34747;5868,34747;8760000;0;5750200,975;7972099,79;7398942,461;16259090,45;15083358,3;1175732,147
7,973777;-75,416818;-356,4084467;162,135389;31,91041707;3,705884782;3,121456439;3,216853343;10919597,22;3498237,899;31350223,01;10869,56522;23850,78261;3894,565217;5894,565217;8760000;0;5755863,492;7996902,275;7427499,518;15726504,35;15085266,25;641238,0991
5,636474;-72,195323;-347,7437773;166,4119052;30,72988991;3,867262386;3,2388519;3,100255243;11201560,04;3458497,141;30588065,67;11615,4934;23591,86002;3826,331488;5826,331488;8760000;0;5150208,318;7605258,689;7063996,247;15344788,1;14451470,76;893317,3406
7,158294;-76,970798;-342,7688116;170,5200223;29,84883399;3,996936706;3,332171503;3,013430603;11480569,74;3445371,802;30150460,2;12305,78183;23284,46388;4050,752924;6050,752924;8760000;0;5430265,864;7766321,663;7213442,06;15372426,96;14743145,47;629281,4916
4,287276;-74,898464;-356,8837316;161,8752738;31,97493967;3,697443843;3,115277248;3,223234012;10904994,73;3500489,318;31392029,79;10829,73121;23819,06573;3989,924334;5989,924334;8760000;0;5719881,797;7982536,712;7408660,3;15683705,55;15053758,21;629947,3364
10,567452;-75,328469;-350,6206594;164,9852889;31,11433266;3,813221267;3,199695648;3,138194593;11108507,92;3471738,922;30841120,54;11475,20063;23434,11959;3889,582987;5889,582987;8760000;0;5697290,975;7882875,593;7316480,807;16816243,25;15023685,76;1792557,491
8,458865;-73,941099;-359,202331;162,3895698;32,05226298;3,68737778;3,107903325;3,230881573;10940865,97;3520336,646;31595977,28;10569,02459;24502,80198;4037,379146;6037,379146;8760000;0;5953165,156;8192095,604;7608749,537;16171498,59;15296511,22;874987,3658
7,865856;-72,716203;-352,9601561;164,8075524;31,28988408;3,789032146;3,182118163;3,155529452;11099235,46;3488002,296;31046906,19;11032,04987;24283,76503;3962,822953;5962,822953;8760000;319,4331641;5724762,301;8031457,796;7458131,089;15996079,57;15057769,57;938309,991
5,74615;-75,97679;-350,9633843;164,1891776;31,23687179;3,796304984;3,187406425;3,150294077;11061357,54;3470331,694;30871267,14;11267,60563;23553,04563;4090,140845;6090,140845;8760000;0;5622648,936;7900839,179;7338266,669;15688979,15;14945221,45;743757,7093
2,111325;-75,823976;-348,319423;165,697714;30,86094001;3,848673319;3,225400637;3,113184597;11156536,74;3458961,536;30638700,33;11639,65987;23291,00555;3917,603078;5917,603078;8760000;0;5250265,16;7700019,321;7146869,82;15305585,88;14563414,66;742171,2178
10,460707;-74,613312;-357,9614536;164,2705629;31,69278825;3,734635732;3,142474569;3,195337739;11066980,5;3521740,672;31486827,84;10703,18278;24770,39967;4074,217593;6074,217593;8760000;0;6051677,361;8316427,393;7717940,723;16473357,46;15410164,03;1063193,425
6,405607;-75,98293;-350,1623966;166,1515848;30,92537972;3,839596642;3,218825907;3,119543546;11184402,73;3474683,953;30800811,06;11499,20258;23757,71135;3827,795869;5827,795869;8760000;0;5756516,117;7995877,586;7421111,048;16213000,55;15091282,66;1121717,898
6,330703;-72,584905;-363,6961858;166,9047106;31,68681212;3,735431402;3,143055599;3,194747044;11247089,32;3578393,373;31991263,51;10375,60199;26188,15008;4229,511438;6229,511438;8760000;0;6348670,253;8639223,572;8022830,173;16825078,27;15725063,65;1100014,617
5,657536;-74,180965;-347,6588993;170,0179679;30,228646;3,940009952;3,291314908;3,050837693;11448133,18;3478285,578;30580599,67;11529,10472;24765,50027;4054,174988;6054,174988;8760000;0;5740295,649;8248429,902;7655596,441;15686718,94;15093129,11;593589,831
4,197494;-75,115669;-356,1244967;162,3593908;31,84870605;3,713993298;3,127388637;3,210751444;10938874,27;3497766,201;31325246,35;10893,53483;23805,98173;4051,358599;6051,358599;8760000;0;5743557,744;8003911,283;7428597,45;15760848,99;15078871,58;681977,409
8,089929;-76,728858;-353,2079988;163,4117252;31,50602712;3,759659194;3,160731301;3,176881116;11005935,03;3482084,993;31068706,81;11137,50068;23646,85353;3954,107865;5954,107865;8760000;0;5535984,359;7863249,21;7298433,713;15507422,7;14860799,86;646622,8458
10,188059;-74,061132;-358,8742939;164,1302105;31,77499445;3,723724282;3,134503126;3,203463891;11057199,05;3527576,337;31567122,65;10675,88843;24792,25904;4057,499095;6057,499095;8760000;0;6100894,036;8332264,657;7736781,421;16448332,76;15456377,27;991955,4911
4,43935;-74,523131;-347,3923075;166,9758448;30,63686679;3,880564247;3,248465901;3,091079878;11235668,3;3458761,347;30557149,85;11885,66422;23236,83767;3714,627358;5714,627358;8760000;0;5386441,223;7700664,627;7151598,933;15416460,05;14695506,92;720953,1303
4,392658;-76,070795;-358,2234671;162,9113;31,9025537;3,706916061;3,122211122;3,216075784;10978783,63;3516348,896;31509874,94;10653,33647;24436,03402;4154,432477;6154,432477;8760000;0;5889318,713;8183994,598;7595393,329;15911402,54;15237919,98;673482,5567
5,196333;-73,887813;-351,636458;165,0325009;31,18367184;3,803631068;3,192730521;3,145040747;11107730,65;3479069,273;30930471,71;11461,31805;23532,68691;3748,997135;5748,997135;8760000;0;5457359,656;7736419,758;7185961,505;15867387,97;14767817,91;1099570,057
5,172641;-72,546838;-348,820755;164,5245858;31,06355648;3,820274089;3,20481478;3,133181875;11075545,98;3455908,295;30682798,24;11354,9017;23582,91478;3802,922511;5802,922511;8760000;0;5060554,81;7589992,083;7050381,683;15106126,32;14360165,21;745961,1123
6,115208;-75,984452;-348,4801976;166,6989019;30,71531771;3,869340253;3,240354316;3,098817784;11232396,88;3466410,085;30652842,3;11251,98293;24283,56732;4230,222949;6230,222949;8760000;0;5653047,201;8176334,983;7594067,422;15788664,3;14995314,76;793349,5416
5,804659;-73,97143;-338,1021327;173,1371513;29,24438067;4,090913888;3,399242997;2,953971691;11641430,81;3424712,743;29739972,11;13055,77686;22668,20591;3603,466921;5603,466921;8760000;0;5432975,665;7575201,165;7035889,847;15636432,63;14732286,98;904145,6504
4,782682;-74,764429;-360,2364565;161,2470973;32,29421809;3,656223798;3,085046463;3,254818915;10864001,88;3521503,487;31686940,52;10423,30731;24480,07218;4002,899017;6002,899017;8760000;0;5834662,648;8138270,859;7558982,112;15741972,89;15173951,4;568021,4993
1,837538;-76,966215;-348,729681;165,7579494;30,88487597;3,845296919;3,222955444;3,115546509;11158129,15;3462079,865;30674787,23;11761,94879;23083,90295;3836,278989;5836,278989;8760000;0;5415114,09;7676981,102;7126182,083;15427404,87;14725913,11;701491,7614
5,539136;-73,632543;-360,8747051;163,2792135;32,03337807;3,689831287;3,109701155;3,229013683;11000366,36;3537435,209;31743081,82;10583,71398;24734,74411;4047,534167;6047,534167;8760000;0;6062160,474;8220705,756;7634652,751;16403738,51;15408213,48;995525,0333
3,761815;-76,330911;-354,1071366;163,8336045;31,49560166;3,761065738;3,161756488;3,175851024;11038799,33;3491350,258;31147796,32;11074,63581;23839,58441;4122,058674;6122,058674;8760000;0;5696054,352;7972284,639;7399301,053;15729167,91;15029037,94;700129,9734
4,432248;-75,19425;-352,3740231;163,4398963;31,45923989;3,765979535;3,165337166;3,172258454;11001627,72;3475657,454;30995349,05;11274,96579;23450,79156;3738,95759;5738,95759;8760000;0;5637426,235;7876604,07;7310391,922;15876730,33;14963638,38;913091,9518
9,35247;-75,955107;-355,0490544;162,0125206;31,83834573;3,715357998;3,128386703;3,209727101;10910536,89;3487592,144;31230648,82;10900,40679;23760,92989;3864,418853;5864,418853;8760000;0;5694438,399;7951908,879;7380400,034;16383990,5;15025947,24;1358043,256
3,223996;-75,239017;-357,4663966;161,4268514;32,0804628;3,683720035;3,105222469;3,233670915;10875351,21;3502277,637;31443281,88;10669,50799;24021,05091;3990,928734;5990,928734;8760000;0;5628306,02;7983626,277;7409705,889;15717851,84;14962226,41;755625,4337
7,171629;-75,764673;-354,5989234;163,6855005;31,55716478;3,752774871;3,155711983;3,181934104;11025527,21;3493831,905;31191054,63;10984,67635;24033,60852;3996,534819;5996,534819;8760000;0;5745969,519;8037196,284;7459822,363;15903125,6;15083343,44;819782,1611
6,062521;-73,637111;-361,958802;164,840428;31,86777914;3,711483483;3,125552836;3,212637287;11109279,68;3554340,71;31838440,62;10400,41602;25521,64465;4217,368695;6217,368695;8760000;0;6208567,758;8464043,857;7861619,713;16403195,01;15570991,9;832203,1056
6,997245;-73,054795;-337,4535436;175,7698183;28,85169961;4,154305092;3,444221937;2,915395049;11834138,86;3435939,691;29682921,23;13081,41505;23159,05405;4226,753563;6226,753563;8760000;1000;5628879,772;7789531,486;7234830,692;15938069,06;14942580,57;995488,4939
2,623371;-76,570682;-348,7880066;166,1122703;30,83662398;3,85210927;3,227888328;3,110785306;11183302,51;3464587,796;30679917,65;11780,00221;23129,72178;3893,535108;5893,535108;8760000;0;5535421,733;7706849,218;7158223,832;15524240,58;14844047,12;680193,459
4,215306;-73,815107;-329,1086424;176,696328;28,22613469;4,259331709;3,518279163;2,854028096;11891596,14;3379946,727;28948891,17;12900,14341;23880,31338;4068,227458;6068,227458;8760000;0;4707356,919;7787344,756;7228281,462;14819729,89;14026420,21;793309,6808
6,643366;-75,460723;-353,8792411;162,3391368;31,71963436;3,731065498;3,139867017;3,197991357;10928506,34;3480563,438;31127750,29;11137,79692;23408,91872;3739,306755;5739,306755;8760000;0;5690176,641;7861390,35;7296738,725;16178195,78;15014828,27;1163367,518
4,649251;-74,106992;-345,6846858;170,0943978;30,1092737;3,957730412;3,304051464;3,039077234;11443751,98;3463551,372;30406944,88;12407,50711;23060,23609;3752,120298;5752,120298;8760000;0;5482615,13;7641426,913;7095714,952;15844571,46;14788327,09;1056244,366
1,723725;-76,133251;-340,8037048;169,1718232;29,90924164;3,987775695;3,325608246;3,019377762;11383730,16;3423052,062;29977606,45;12444,20095;22686,11365;3803,758418;5803,758418;8760000;0;4939115,877;7447156,577;6915586,487;14947786,28;14230685,97;717100,3118
6,475246;-72,969807;-357,5011526;166,1013565;31,38951952;3,775436513;3,172224782;3,165370764;11194637,52;3528954,691;31446339,07;10985,87723;24639,72702;4291,611888;6291,611888;8760000;0;6039825,723;8200343,017;7615650,941;16251074,21;15384517,8;866556,412
6,058295;-75,185483;-353,8382345;163,0945515;31,59354391;3,747892392;3,152150644;3,185529093;10985076,96;3484946,692;31124143,29;10983,7788;23873,77077;3957,052432;5957,052432;8760000;0;5747750,276;8014357,092;7438433,365;16207332,29;15083674;1123658,283
0,687784;-76,606118;-339,0492328;168,3632518;29,89580277;3,989810198;3,327066218;3,018054624;11331977,82;3405997,079;29823280,45;12266,6852;22790,49071;3870,835535;5870,835535;8760000;0;4566346,977;7331127,554;6805320,282;14532581,15;13852154,25;680426,903
7,372802;-72,647714;-344,140368;169,8551736;30,02805167;3,969876737;3,312771951;3,031077216;11434054,57;3451506,697;30271104,36;12018,14813;23726,01051;3958,597843;5958,597843;8760000;0;5456511,092;7847612,002;7284188,849;15645291,34;14779934,24;865357,0922
6,592118;-73,246475;-362,6958331;164,1793362;32,00818296;3,693109592;3,112102855;3,22652176;11067379,76;3556238,426;31903270,98;10040,16064;26056,94779;4278,11245;6278,11245;8760000;0;6202717,516;8591245,355;7972925,045;16402032,13;15581037,83;820994,3027
8,221187;-75,480897;-355,0811803;162,8434906;31,72020211;3,730990066;3,139811917;3,198047478;10965364,67;3492363,541;31233474,67;11069,53168;23658,82722;3853,568351;5853,568351;8760000;0;5734037,913;7950424,788;7378869,637;15754409,87;15065593,06;688816,805
1,934453;-77,306135;-344,5581046;169,5661058;30,07306631;3,963136068;3,307933439;3,035510771;11424910,47;3453790,917;30307849,11;11775,644;24011,39137;4309,390056;6309,390056;8760000;0;5542649,823;8029089,537;7451933,718;15582537,78;14879805,64;702732,14
2,953017;-76,270284;-343,8858226;169,334984;30,09628119;3,959668499;3,305443445;3,037797424;11390803,53;3446074,247;30248714,16;12370,04058;22945,32916;3665,360803;5665,360803;8760000;0;5383907,529;7646862,668;7098263,271;15436720,84;14692506,93;744213,9106
6,963832;-75,418828;-351,6282316;164,646436;31,23103185;3,797107844;3,18799003;3,149717373;11085067,99;3477133,832;30929748,11;11472,97982;23349,5273;3858,103497;5858,103497;8760000;0;5675080,525;7826127,238;7263808,557;16351522,6;14997399,21;1354123,39
9,527176;-75,229037;-353,2229559;164,2965254;31,38320576;3,776295216;3,172849946;3,164747074;11063627,87;3486968,518;31070022,45;11261,62195;23666,327;3915,730012;5915,730012;8760000;0;5782789,019;7974841,749;7401503,853;16241267,93;15116126,91;1125141,015
10,610488;-74,268444;-357,1149568;164,9692492;31,53188144;3,756175512;3,15819169;3,179435755;11115570,75;3519599,77;31412368,7;10774,42584;24799,95084;4151,11971;6151,11971;8760000;0;6036303,57;8322032,795;7723034,213;16566234,61;15395302,15;1170932,456
4,575712;-75,974709;-358,1743055;163,0394686;31,87612974;3,710385678;3,12474974;3,213462971;10989315,62;3516862,64;31505550,61;10602,02553;24555,15058;4223,690098;6223,690098;8760000;0;5899143,964;8217294,608;7626214,351;15845607,13;15250224,22;595382,9089
5,49789;-76,545147;-333,3812681;172,9230771;28,94289923;4,139412795;3,433674175;2,92435073;11641310,84;3390336,486;29324717,75;12990,43029;22544,20108;4105,502236;6105,502236;8760000;0;4996773,591;7498829,664;6963628,428;15041417,88;14291974,83;749443,0527
2,486364;-75,730271;-349,8602428;165,3738359;31,00530796;3,828396299;3,210706785;3,127432137;11136364,58;3468508,751;30774233,15;11562,91286;23336,94694;3964,150454;5964,150454;8760000;0;5441671,943;7792246,816;7232424,785;15595202,37;14761493,97;833708,395
2,740968;-75,567034;-346,9928496;167,5481867;30,52005081;3,897395488;3,260617195;3,079560397;11280243,67;3459542,471;30522012,94;11896,94947;23293,84599;3946,095344;5946,095344;8760000;0;5512075,352;7808415,848;7251074,144;15684463,49;14829417,06;855046,434
5,072076;-74,603402;-348,7509926;167,5220205;30,6524962;3,878323073;3,246846743;3,092621357;11271924,07;3471652,641;30676661,84;11928,36746;23311,69702;3712,495176;5712,495176;8760000;0;5621165,102;7790407,004;7235773,822;15771990,44;14935798,28;836192,1519
9,586942;-74,827399;-359,4654534;161,8466274;32,15599297;3,673958096;3,09806413;3,241142585;10902266,03;3519057,57;31619121,93;10535,7739;24444,78711;3948,497942;5948,497942;8760000;0;5982917,735;8201677,76;7611602,827;16475505,02;15332992,67;1142512,353
1,627196;-77,458686;-346,7463864;168,1888626;30,41347172;3,91287661;3,271780386;3,069053053;11325153,33;3461465,011;30500333,66;11937,04539;23369,43892;4028,207923;6028,207923;8760000;0;5524193,548;7805943,694;7245640,61;15479135,62;14844496,63;634638,9822
10,461903;-74,879717;-356,4839125;163,8553077;31,65756315;3,739330437;3,145902336;3,191856107;11037553,39;3508549,283;31356861,1;10798,18129;24469,54845;4014,58698;6014,58698;8760000;0;5974139,993;8226752,227;7634908,291;16429635,84;15325983,93;1103651,913
5,566464;-73,184794;-355,5283479;163,9630041;31,59751865;3,747359692;3,151762008;3,185921893;11035706,27;3501440,224;31272808,21;11142,82436;23898,16246;3706,72901;5706,72901;8760000;0;5714204,615;7887822,362;7326509,24;16413002,54;15035517,74;1377484,807
5,025477;-73,994444;-345,7164051;168,8653475;30,27779089;3,932759458;3,286098798;3,055680367;11359387,23;3456800,277;30409734,96;12235,17602;23092,28045;3654,540091;5654,540091;8760000;0;5344652,778;7619755,761;7077524,243;15738659,95;14646884,3;1091775,651
1,283438;-77,47313;-347,01104;167,149172;30,57881574;3,888910654;3,254493476;3,085354958;11251838,75;3457324,108;30523612,99;11787,61897;23431,59497;3875,948588;5875,948588;8760000;0;5299897,924;7710037,336;7156814,974;15237516,74;14613120,28;624396,4569
5,018977;-72,74662;-346,6475149;167,5900077;30,49708363;3,900721462;3,263016583;3,077295909;11280377,67;3457039,639;30491636,78;11853,39585;23435,84138;3849,65085;5849,65085;8760000;0;5173843,681;7592086,045;7052193,75;15165782,27;14473735,98;692046,2973
4,208358;-76,15682;-357,6021833;162,8951721;31,8637823;3,712009149;3,125937362;3,212242096;10977387,37;3511710,602;31455225,88;10695,66275;24346,0458;4144,658248;6144,658248;8760000;0;5825368,1;8123176,745;7539014,084;15828037,48;15169530,76;658506,7212
4,92042;-75,061959;-345,5238064;169,0052657;30,24336341;3,937835913;3,289751168;3,052287869;11370398,16;3456309,482;30392793,68;12295,85179;22981,91609;3717,571084;5717,571084;8760000;0;5499975,586;7670256,751;7124203,362;15738637,42;14806028,97;932608,4491
2,384031;-75,547681;-345,2038609;167,9762504;30,35896212;3,920840888;3,277518308;3,06368009;11301905,58;3448311,96;30364650,8;12052,60722;23188,37249;3708,272266;5708,272266;8760000;0;5189217,896;7632875,844;7089759,476;15247948,64;14492334,26;755614,38
4,985227;-75,607529;-349,3708353;166,1689304;30,86237722;3,848470423;3,225253717;3,113326412;11189517,75;3469344,967;30731184,13;11633,03275;23423,82572;3974,725622;5974,725622;8760000;0;5551771;7828526,681;7265971,286;15644110,59;14874326,39;769784,1952
4,506298;-73,348449;-342,5283097;168,7084192;30,07970415;3,96214398;3,307221105;3,036164581;11354238,77;3433165,914;30129305,29;12113,72079;23228,19398;3838,813421;5838,813421;8760000;0;4948646,192;7488149,378;6955746,324;14973725,45;14241049,25;732676,2014
5,002787;-76,0032;-329,5049467;171,2314002;28,92385482;4,142514035;3,43587165;2,922480408;11516243,27;3351767,597;28983750,7;13070,42442;22041,7914;3664,721942;5664,721942;8760000;0;4972441,488;7390554,4;6860877,664;15532591,76;14262118,22;1270473,533
6,720759;-75,907;-352,8473862;164,2544924;31,34882239;3,780978243;3,176258638;3,161350736;11067971,78;3484593,995;31036986,78;11042,64029;24017,4769;4161,79328;6161,79328;8760000;0;5718679,069;8078322,406;7497522,348;15865565,33;15059479,13;806086,2049
4,717878;-74,929333;-359,1587833;162,0214566;32,10972029;3,679932611;3,102445801;3,236565029;10913693,36;3517770,836;31592146,76;10624,76496;24311,66639;3944,555998;5944,555998;8760000;0;5842862,503;8122132,748;7537840,884;15836875,16;15187154,37;649720,7977
1,29021;-75,506926;-343,9344913;165,4002076;30,62130731;3,882797908;3,250079363;3,089545349;11131390,49;3424959,592;30252995,14;11747,05221;23049,13163;3731,386775;5731,386775;8760000;0;4687594,43;7372665,037;6848554,219;14719151,58;13971705,25;747446,3277
8,248574;-73,35607;-350,900752;167,2015547;30,81401543;3,855309328;3,230204659;3,10855461;11262063,77;3486486,141;30865757,9;11557,71108;23839,89282;4107,094533;6107,094533;8760000;0;5830333,939;7997264,67;7427027,813;15970845,06;15160570,8;810274,2663
5,140065;-73,396953;-340,7493767;168,455157;30,00739384;3,972977616;3,314996977;3,029042757;11331867,86;3418364,462;29972827,67;12178,55151;23092,15353;3644,758624;5644,758624;8760000;0;4876114,663;7468839,847;6937743,737;15136861,72;14167210,77;969650,9497
8,321506;-73,145997;-342,5491946;168,3087673;30,12687662;3,955107544;3,302167336;3,040811249;11331054,42;3431399,22;30131142,36;11742,56366;23846,645;3945,847111;5945,847111;8760000;0;5293755,457;7853701,806;7294861,69;15988359,98;14612595,57;1375764,411
8,510579;-73,446687;-340,1107283;169,8642982;29,76521895;4,00968511;3,341297471;3,005200127;11434664,04;3422222,696;29916651,2;11976,15561;23817,68703;3956,9398;5956,9398;8760000;0;5531658,411;7999971,371;7427493,108;16121415,64;14864136,67;1257278,969
2,798059;-76,484319;-344,6806498;169,6537352;30,0997632;3,959148909;3,305070282;3,03814041;11415357,01;3453892,364;30318628,36;12389,11324;22953,79629;3785,096427;5785,096427;8760000;0;5440485,887;7620804,262;7078375,43;15442563,82;14742914,72;699649,1031
5,714851;-75,309596;-357,0231968;161,1206345;32,11346627;3,679448238;3,102090638;3,236935588;10847128,75;3496715,607;31404297,37;10909,66375;23530,30145;3721,027668;5721,027668;8760000;0;5781297,273;7909598,081;7341323,999;16257889,66;15109571,36;1148318,303
5,864542;-75,822956;-359,7255463;163,5385667;31,91391848;3,705425755;3,121120508;3,217199579;11019626,92;3530663,713;31642000,09;10451,82287;25064,00608;4113,271198;6113,271198;8760000;0;6110682,32;8401838,051;7797126,667;16160828,01;15475393,7;685434,3103
9,105473;-75,399633;-354,5599279;162,614597;31,71739876;3,731362554;3,140084001;3,197770372;10950549,69;3487342,913;31187624,52;10985,75616;23761,70995;3865,295214;5865,295214;8760000;0;5729845,62;7957533,174;7385491,269;16086721,78;15061887,52;1024834,259
9,451819;-75,44085;-352,8821191;163,6845097;31,45345715;3,766762151;3,165907337;3,171687139;11020180,37;3480891,636;31040041,94;11222,46702;23603,59273;3817,726902;5817,726902;8760000;0;5692255,142;7910727,946;7347469,563;16183308,06;15015513,52;1167794,537
6,218812;-73,811359;-352,9393812;164,8491612;31,28173359;3,790148552;3,182930115;3,15472449;11102426,85;3488115,18;31045078,8;11270,27304;23785,62778;3987,659334;5987,659334;8760000;0;5647987,367;7921094,356;7357228,746;15589457,54;14971852,98;617604,5638
4,813353;-74,350085;-349,7620655;167,3167123;30,75441713;3,863769939;3,23632614;3,102674807;11254573,24;3477576,967;30765597,33;11988,1675;23175,06541;3583,489014;5583,489014;8760000;0;5480368,363;7641836,272;7098047,222;15737119,23;14784157,41;952961,8166
5,829543;-72,16165;-344,3065306;168,4805655;30,22474168;3,940587087;3,291729987;3,05045299;11339707,53;3444908,171;30285720,27;12020,99869;23347,33432;3857,832659;5857,832659;8760000;0;5085621,598;7539595,368;7002942,955;15282847,39;14382274,01;900573,3817
4,79057;-73,662961;-345,0109869;166,2077966;30,58885564;3,887464641;3,253449467;3,086345027;11182076,02;3436990,842;30347685,31;11798,9507;23224,64509;3623,379905;5623,379905;8760000;0;4911929,431;7457769,189;6927604,7;15306689,08;14202093,92;1104595,157
7,741248;-73,048983;-338,9136648;171,3475091;29,5081969;4,049373078;3,369652982;2,979911473;11528509,95;3421275,13;29811355,69;12507,68254;23205,23559;3803,5647;5803,5647;8760000;1000;5277274,822;7687787,7;7136118,246;15597489,13;14587944,28;1009544,857
0,862978;-77,728947;-345,1833851;169,6021756;30,14087517;3,953024152;3,300670478;3,042190261;11411068,8;3457197,219;30362849,72;12450,4155;22820,45329;3757,072128;5757,072128;8760000;0;5348381,412;7594145,03;7048808,079;15363196,43;14653718,36;709478,0711
5,625699;-72,423775;-343,4689275;168,9820427;30,10788412;3,957937607;3,304200285;3,038940353;11371105,1;3441409,153;30212043,44;12169,8575;23210,28324;3792,852172;5792,852172;8760000;0;5063642,108;7507297,831;6973229,913;15345154,66;14357710,03;987444,6337
2,889649;-75,435296;-352,8812378;163,3706694;31,49223158;3,761520631;3,162088023;3,175518047;11002145,98;3479392,7;31039964,42;11178,91297;23561,60847;3918,116527;5918,116527;8760000;0;5461162,876;7843262,05;7284332,046;15524232,46;14780092,88;744139,5804
4,179433;-74,42296;-337,6637871;171,7894758;29,39017341;4,067855167;3,382829255;2,968304584;11548370,46;3413820,085;29701414,57;13107,03513;22202,15323;3486,604903;5486,604903;8760000;0;5022457,776;7323578,916;6798713,294;15024291,59;14307323,4;716968,1931
6,67432;-72,809175;-353,4974117;167,8695575;30,89199654;3,844293611;3,222228729;3,116249164;11307202,09;3509124,596;31094164;11377,42705;24412,90222;4123,331239;6123,331239;8760000;0;5950597,625;8161144,415;7579529,08;16398424,41;15292212,96;1106211,454
5,544452;-73,454338;-365,8474204;164,357924;32,2038828;3,667794771;3,09354195;3,24588053;11074055,5;3579733,419;32180489,34;10205,28308;25833,82022;4098,677166;6098,677166;8760000;0;6438207,236;8565830,363;7954292,772;16937416,45;15809744,83;1127671,623
1,486611;-75,724146;-341,609358;167,5616813;30,17090916;3,948561438;3,297463367;3,045149093;11277827,5;3420152,477;30048472,92;12075,9227;22965,20723;3835,085848;5835,085848;8760000;0;4706454,75;7390497,798;6865072,298;14739174,47;13991880,25;747294,2151
10,390776;-73,029472;-349,3769494;168,4722272;30,53563164;3,895142313;3,258991397;3,081096682;11349992,65;3482670,332;30731721,94;11573,51634;24140,83189;4226,551788;6226,551788;8760000;0;5862490,518;8091091,174;7509694,581;16888321,55;15203887,11;1684434,441
5,368739;-73,522368;-343,324594;164,7885728;30,67118885;3,875645964;3,244912287;3,094465025;11087499,77;3416887,359;30199347,65;11595,05772;23232,15128;3612,007937;5612,007937;8760000;0;4733916,687;7459754,913;6929048,097;15145830,8;14024623,5;1121207,298
1,745309;-77,33417;-355,0731249;162,386389;31,78077453;3,722959426;3,133944113;3,204035305;10937447,73;3489994,503;31232766,11;11061,06758;23504,36129;3943,111609;5943,111609;8760000;0;5642426,267;7862522,818;7297746,341;15595266,85;14967202,74;628064,1097
5,153946;-76,68518;-333,5750054;174,3569845;28,78362149;4,165489909;3,452136145;2,908711349;11735754,04;3399562,921;29341759,18;13100,39985;22755,66882;4073,345372;6073,345372;8760000;0;5104233,946;7564119,395;7025701,516;15168527,23;14402651,82;765875,4029
5,120918;-75,022167;-349,3258255;165,8292454;30,9167167;3,840814439;3,21970828;3,118688623;11161851,84;3466727,689;30727225;11704,7192;23240,90164;3797,347419;5797,347419;8760000;0;5590275,047;7772430,717;7213974,833;15980508,13;14908730,93;1071777,201
5,357378;-73,208474;-321,8835402;174,2957017;28,07422671;4,285618349;3,536724515;2,839143264;11716742,22;3312879,521;28313360,32;13725,87075;21621,5854;3565,840588;5565,840588;8760000;0;4058857,083;6992173,788;6494975,327;14128578,19;13316055,54;812522,6436
5,04476;-73,796099;-347,6527143;166,0183637;30,79398913;3,858148232;3,232259111;3,106578785;11167506,98;3455016,012;30580055,62;11749,12135;23300,84644;3551,459837;5551,459837;8760000;0;5213566,548;7612426,194;7066376,715;15775462,99;14519616,03;1255846,964
5,297039;-75,882886;-334,441296;173,3102381;28,98344084;4,132825915;3,42900517;2,928332588;11656154,03;3399281,556;29417959,4;13142,70823;22491,0675;3721,285505;5721,285505;8760000;0;5183774,755;7529856,731;6993737,778;15182649,75;14479893,71;702756,0419
6,876563;-72,856322;-343,8424069;173,2355898;29,56990956;4,03977407;3,362802516;2,985981941;11663218,71;3468303,195;30244895,26;12407,9579;23856,54097;4120,845632;6120,845632;8760000;0;5773151,212;8010860,796;7440433,08;16073527,99;15103578,93;969949,0616
8,689451;-73,666735;-357,936732;162,6979336;31,92673928;3,703745922;3,119891052;3,21846738;10959006,79;3512624,834;31484653,29;10755,63478;24233,45097;3959,697231;5959,697231;8760000;0;5932523,213;8137633,336;7558178,016;16250118,54;15271978,53;978140,0051
6,629016;-72,627099;-352,3905668;166,3649198;31,02680756;3,825394453;3,208529603;3,12955429;11206550,93;3492737,271;30996804,25;10964,1507;24843,84322;4089,489301;6089,489301;8760000;0;5709838,506;8248842,768;7655771,749;16270253,63;15062909,52;1207344,105
6,302641;-75,854442;-355,9739029;163,9242822;31,60226194;3,746724184;3,151298348;3,186390647;11047337,41;3505646,306;31311999,9;10776,27423;24463,82415;4199,09;6199,09;8760000;0;5862382,576;8191861,354;7603035,381;15850225,84;15211208,55;639017,2898
9,263799;-74,766742;-358,6071092;159,9598755;32,38664223;3,644459098;3,076401261;3,263965501;10774206,03;3502210,902;31543620,68;10539,51046;23905,22319;3861,548744;5861,548744;8760000;0;5815626,444;8036930,952;7459057,066;16305748,31;15153500,33;1152247,977
9,160379;-75,04959;-357,0633319;161,2437125;32,08760464;3,68279481;3,104544232;3,234377362;10859895,5;3498064,35;31407827,71;10736,548;23869,85081;3877,186377;5877,186377;8760000;0;5805731,895;8022440,967;7445579,385;16287614,96;15142593,48;1145021,48
10,25666;-75,344332;-351,8215106;164,5008588;31,25586054;3,793696751;3,185510242;3,152169298;11079445,09;3478075,49;30946749,22;11284,97376;23647,09872;3995,706559;5995,706559;8760000;0;5734861,079;7955500,226;7383645,147;16337323,09;15066716,16;1270606,935
6,880383;-73,411024;-350,0357269;167,7745489;30,69658418;3,872014695;3,24228775;3,096969904;11291736,38;3482644,742;30789669;11756,73266;23709,00161;3812,528628;5812,528628;8760000;0;5693204,375;7905268,477;7337654,982;15683589,53;15020817,87;662771,6648
3,563907;-73,794225;-347,5721209;165,1238948;30,89610042;3,843715596;3,221810037;3,116654137;11115701,97;3450141,951;30572966,51;11525,01376;23398,68976;3818,979448;5818,979448;8760000;0;5042729,601;7585949,137;7046477,482;15132028,44;14342201,26;789827,1809
2,349686;-76,684476;-345,8775413;168,8500985;30,26977903;3,933939695;3,286948069;3,054890851;11368716,43;3458745,376;30423908,74;12110,31143;23207,14783;4018,824779;6018,824779;8760000;0;5496657,111;7735324,674;7184062,219;15546726,13;14807919,57;738806,5658
0,962854;-76,407663;-338,8169629;168,2367302;29,89685678;3,98965056;3,326951825;3,018158396;11323677,41;3403619,292;29802849,64;12273,95941;22735,40181;3875,54437;5875,54437;8760000;0;4558534,872;7313037,118;6793128,102;14539524,89;13838443,89;701081,0006
5,08007;-73,608226;-337,414594;168,2725331;29,81634376;4,001880943;3,335711869;3,010232292;11317823,74;3392926,063;29679495,16;12343,57424;22714,19788;3584,232987;5584,232987;8760000;0;4550562,195;7289348,815;6771169,304;14845356,29;13828741,71;1016614,586
2,686767;-75,325748;-346,2061487;167,5421718;30,47991073;3,903211965;3,264812868;3,075602795;11274513,07;3453341,287;30452813,54;11923,89167;23309,72712;3756,854901;5756,854901;8760000;0;5237504,629;7697262,402;7144282,511;15294267,89;14550484,52;743783,3747
10,777363;-74,852981;-353,7644449;163,9313281;31,46502338;3,765197134;3,164767119;3,17282985;11042343,74;3489148,91;31117652,64;11111,11111;23833,164;4017,777778;6017,777778;8760000;0;5817874,777;8021567,479;7450329,509;16756726,67;15149112,75;1607613,919
3,857246;-74,935555;-355,3125579;162,1259641;31,83388574;3,715945788;3,128816548;3,20928614;10920658,71;3490348,041;31253826,99;10857,7633;23849,26819;3954,397394;5954,397394;8760000;0;5545706,415;7908238,478;7345376,577;15498279,04;14868568,32;629710,7291
3,722918;-75,480765;-353,8451582;162,9997421;31,60496691;3,746361865;3,151033994;3,186657968;10980027,53;3484579,204;31124752,3;10976,31756;23843,42748;4001,85044;6001,85044;8760000;0;5538824,329;7942836,817;7371926,163;15511520,13;14869734,98;641785,1452
4,305838;-74,620009;-353,2025306;163,4639622;31,50304275;3,760061723;3,161024703;3,176586242;11007148,23;3482145,59;31068225,81;11219,1429;23521,3174;3876,587053;5876,587053;8760000;0;5537299,973;7833845,029;7270804,214;15508314,35;14860340,79;647973,5676
6,605099;-73,069383;-358,3390635;164,3055991;31,71795622;3,731288477;3,140029892;3,197825475;11067010,26;3524492,01;31520042,97;10768,18458;24675,49565;3994,648355;5994,648355;8760000;0;5870755,997;8115771,352;7537271,309;16086992,6;15209256,04;877736,5552
4,972917;-74,289672;-344,1061056;170,557356;29,94027101;3,983085894;3,322246587;3,022432958;11478014,38;3454895,378;30268090,59;12302,13115;23374,10651;3870,576986;5870,576986;8760000;0;5501117,94;7776932,252;7218634,181;15536940,86;14819416,01;717524,8529
6,219349;-75,242693;-359,7830886;161,292583;32,25049303;3,661815555;3,08915288;3,250492279;10869732,33;3518677,37;31647061,6;10413,13583;24477,36271;4098,973656;6098,973656;8760000;0;5964299,988;8225111,158;7633464,51;16224770,46;15315946,64;908823,8229
9,201716;-73,540843;-357,4648804;161,3383206;32,10628771;3,680376567;3,102771318;3,236225475;10863754,5;3501306,859;31443148,51;10766,45799;23869,08317;3791,277752;5791,277752;8760000;0;5829544,544;8007321,793;7437166,07;16215408,67;15159700,27;1055708,406
8,789324;-75,117141;-357,2342784;161,7234017;32,02430017;3,691011817;3,110566084;3,22811582;10893475,77;3502087,877;31422864,41;10658,70281;24155,605;3932,633984;5932,633984;8760000;0;5816624,231;8094806,913;7512617,689;16087568,13;15158813,45;928754,6722
6,187083;-72,471892;-365,585084;164,8008783;32,12673691;3,677733291;3,10083306;3,238248364;11101199,91;3580070,16;32157413,84;10251,74076;25901,17205;4016,746651;6016,746651;8760000;0;6424099,415;8594226,176;7982525,1;17283070,41;15795800,49;1487269,921
6,606319;-75,667779;-342,677731;168,4542675;30,13049269;3,954569162;3,301780546;3,041167468;11333479,27;3432535,602;30142448,61;12296,51759;22818,52441;3709,273119;5709,273119;8760000;0;5476579,316;7635922,884;7087634,859;16071493,16;14784867,34;1286625,82
7,30981;-72,871041;-343,1898211;169,0761153;30,05387694;3,966006828;3,309994392;3,033620724;11389305,43;3440883,605;30187492,83;11786,7829;23882,65539;4203,383842;6203,383842;8760000;0;5483305,83;7993011,708;7422150,595;16076080,43;14814166,94;1261913,481
8,947787;-74,104391;-359,5845219;161,1671285;32,26983421;3,659340052;3,087335155;3,252406064;10855146,93;3516024,786;31629595,37;10526,31579;24287,37404;3881,052632;5881,052632;8760000;0;5911132,661;8137989,016;7558554,157;16148650,53;15250567,52;898083,0067
1,141037;-77,864549;-333,8372248;173,2913173;28,92895162;4,141683617;3,435283283;2,922980947;11664865,3;3395605,06;29364824,39;13019,51514;22606,53095;4072,301861;6072,301861;8760000;0;5026462,995;7481317,744;6945035,54;15118341,7;14322745,2;795596,5034
1,453567;-77,438522;-353,639233;162,2713839;31,7099865;3,732347787;3,140803627;3,197037693;10925496,33;3478567,151;31106638,82;10930,42303;23806,89551;3784,379868;5784,379868;8760000;0;5332811,73;7776968,964;7218776,055;15281198,13;14651004,64;630193,4856
8,25158;-74,721156;-356,0352479;162,382277;31,84045327;3,715080306;3,128183622;3,209935475;10939883,95;3497200,06;31317395,89;10822,07368;23971,45766;4030,059452;6030,059452;8760000;0;5726863,078;8009631,444;7433706,651;15865327,75;15062787,87;802539,8798
7,265014;-73,150177;-345,2490624;171,4691199;29,87467767;3,993012412;3,329360552;3,015974817;11550177,39;3469187,914;30368626,79;11900,46551;24337,83009;4263,214999;6263,214999;8760000;0;5766370,203;8160134,632;7579109,435;15912182,65;15107395,4;804787,2475
3,701899;-73,695812;-346,586834;165,5479257;30,77305333;3,861120438;3,234409567;3,10451332;11143382,67;3445260,236;30486299,19;11592,53106;23390,55266;3802,061794;5802,061794;8760000;0;5000018,59;7566629,862;7028576,656;15025593,05;14298071,8;727521,2569
4,442671;-74,044876;-350,4398953;163,9423872;31,26581639;3,792330649;3,18451694;3,15315251;11031263,03;3464030,256;30825220,26;11415,17922;23358,02708;3608,277549;5608,277549;8760000;0;5198385,452;7631345,981;7088489,444;15545430,78;14501241,99;1044188,787
5,248747;-74,290207;-351,3641868;166,4394738;30,95143608;3,835938333;3,216174743;3,122115054;11210192,31;3485566,925;30906522,33;11381,33657;24000,88472;4059,423589;6059,423589;8760000;0;5694202,231;8014519,59;7438773,635;15614348,14;15029948,19;584399,9516
10,632091;-74,921256;-353,7339711;164,9317614;31,31720261;3,785294909;3,179399614;3,158227591;11110672,46;3494581,935;31114972,12;11087,57784;24158,94775;4078,210172;6078,210172;8760000;0;5882870,557;8120749,304;7536711,526;16405004,99;15226908,33;1178096,654
4,492625;-74,257874;-345,4583743;169,2035381;30,22774286;3,940143439;3,291410915;3,050748704;11376127,68;3456307,332;30387038,18;12463,19093;22791,65248;3457,63131;5457,63131;8760000;0;5370634,23;7523066,473;6987708,902;15568077,14;14665991,8;902085,3424
7,714804;-72,658491;-347,5080608;168,4392971;30,43462405;3,90979459;3,269559012;3,071138201;11339465,72;3468194,237;30567331,69;11816,36228;23733,35921;3938,90368;5938,90368;8760000;1000;5592394,534;7838264,59;7280465,404;15732407,54;14909193,72;823213,8157
2,521674;-75,315389;-339,5789566;170,5341702;29,66385661;4,025246049;3,352425107;2,995225027;11469406,9;3421226,884;29869875,76;12891,3799;22217,82818;3642,556983;5642,556983;8760000;0;5122578,538;7417236,259;6888427,898;15154402,34;14411386,9;743015,4435
4,637157;-75,570844;-336,8729159;171,7662696;29,34154864;4,075517523;3,388286615;2,963523669;11547151,88;3407961,957;29631848,35;13176,32502;22043,81274;3501,115695;5501,115695;8760000;0;5284630,201;7378318,153;6852993,268;15511405,67;14569955,09;941450,5797
10,324303;-74,959204;-356,9490778;164,2734881;31,62700963;3,743411893;3,148881379;3,188836406;11066110,37;3514298,9;31397777,75;10789,07006;24604,24973;4039,721421;6039,721421;8760000;0;6010138,045;8266646,191;7671859,324;16532804,14;15364924,91;1167879,223
10,168297;-74,716878;-359,3226681;163,0298166;31,96792153;3,69836014;3,115948211;3,222539947;10982705,71;3524675,304;31606562,31;10558,41386;24728,35685;4008,793329;6008,793329;8760000;0;6048763,37;8304062,27;7707520,31;16369607,53;15405305,33;964302,2018
2,001803;-76,778771;-329,3428684;175,6560358;28,38764178;4,231725337;3,498868995;2,869860974;11807648,3;3374704,316;28969494,05;13391,11552;22734,10419;3564,0085;5564,0085;8760000;0;5018982,053;7572912,712;7029708,781;15116863,4;14322185,98;794677,415
6,05537;-73,815532;-335,5085689;174,6956452;28,87967701;4,149725498;3,44097959;2,918142151;11750444,21;3414854,377;29511838,34;13258,38885;22632,74011;3799,219281;5799,219281;8760000;1000;5288286,399;7497615,956;6963998,64;15274867,81;14580903,72;693964,0972
1,503362;-77,21542;-345,1814568;167,5101233;30,41325624;3,912908032;3,27180303;3,069031812;11274147,85;3445851,644;30362680,1;11889,22893;23348,74526;3818,588639;5818,588639;8760000;0;5477792,577;7787673,902;7228758,933;15669194,07;14796707,55;872486,5276
5,98923;-72,911641;-352,0242331;166,3329405;31,03096075;3,824815101;3,208109354;3,129964248;11192904,65;3488941,122;30964581;11542,47653;23770,53643;3701,983407;5701,983407;8760000;0;5666412,566;7862849,809;7301827,71;16461928,51;14987434,66;1474493,845
2,25987;-75,772022;-348,0301832;166,6494955;30,71358267;3,8695878;3,240533291;3,098646636;11218738,44;3462003,761;30613258,36;11777,20218;23301,44281;3881,534767;5881,534767;8760000;0;5339524,455;7736162,392;7180395,525;15473159,1;14655291,32;817867,7753
6,556484;-75,826648;-357,0543137;163,5922591;31,72428856;3,73044722;3,139415383;3,198451418;11024416,23;3511614,388;31407034,45;10785,46814;24356,19848;4170,366321;6170,366321;8760000;0;5928369,289;8177419,918;7589224,546;15964844,07;15276564,66;688279,4128
1,669429;-77,013984;-340,0235408;170,6678439;29,68325847;4,022258414;3,350289644;2,997134173;11474300,92;3424868,336;29908982,05;12844,80722;22412,78266;3497,57749;5497,57749;8760000;0;5324816,091;7469626,134;6937883,563;15684005,43;14616558,66;1067446,763
7,010328;-75,692281;-347,7447975;168,0648052;30,50498674;3,899576353;3,262190558;3,078075117;11312160,68;3467657,844;30588155,4;11986,10928;23294,67163;3861,207437;5861,207437;8760000;0;5526378,092;7759071,07;7201579,125;15644172,74;14843870,04;800302,7062
5,789315;-75,428739;-350,6638557;163,9044008;31,29171982;3,788780788;3,181935343;3,155710755;11026165,67;3465238,757;30844920,15;11513,23418;23174,91531;3520,595791;5520,595791;8760000;0;5669590,072;7771844,902;7213355,801;16328847,01;14988079,17;1340767,841
8,892098;-76,35518;-354,7978086;161,7884133;31,85538901;3,713113513;3,126745158;3,211412211;10895097,97;3484485,438;31208548,87;10876,32881;23751,99231;3844,939104;5844,939104;8760000;0;5623478,978;7908035,452;7339815,588;16012658,78;14951698,84;1060959,937
6,206757;-75,734322;-344,2974546;168,273706;30,24274353;3,937927433;3,289817001;3,052226789;11330353,28;3444067,946;30284921,94;11879,43181;23523,24481;4009,804552;6009,804552;8760000;0;5577192,592;7928399,291;7359069,398;15745548,94;14906522,49;839026,4502
7,945631;-72,832376;-332,0374859;173,9184345;28,75890477;4,169565218;3,45501814;2,906285054;11695318,96;3385023,894;29206516,65;13197,06249;22576,95922;3676,056577;5676,056577;8760000;666,7889926;4954511,193;7400117,563;6869731,753;15143130,36;14244230,21;898900,1449
5,634545;-73,323957;-356,8211674;161,9984273;31,97410376;3,697552956;3,115357149;3,223151344;10903459,8;3499906,841;31386526,55;10934,54009;23770,49557;3646,596501;5646,596501;8760000;0;5653774,132;7852116,564;7293327,46;16260075,53;14972563,24;1287512,291
5,455291;-73,813938;-355,6269772;164,0857798;31,57836699;3,749927789;3,153635444;3,184029277;11047646,63;3503146,392;31281483,78;11112,07478;23947,3075;3839,950902;5839,950902;8760000;0;5819194,025;7975690,997;7407936,947;16315242,68;15146948,08;1168294,606
2,449653;-77,979916;-328,749768;175,2624082;28,38177568;4,232721942;3,499570404;2,869285776;11789710,48;3368902,213;28917324,04;13638,09817;21976,77665;3869,510046;5869,510046;8760000;0;4883894,648;7336643,629;6814335,686;14884145,73;14166202,59;717943,1411
10,460472;-73,259398;-363,4130632;166,8819975;31,6700154;3,737669516;3,144689776;3,193086854;11246232,82;3576261,45;31966359,62;10376,65531;26169,90843;4252,972492;6252,972492;8760000;0;6554142,435;8762224,961;8138360,655;16986564;15938006,74;1048557,255
9,240707;-75,67796;-354,5536951;163,02731;31,65439941;3,739752657;3,146210555;3,191543416;10979243,65;3489672,244;31187076,28;10958,19454;23926,83356;3907,562678;5907,562678;8760000;0;5712534,022;7981272,896;7407541,818;16068090,51;15046265,1;1021825,415
9,241656;-74,351498;-360,8542012;160,3079321;32,48706465;3,631760148;3,067061062;3,273905338;10797605,36;3520505,507;31741278,27;10366,93874;24372,06413;3862,503856;5862,503856;8760000;0;5968020,075;8178989,574;7590606,313;16292512,98;15316403,34;976109,6405
3,413686;-76,52133;-353,4554013;162,8664075;31,59924447;3,747128442;3,151593293;3,186092446;10970566,85;3480958,941;31090468,7;11137,77041;23469,5581;3987,66537;5987,66537;8760000;394,4488549;5635946,134;7882752,153;7316386,215;15822950,38;14961917,62;861032,7547
4,962167;-74,432628;-350,9901619;165,9027667;31,01540527;3,826985905;3,209683914;3,128428796;11167484,17;3479309,635;30873622,53;11477,12776;23734,79563;3814,312925;5814,312925;8760000;0;5536507,207;7827685,619;7270556,238;15550278,92;14853636,59;696642,3317
9,563752;-73,334143;-358,9979767;161,7460888;32,14108285;3,675881146;3,099474694;3,239667548;10894755,63;3515032,936;31578001,97;10607,73817;24273,62052;3922,300221;5922,300221;8760000;0;5947262,142;8138609,106;7559116,58;16251718,92;15286754,67;964964,2558
5,284304;-75,259721;-353,4342488;163,7037248;31,49943884;3,760547927;3,161379084;3,176230157;11016041,82;3484568,453;31088608,1;11450,45117;23202,33561;3633,621976;5633,621976;8760000;0;5655491,052;7771725,689;7218327,158;15838822,84;14968889,58;869933,2582
6,755203;-73,102739;-359,8237624;162,3589987;32,0920206;3,682222949;3,104125006;3,234814179;10941863,85;3524943,045;31650639,33;10433,5279;24738,15383;4140,13117;6140,13117;8760000;0;5935904,831;8230011,839;7643000,891;16109396,29;15282915,78;826480,516
5,297525;-75,053097;-350,0536522;165,1759239;31,05665477;3,821234707;3,205511816;3,132500568;11117982,46;3468395,408;30791245,73;11591,3319;23290,39218;3779,438084;5779,438084;8760000;0;5591997,518;7804602,406;7243837,607;15995989,34;14912762,32;1083227,019
3,324118;-76,234199;-349,5732069;166,8126955;30,77809532;3,86040423;3,233891419;3,105010739;11236941,34;3474742,928;30748985,05;11628,31797;23562,90535;4137,426223;6137,426223;8760000;0;5526225,159;7857477,811;7292726,126;15653653,26;14850976,84;802676,4179
3,539072;-74,896761;-352,7177451;163,7190879;31,43635152;3,769079033;3,167595095;3,1699972;11023005,6;3479928,863;31025583,35;11306,6128;23428,35211;3839,865514;5839,865514;8760000;0;5593999,155;7843554,726;7279986,324;15680934,39;14917567,56;763366,8308
4,335036;-75,703329;-331,6017266;173,5889883;28,77681834;4,166610844;3,452928939;2,908043507;11670081,78;3379763,089;29168186,61;13472,27964;21941,39118;3569,440405;5569,440405;8760000;0;4969656,091;7282566,188;6760752,259;14810580,88;14251470,02;559110,857
2,040998;-77,215773;-343,299627;167,5977101;30,28215984;3,932116155;3,285635861;3,056110904;11277795,3;3432454,409;30197151,52;11968,88091;23236,89634;3743,865949;5743,865949;8760000;0;5459311,462;7777386,604;7223649,359;15981237,58;14773048,71;1208188,876
5,987645;-72,749137;-354,2357403;163,6720909;31,54903102;3,753868213;3,156509304;3,181130361;11018001,66;3490565,24;31159108,49;10960,55362;24173,73218;3758,674873;5758,674873;8760000;0;5621645,307;7987404,854;7413646,414;16455446,33;14955403,75;1500042,585
5,964198;-75,976807;-352,3676266;164,0348729;31,35348937;3,780341932;3,175795548;3,161811719;11050736,84;3479675,146;30994786,4;11056,79821;23958,26116;4069,076536;6069,076536;8760000;0;5751072,721;8085110,283;7503904,629;16018794,03;15092278,37;926515,6521
9,240789;-75,816084;-353,5190808;162,5846794;31,65749408;3,739339654;3,145909064;3,19184928;10945787,1;3479371,741;31096070,04;11061,05725;23632,0653;3769,44746;5769,44746;8760000;0;5643360,591;7888488,338;7321674,293;16174355,05;14970174,64;1204180,411
2,459641;-76,599377;-347,623773;167,7788962;30,52643904;3,896471366;3,259950419;3,080190276;11297589,33;3465570,905;30577509,91;11986,16332;23146,18388;4020,649837;6020,649837;8760000;0;5575630,944;7745037,933;7193609,004;15584676,84;14887059,87;697616,9703
5,349119;-73,901357;-352,818388;165,3212847;31,23180976;3,79700088;3,187912279;3,149794193;11122219,15;3488872,395;31034436,06;11618,62293;23352,49624;3586,233905;5586,233905;8760000;0;5590790,812;7722870,96;7173256,348;16182251,87;14900405,42;1281846,448
8,888532;-75,796093;-353,5856268;164,2702994;31,41352947;3,772174525;3,169849588;3,167742602;11060790,06;3489373,785;31101923,53;11148,862;23912,67271;3872,105616;5872,105616;8760000;0;5737998,506;7986233,497;7412120,961;16024641,76;15072111,04;952530,7187
2,754684;-76,629106;-349,5545184;166,0520741;30,890328;3,844528668;3,22239899;3,116084511;11181887,75;3470050,663;30747341,17;11679,00467;23289,27192;3981,986194;5981,986194;8760000;0;5526387,791;7764571,18;7206661,12;15518762,43;14844297,85;674464,5762
5,656323;-73,978449;-347,8962992;168,425513;30,46734252;3,905036641;3,266128711;3,07436371;11335812,06;3470718,108;30601481,72;11925,07385;23537,28088;3845,6712;5845,6712;8760000;0;5499284,434;7760935,046;7208671,881;15487265,13;14811547,6;675717,528
4,674994;-75,779792;-351,4484539;164,8701921;31,17363516;3,805016305;3,19373689;3,144049722;11106548,43;3477602,826;30913934,59;11340,80624;23604,32814;4087,744792;6087,744792;8760000;0;5639480,019;7910583,42;7341947,658;15623583,47;14968115,78;655467,6902
8,306811;-73,614027;-355,7701861;163,3909244;31,67800875;3,736604098;3,143911886;3,19387691;11006033,99;3500745,056;31294080,65;10990,97604;23930,23401;4001,072916;6001,072916;8760000;0;5839992,802;8054589,688;7480711,268;16154157,39;15173871,22;980286,1677
7,773683;-72,813064;-344,2196764;169,8166728;30,03871361;3,968278156;3,311624694;3,032127282;11431233,6;3451850,572;30278080,45;11987,37073;23783,28297;3948,133357;5948,133357;8760000;1000;5407563,412;7791310,187;7237018,832;15722603,09;14720854,77;1001748,318
4,70653;-74,221154;-346,7795279;169,1849716;30,30702333;3,928459048;3,283003695;3,058561158;11379583,05;3466210,858;30503248,83;12264,16598;23141,93852;3616,98802;5616,98802;8760000;0;5383486,805;7613850,825;7071292,707;15772437,36;14686044,92;1086392,437
5,945998;-73,344185;-356,2225699;167,0196959;31,17663728;3,804601857;3,193435806;3,14434615;11255978,55;3524723,598;31333873,02;10933,3268;25023,71376;4296,502902;6296,502902;8760000;0;5968585,784;8236095,213;7649363,883;16348604,65;15315317,11;1033287,537
5,611577;-72,979559;-358,0270156;163,1283992;31,87779854;3,710166367;3,124589296;3,213627979;10984035,8;3515353,462;31492594,77;10867,5614;24176,36131;3834,609365;5834,609365;8760000;0;5898916,152;8045571,246;7471695,765;16621408,09;15232791,63;1388616,453
5,657194;-75,878828;-353,940792;163,4021015;31,54797837;3,754009757;3,15661252;3,181026344;11009314,99;3487699,208;31133164,4;10974,19646;23933,55208;4090,97704;6090,97704;8760000;0;5721472,07;8020167,128;7444143,329;15797360,19;15057495,87;739864,3192
5,371373;-76,607619;-332,4313036;173,8765292;28,7718547;4,167429059;3,45350759;2,907556251;11702022,35;3388445,527;29241157,45;13174,49659;22479,03499;4014,157693;6014,157693;8760000;0;4968774,771;7480120,997;6947661,435;14997205,32;14261234,33;735970,9864
3,698686;-76,441804;-344,7141856;168,0280912;30,31342571;3,927518414;3,282326567;3,059192124;11308605,54;3445301,773;30321578,22;12015,59056;23236,78008;3822,755188;5822,755188;8760000;0;5515001,416;7790689,451;7230898,143;15607600,9;14834792,72;772808,1741
3,936902;-74,600285;-337,967642;172,6397373;29,30155691;4,081840568;3,392787743;2,959592035;11606074,02;3420807,578;29728142,1;13220,92365;22200,54049;3530,312362;5530,312362;8760000;0;5189719,355;7398791,04;6872091,289;15057812,34;14476419,11;581393,2315
4,862046;-74,910716;-360,6372221;161,811016;32,23619535;3,663647646;3,090497941;3,249077583;10901911,79;3527558,34;31722192,46;10418,60234;24654,0621;4015,700988;6015,700988;8760000;0;5898544,088;8211705,479;7620767,334;15841118,12;15249482,23;591635,8821
4,282113;-74,772861;-356,8121691;161,3190434;32,05218284;3,687388185;3,10791095;3,230873646;10868100,44;3496915,006;31385735,05;10776,33771;23763,40583;3992,721402;5992,721402;8760000;0;5610303,809;7924273,763;7354662,952;15583288,03;14939914,62;643373,407
6,043017;-74,993619;-343,7016258;167,4640792;30,32169767;3,926303752;3,281452108;3,060007354;11271263,92;3434840,292;30232511,94;11983,90737;23131,79734;3828,972543;5828,972543;8760000;0;5431015,806;7731127,185;7176050,819;15901924,84;14746092,17;1155832,672
6,979771;-75,298091;-358,8027687;162,1409635;32,05813521;3,686615518;3,107344703;3,231462403;10926051,4;3516201,915;31560831,18;10584,92507;24370,17859;4100,09232;6100,09232;8760000;0;5901891,128;8156072,858;7569342,845;15999215,86;15248621,14;750594,7219
3,525115;-74,023514;-344,3031873;168,1088147;30,28249081;3,932067429;3,285600795;3,056143521;11310597,63;3442474,707;30285426,19;12069,80365;23193,57865;3704,189204;5704,189204;8760000;0;5070234,445;7561881,319;7024007,879;15182280,12;14368107,89;814172,2391
7,76111;-73,393889;-352,9099462;165,146848;31,23352401;3,796765188;3,187740955;3,149963477;11124293,28;3489710,563;31042489,65;11242,27094;23905,53087;4059,584036;6059,584036;8760000;0;5785724,592;8032940,173;7460925,736;15989731,31;15117739,03;871992,281
9,274281;-74,645981;-360,4853357;161,0326064;32,34556354;3,649678843;3,080237883;3,259900035;10848764,88;3522054,235;31708832,3;10394,6651;24489,83745;3967,577232;5967,577232;8760000;0;5976974,665;8212100,601;7621338,357;16329226,79;15327736,91;1001489,884
5,332938;-74,024754;-333,6006214;173,0486376;28,97970459;4,133432098;3,429434948;2,927965608;11628889,09;3390905,286;29344012,4;13493,88884;21806,71419;3384,061646;5384,061646;8760000;0;5040463,045;7230414,394;6715797,406;15017849,51;14315080,03;702769,4766
3,657318;-76,68886;-349,7488311;166,3494804;30,85453221;3,849578185;3,226055838;3,11255232;11205424,6;3473413,098;30764433,22;11519,56408;23663,86913;4108,824831;6108,824831;8760000;0;5570177,002;7889036,952;7322430,021;15594862,15;14896783,93;698078,2188
5,446843;-75,64966;-357,2752281;160,896026;32,14428648;3,675467788;3,099171511;3,239984475;10841047,77;3498047,051;31426466,41;10689,47087;23804,97871;4028,861571;6028,861571;8760000;0;5788311,177;8013273,971;7442623,535;15956193,48;15118961,61;837231,8665
4,381981;-74,405534;-336,1240225;173,4242087;29,09233712;4,115233869;3,41652414;2,939030187;11655352,11;3411464,88;29565974,56;13447,6693;21996,83371;3434,203165;5434,203165;8760000;0;5207411,066;7352513,376;6828566,152;15210621,09;14491358,29;719262,8021
7,1652;-75,439274;-351,7995676;165,1163602;31,16704841;3,805925928;3,194397673;3,143399355;11120771,28;3481335,896;30944819,08;11361,15834;23665,43695;4011,188876;6011,188876;8760000;0;5566422,979;7864575,944;7299325,255;15468480,65;14891673,67;576806,9856
9,244308;-75,145999;-356,5749405;161,4245182;32,02397875;3,691053628;3,110596716;3,22808403;10873514,17;3495636,1;31364868,06;10809,60572;23747,12317;3936,635463;5936,635463;8760000;0;5786277,179;7996497,823;7421588,575;16288331,15;15121186,43;1167144,727
6,062454;-75,501301;-349,9810434;165,6528828;30,98700129;3,830955968;3,212562883;3,125625225;11148982,22;3470432,372;30784858,96;11701,09847;23211,49207;3756,940446;5756,940446;8760000;0;5651003,587;7800830,657;7240684,402;16072152,62;14971149,84;1101002,779
6,357327;-73,240554;-360,013715;165,6956205;31,612361;3,745371809;3,150311595;3,1873887;11167977,18;3545038,909;31667347,84;10520,77854;25498,45796;4285,113098;6285,113098;8760000;0;6078798,824;8390592,186;7793567,682;16296667,02;15435823,33;860843,6893
3,798036;-75,193862;-356,8197501;161,9157533;31,96315295;3,698982985;3,116404265;3,222068361;10908354,99;3500301,648;31386401,89;10737,70026;24016,8573;4009,890836;6009,890836;8760000;0;5676607,876;8001126,065;7425946,656;15629742,81;15011787,29;617955,5255
1,852631;-76,049441;-344,6232087;167,6904388;30,35111083;3,921990632;3,278346369;3,06290625;11286807,13;3442835,461;30313575,75;12037,9912;23078,47911;3848,056126;5848,056126;8760000;0;5081172,384;7578579,462;7039374,234;15167734,09;14380377,61;787356,478
1,381453;-77,156463;-358,3711076;161,8306978;32,08059532;3,683702863;3,105209881;3,233684023;10902816,13;3511136,622;31522861,62;10663,99492;24145,76142;4011,293938;6011,293938;8760000;0;5727984,278;8010922,471;7435535,496;15723632,89;15063371,25;660261,6348
5,743808;-75,60781;-362,0562585;161,7173193;32,34039487;3,650336648;3,080721278;3,259388525;10898336,75;3537592,585;31847013,04;10294,57397;24851,37437;4105,711819;6105,711819;8760000;0;6085985,372;8329004,229;7729777,412;16091991,09;15445212,19;646778,9025
6,376061;-75,141346;-359,3165652;161,9125271;32,13661488;3,67645779;3,099897626;3,239225547;10906425,44;3518317,945;31606025,49;10625,75849;24277,10726;3944,0493;5944,0493;8760000;0;5931849,226;8137504,752;7552207,125;16215636,39;15277146,85;938489,5323
5,297091;-75,562474;-353,6146284;163,7316508;31,48325441;3,762732892;3,162971487;3,174631078;11029184,21;3486969,216;31104474,56;11103,00226;23788,56321;4022,268427;6022,268427;8760000;0;5709159,932;7957376,806;7385297,019;15818455,1;15041239,72;777215,3759
1,976051;-75,79525;-345,9733969;167,4928194;30,46648257;3,905161551;3,266218782;3,07427893;11273582,49;3451569,916;30432340,35;11976,0479;23151,38683;3843,113772;5843,113772;8760000;0;5230256,704;7634888,203;7091591,315;15244297,01;14533553,59;710743,4141
5,523792;-74,234393;-345,5412359;169,3026115;30,20402169;3,94365267;3,293934474;3,048411455;11390850,23;3458128,972;30394326,81;12209,8569;23244,10372;3737,411758;5737,411758;8760000;0;5532797,685;7754019,775;7197108,148;15490319,45;14849709,31;640610,136
7,300469;-72,747169;-327,1288734;177,9824244;27,97133369;4,30360289;3,549323573;2,829065138;11967737,3;3371836,085;28774747,71;13300,6343;23550,6184;3745,874017;5745,874017;8760000;0;4919113,05;7759793,94;7202785,011;15388756,74;14236121,98;1152634,76
5,928039;-75,675072;-353,5992231;162,654875;31,63917699;3,741785486;3,147694377;3,190038923;10956670,38;3480855,848;31103119,48;11107,40289;23467,8251;3993,111337;5993,111337;8760000;0;5716346,44;7889177,751;7322153,07;15895408,85;15043371,12;852037,7243
10,444089;-75,275613;-349,9294753;165,1834279;31,03872918;3,8237319;3,207323576;3,130731074;11122590,08;3467872,767;30780322,95;11514,33702;23398,14437;3922,974964;5922,974964;8760000;0;5673697,183;7879250,042;7313076,469;16421917,87;14999870,76;1422047,117
1,335438;-77,594341;-337,0835817;172,2271291;29,2794908;4,085337601;3,395276238;2,957422866;11587523,18;3412836,651;29650378,83;12827,60578;22784,96157;3832,712349;5832,712349;8760000;0;5143726,074;7554734,783;7014784,025;15111351,9;14443676,83;667675,0684
4,874341;-75,171022;-346,7737333;167,1736444;30,58446543;3,888096818;3,253905907;3,085912091;11241365,92;3454729,866;30502739,14;12098,79494;22949,42201;3456,556516;5456,556516;8760000;0;5537690,211;7657967,86;7112793,077;16203820,48;14842864,99;1360955,482
4,206641;-75,790402;-346,8125502;167,622968;30,50566181;3,899478571;3,26212002;3,078141675;11281500,45;3458333,962;30506153,53;11972,58131;23208,24836;3816,280002;5816,280002;8760000;0;5514189,643;7743630,506;7187845,27;15571040;14829974,88;741065,122
4,270714;-75,931629;-349,8734542;166,4549417;30,8545303;3,849578455;3,226056033;3,112552131;11209418,26;3474650,827;30775395,25;11611,84476;23542,46252;4004,484926;6004,484926;8760000;0;5581656,245;7849296,821;7289850,144;15584903,63;14901102,92;683800,7121
5,41308;-74,992263;-339,6151718;170,9106158;29,61240084;4,03319056;3,358101281;2,99016222;11497526,59;3423817,695;29873061,3;12739,30641;22610,05544;3745,427192;5745,427192;8760000;0;5336436,783;7570852,504;7031811,69;15735646,06;14635477,6;1100168,462
3,408354;-76,346519;-354,6952479;163,2317472;31,62315453;3,743927492;3,149257649;3,188455408;10998014,45;3492256,167;31199527,47;10990,51029;23847,31195;4093,138907;6093,138907;8760000;0;5643011,896;7962363,613;7389991,283;15738638,24;14975384,23;763254,0182
1,974539;-75,932167;-342,6272085;169,362556;29,99854976;3,974306615;3,315950439;3,028171791;11398833,28;3437576,493;30138004,57;12284,48677;23047,97277;3883,040713;5883,040713;8760000;0;5093715,412;7577488,015;7033356,511;15173045,02;14397846,92;775198,1
7,201417;-72,967023;-329,580418;173,2431101;28,64025191;4,189237214;3,468917625;2,894639962;11674282,48;3365396,282;28990389,27;12887,54286;22694,55763;4517,801477;6517,801477;8760000;1000;4998804,634;7574706,599;7034494,565;15592013,06;14298016,67;1293996,395
5,755673;-73,437503;-342,1308524;171,7269361;29,65249209;4,026998049;3,353677159;2,994106798;11561571,9;3447431,386;30094344,35;12428,64035;23377,08856;4078,847996;6078,847996;8760000;0;5434443,818;7723632,106;7169316,731;15677468,3;14748759,19;928709,1048
4,399837;-74,824732;-360,6896854;161,6151964;32,26095525;3,660476074;3,088169361;3,251527494;10892461,82;3527158,18;31726807,22;10407,18019;24569,20644;4143,358466;6143,358466;8760000;0;5877943,601;8183127,995;7594356,84;15818618,32;15226714,76;591903,5686
4,935771;-75,73879;-351,2542084;164,9961953;31,14155205;3,809450961;3,196957958;3,140881962;11115632,97;3476940,616;30896848,46;11349,67679;23613,57316;4112,935918;6112,935918;8760000;0;5553176,237;7870959,577;7305228,612;15595148,24;14878907,2;716241,034
5,19055;-74,483154;-358,2725439;163,7249298;31,79274924;3,721375835;3,132786606;3,205219137;11030497,81;3520986,009;31514191,81;10628,41618;24767,32362;4065,637112;6065,637112;8760000;0;5888485,124;8198700,335;7614801,675;15854182,02;15232383,78;621798,2413
9,39625;-75,063647;-357,6136963;161,1332616;32,14519263;3,675350885;3,099085766;3,240074119;10850914,35;3501327,543;31456238,58;10714,88444;23905,44846;3818,18225;5818,18225;8760000;0;5834561,125;8045836,591;7467254,867;16385670,6;15173142,85;1212527,747
5,932531;-73,615965;-359,5324829;165,6529445;31,59121189;3,748205002;3,152378705;3,185298634;11162950,24;3541119,671;31625017,94;10621,04594;25303,88484;4211,187665;6211,187665;8760000;0;6052365,286;8336663,462;7742677,385;16338886,02;15406351,36;932534,6557
4,631028;-74,461588;-344,9203392;170,0651171;30,06691794;3,964055432;3,308593509;3,034905181;11440064,15;3457681,979;30339711,8;12416,33306;23057,13861;3690,405443;5690,405443;8760000;0;5468508,923;7671425,165;7124368,881;15576675,98;14775565,21;801110,7697
1,600219;-77,131316;-350,9352493;165,7100778;31,03775963;3,823867057;3,207421625;3,130635369;11155023,07;3477878,613;30868792,35;11686,14714;23229,00286;3836,061883;5836,061883;8760000;0;5551105,966;7725864,06;7175921,634;15545743,81;14861048,39;684695,4217
9,953751;-75,081761;-351,8077002;165,1030407;31,1758829;3,804705991;3,193511458;3,144271663;11116834,73;3481069,31;30945534,44;11406,78935;23607,54525;3904,154166;5904,154166;8760000;0;5758616,091;7950521,856;7378929,135;16358993,33;15090208,81;1268784,519
6,290561;-73,474426;-358,43875;164,4353972;31,69173868;3,734775449;3,142576598;3,195233996;11082223,19;3526476,712;31528811,55;10530,89421;25124,98708;4219,546121;6219,546121;8760000;0;6015015,328;8415630,895;7810339,305;16170318,64;15380306,92;790011,7251
8,21124;-73,239986;-356,6311005;163,9036368;31,6613231;3,73882877;3,145536109;3,192227727;11040372,8;3509854,097;31369807,98;10925,20641;24220,50985;4005,585966;6005,585966;8760000;0;5938540,661;8131091,785;7546308,612;16292820,41;15283323,83;1009496,58
3,067538;-75,138773;-350,5054744;164,7943348;31,13920532;3,809775732;3,197193811;3,140650263;11093051,6;3469621,253;30830988,7;11475,4368;23414,81893;3791,652953;5791,652953;8760000;0;5369943,776;7755935,514;7203768,539;15451781,23;14682110,75;769670,4743
5,214527;-72,87016;-337,9297065;171,5593044;29,41927632;4,063282501;3,379570986;2,971166347;11542010,74;3415229,562;29724805,24;12758,67718;22745,4127;3792,439441;5792,439441;8760000;0;4908388,562;7377199,584;6852564,932;14886448,16;14193023,21;693424,9414
6,427548;-72,867638;-361,2112194;166,2788868;31,62250389;3,744014526;3,149321163;3,188391105;11200360,3;3556436,361;31772682,13;10638,28503;25514,92185;4059,567153;6059,567153;8760000;0;6250915,185;8426012,223;7826388,468;16831295,64;15610538,94;1220756,698
5,097319;-73,052737;-334,6452971;168,9109256;29,54847247;4,043103443;3,365179122;2,983873137;11362369,45;3376453,091;29435903,65;12483,63661;22580,28536;3662,889658;5662,889658;8760000;0;4441584,862;7242765,443;6723892,113;14543832,38;13720458,19;823374,1925
1,028821;-76,61721;-334,4338042;169,3685506;29,47405623;4,054702556;3,373454333;2,976553583;11393926,97;3377525,183;29417300,41;12776,90002;22080,94205;3713,82969;5713,82969;8760000;0;4420045,185;7147174,461;6634974,444;14385221,7;13692245,2;692976,4967
8,468556;-74,537749;-356,2832617;162,3275113;31,87038765;3,711140489;3,125301926;3,212895208;10933901,27;3498510,393;31339211,55;10841,05913;23947,58144;3947,405039;5947,405039;8760000;0;5742578,983;8006832,356;7431118,98;15847943,75;15078292,36;769651,3894
5,038925;-75,502487;-336,8889742;172,0753277;29,28449;4,084544817;3,394712148;2,957914293;11578157,61;3410644,88;29633260,86;12698,19333;23003,21306;3853,867125;5853,867125;8760000;0;5146542,454;7636972,047;7089071,141;15214161,29;14454443,36;759717,9329
6,178509;-73,58959;-354,2827698;166,013958;31,20396348;3,800833477;3,190697765;3,147044415;11181642,19;3504450,442;31163245,28;11344,62956;23954,10898;4050,090944;6050,090944;8760000;0;5884200,061;8022541,811;7451336,706;15903794,54;15215405,16;688389,3733
3,540097;-76,499893;-352,9159583;163,7830088;31,4349212;3,769272889;3,167736299;3,169855895;11029866,43;3481939,591;31043018,49;11223,70282;23586,63985;3929,482202;5929,482202;8760000;181,8559073;5652990,903;7920075,672;7351032,093;15822692,5;14981852,63;840839,8722
5,512594;-73,94217;-336,8552714;174,3487199;29,02025967;4,126861532;3,424775443;2,931949189;11720077,39;3422144,774;29630296,31;13455,65796;22212,70357;3547,767776;5547,767776;8760000;0;5364264,355;7407375,109;6880052,507;15412001,63;14651586,96;760414,6752
4,888173;-73,368398;-337,1881144;169,7103705;29,60792648;4,033882824;3,358595729;2,989722013;11417687,43;3399542,057;29659573,68;12007,28153;23799,95181;3717,950086;5717,950086;8760000;0;4630943,599;7570352,893;7032379,584;14753115,08;13928916,91;824198,1702
1,05506;-77,496339;-351,4298692;164,687048;31,2228614;3,798231654;3,188806877;3,148910539;11082671,03;3475491,448;30912299,85;11593,68414;23177,5289;3680,905226;5680,905226;8760000;0;5510939,935;7715936,089;7161720,419;15581303,97;14825155,6;756148,3646
4,329884;-73,863214;-334,6883226;169,6375844;29,46377957;4,056309456;3,374600191;2,975542884;11407972,18;3380540,371;29439688,23;12381,90598;23052,72587;3559,475786;5559,475786;8760000;0;4589907,599;7446210,604;6912340,688;14802022,56;13883777,52;918245,0443
1,913429;-76,85607;-331,3467343;172,1748915;28,94500676;4,139069876;3,433431159;2,924557714;11569123,21;3369551,529;29145757,1;13570,6254;21404,41214;3330,386564;5330,386564;8760000;0;4958288,57;7136311,722;6628289,758;15140000,37;14226310,53;913689,8349
4,74481;-74,533705;-338,61359;171,2535584;29,52304166;4,047060014;3,368002678;2,981371614;11510481,4;3417598,648;29784960,66;12891,36338;22529,31976;3398,902983;5398,902983;8760000;0;5312649,089;7508026,959;6973551,875;15497985,45;14607124,17;890861,2801
10,898414;-72,887405;-362,4583653;166,3727894;31,67556929;3,736929186;3,144149248;3,193635795;11214082,47;3566650,813;31882382,96;10393,74439;25956,3955;4316,278467;6316,278467;8760000;0;6481705,103;8707608,195;8080080,665;16901681,43;15869232,63;1032448,793
5,106526;-75,942356;-350,6758054;164,4560811;31,19715523;3,801771676;3,191379516;3,146372135;11071015,14;3469037,476;30845971,27;11475,64036;23306,143;3808,969148;5808,969148;8760000;0;5650578,737;7846631,317;7282805,256;15942758,29;14974404,8;968353,4884
3,900736;-76,298979;-350,6758054;164,4560811;31,19715523;3,801771676;3,191379516;3,146372135;11071015,14;3469037,476;30845971,27;11475,64036;23306,143;3808,969148;5808,969148;8760000;0;5650578,737;7846631,317;7282805,256;15942758,29;14974404,8;968353,4884
3,17762;-76,458025;-354,376256;162,9418512;31,64912006;3,740457425;3,146725012;3,191021632;10976175,23;3488126,606;31171468,47;10982,98115;23811,91784;4002,200069;6002,200069;8760000;0;5549369,702;7909330,282;7340976,008;15630037,54;14877723,98;752313,5615
7,953916;-73,947264;-358,3622185;161,8465231;32,07543027;3,684372275;3,105700565;3,233173119;10904864,51;3511241,436;31522079,72;10576,13413;24322,70032;4043,203041;6043,203041;8760000;0;5841985,976;8132701,926;7553463,695;16047265,61;15181224,21;866041,407
6,145735;-72,571122;-360,2377476;161,6861306;32,24243443;3,662847955;3,089910857;3,24969491;10887056,4;3523420,871;31687054,08;10471,20419;24596,90611;3784,293194;5784,293194;8760000;0;5865928,552;8081708,827;7506694,776;16842145,55;15200942,6;1641202,947
5,874547;-72,982461;-355,7601051;164,53436;31,52530381;3,757061201;3,158837421;3,178785814;11076465,08;3506500,525;31293193,91;11254,34675;23795,1225;3808,368359;5808,368359;8760000;0;5843936,875;7947264,878;7379579,585;16508654,62;15171622,17;1337032,45
4,459279;-74,636296;-356,2389123;162,3896895;31,86188836;3,712258291;3,126119605;3,212054832;10936398,82;3498394,241;31335310,52;10901,64205;23860,91256;3891,247362;5891,247362;8760000;0;5656605,464;7931158,861;7366615,838;15636495,55;14981148,49;655347,0623
2,398999;-78,189725;-327,312771;174,3367274;28,40989294;4,227949173;3,496210865;2,872042898;11722320,02;3352864,137;28790923,62;13826,49023;21380,78749;3671,626293;5671,626293;8760000;0;4790403,622;7147032,987;6638199,479;14850413,73;14059237,13;791176,601
6,282164;-75,332616;-352,5181427;162,9805831;31,53521032;3,755727429;3,157864989;3,179764688;10970953,53;3474168,01;31008026,02;11172,35844;23531,72912;3731,41988;5731,41988;8760000;0;5714558,227;7930488,437;7360681,752;16451683,25;15044364,91;1407318,336
6,041162;-72,636653;-354,9374878;162,8807278;31,70409018;3,733131886;3,141376306;3,196454867;10968307,05;3491561,018;31220835,26;10584,69779;24690,6894;3850,162468;5850,162468;8760000;0;5665602,968;8167363,1;7580349,388;16437503,26;15012616,68;1424886,577
10,392836;-75,065076;-356,8748077;163,944565;31,66715308;3,738051174;3,14496842;3,192803947;11045221,92;3512029,517;31391244,84;10775,6076;24519,93645;4075,287565;6075,287565;8760000;0;5964709,054;8235819,342;7643289,779;16505224,45;15317238,62;1187985,832
4,404112;-73,946473;-347,4039163;166,1128763;30,75189214;3,86412919;3,236585983;3,102425715;11179919,09;3454232,068;30558170,98;11463,78162;23847,88786;3758,257508;5758,257508;8760000;0;5171198,166;7768028,93;7214748,237;15426907,22;14484478,86;942428,3617
10,149883;-73,962703;-357,0461733;163,627932;31,73020277;3,72966185;3,138841662;3,199036034;11021443,24;3511309,085;31406318,41;10881,4051;24238,65918;3983,321953;5983,321953;8760000;0;5989855,093;8172682,657;7590645,69;16397408,07;15331892,06;1065516,009
5,976646;-74,587782;-360,7146808;162,3619188;32,155796;3,673983488;3,098082756;3,241123099;10940242,43;3531294,447;31729005,84;10452,06776;24725,22118;4076,046708;6076,046708;8760000;0;5997452,975;8268359,001;7673369,002;15891612,3;15352442,97;539169,3257
3,821351;-76,523329;-348,4817708;166,8619045;30,7249178;3,86797112;3,239364382;3,099764769;11227759,13;3466037,718;30652980,68;11867,52898;23245,61795;3702,347673;5702,347673;8760000;0;5582938,218;7798112,933;7242853,925;15590060,7;14898197,23;691863,4739
5,264873;-76,558571;-333,8310445;173,7958882;28,86577404;4,152000033;3,442590096;2,916776991;11699345;3398413,599;29364280,76;13035,60179;22711,36069;4104,572319;6104,572319;8760000;0;5026980,905;7548605,081;7011293,567;14948916,58;14324292,42;624624,1654
8,389604;-73,38004;-352,3003195;165,937056;31,08022269;3,817956339;3,203132789;3,134827135;11178038,56;3489720,626;30988865,97;11186,4672;24244,86219;4097,743273;6097,743273;8760000;0;5838006,524;8133675,029;7552799,994;16075275,54;15178881,56;896393,9844
5,500898;-73,332804;-358,5819871;161,0958984;32,22108429;3,665585917;3,091920757;3,247582448;10846489,49;3508010,179;31541410,9;10692,08165;23969,72705;3748,063094;5748,063094;8760000;0;5745575,675;7951478,673;7379768,18;16405722,66;15077286,17;1328436,487
1,570226;-75,326093;-343,575294;166,6745756;30,42381826;3,911368467;3,270693451;3,070072978;11216470,05;3429385,913;30221399,6;11941,97118;23015,11981;3747,67073;5747,67073;8760000;0;4786396,983;7409750,159;6881943,903;14855384,63;14074203,24;781181,3888
10,857086;-74,776923;-355,4629057;163,1706667;31,69279548;3,734634769;3,142473865;3,195338454;10989730,36;3497158,873;31267051,81;10931,35285;24013,48327;3940,097138;5940,097138;8760000;0;5852706,975;8082950,427;7501725,521;16876316,62;15193931,88;1682384,743
10,18825;-74,9154;-358,2500509;163,194236;31,87162982;3,710977177;3,125182457;3,21301803;10993692,75;3517776,292;31512213,29;10637,67816;24609,17553;4013,479463;6013,479463;8760000;0;5993088,976;8252958,189;7659136,464;16433093,73;15346910,7;1086183,03
7,938572;-72,604717;-355,4829498;163,4198792;31,65931285;3,739096969;3,145731901;3,19202904;11005755,12;3498630,992;31268814,92;10869,33012;24227,59588;3917,263317;5917,263317;8760000;0;5696370,941;7974730,901;7407290,467;15694429,02;15023811,37;670617,642
5,358816;-74,391022;-348,5463913;168,1455763;30,54041295;3,894451389;3,258492801;3,081568135;11320638,85;3474194,833;30658664,8;11852,2481;23559,01061;3966,421695;5966,421695;8760000;0;5616500,728;7861037,017;7301406,526;15613576,82;14936131,22;677445,5972
10,274585;-75,44265;-352,6247314;164,0299282;31,38049145;3,776664493;3,173118779;3,16447895;11046159,42;3481167,959;31017401,73;11263,79121;23577,82339;3925,880557;5925,880557;8760000;0;5747334,19;7927977,684;7358176,384;16611398,87;15077135,49;1534263,375
5,614555;-75,624452;-358,8284444;162,3195891;32,03244646;3,689952403;3,109789896;3,228921541;10938411,5;3517411,744;31563089,65;10533,42919;24526,29974;4114,655642;6114,655642;8760000;0;5932935,553;8199355,561;7609514,323;16071670,3;15282776,79;788893,5108
6,331945;-72,684051;-362,8300464;163,746918;32,09869509;3,681358943;3,103491577;3,235474411;11030252,21;3554142,79;31915076,59;10397,28888;25287,57507;3995,076767;5995,076767;8760000;0;6273917,221;8419375,31;7818351,286;16717198,78;15634941,25;1082257,537
11,068864;-72,75904;-363,0865446;166,4287176;31,71403701;3,731809332;3,14041034;3,197438072;11215468,12;3571338,426;31937638,55;10419,23781;25951,95397;4233,829982;6233,829982;8760000;0;6546726,027;8711554,308;8088547,313;16869171,12;15929733,02;939438,0975
6,018924;-73,545397;-362,4989925;166,8050385;31,61901611;3,744481139;3,14966167;3,188046411;11241935,08;3569251,639;31885956,59;10295,35005;26307,49485;4279,133995;6279,133995;8760000;0;6260720,486;8601019,478;7987907,297;16525926,03;15633832,67;892093,36
3,929815;-75,016852;-355,087967;162,2502088;31,79664243;3,720861265;3,132410459;3,205604027;10930679,02;3489542,372;31234071,63;10911,99009;23747,12364;4019,053733;6019,053733;8760000;0;5576869,004;7913615,493;7344695,658;15491803,62;14905788,84;586014,7773
6,670078;-73,174307;-364,491471;164,4115574;32,09475603;3,681868802;3,103865375;3,235084763;11082556,47;3570566,095;32061217,99;10125,01797;25950,80479;4271,43613;6271,43613;8760000;0;6251074,103;8528057,063;7920013,959;16441892,14;15619117,21;822774,935
6,26521;-73,299791;-360,6695262;167,78458;31,35076704;3,780713078;3,176065661;3,161542819;11312401;3561765,47;31725033,98;10430,44412;26241,44767;4472,090578;6472,090578;8760000;0;6292640,209;8649949,445;8032601,937;16552772,7;15669987,72;882784,9881
5,273024;-74,195145;-334,290221;175,9097115;28,66389057;4,185303673;3,466139957;2,896959646;11827816,05;3412388,478;29404670,62;13491,18312;22552,19789;3685,184565;5685,184565;8760000;0;5251717,846;7516668,85;6981575,93;15152897,54;14546810,77;606086,7707
1,288979;-77,357972;-344,2970473;168,5516388;30,22316559;3,940820111;3,291897574;3,050297695;11340188,68;3444878,956;30284886,11;12338,84841;22754,86799;3719,098678;5719,098678;8760000;0;5398939,9;7556372,928;7013905,975;15713738,14;14701406,85;1012331,287
10,749216;-75,107592;-349,8544986;165,122358;31,04341693;3,823078546;3,206849588;3,131193811;11117969,83;3466944,592;30773727,89;11381,13605;23669,8077;3897,7047;5897,7047;8760000;0;5692995,48;7948826,518;7378025,692;16760757,78;15023796,31;1736961,472
4,352665;-73,713325;-335,873516;169,157188;29,60646689;4,034108698;3,358757054;2,989578413;11373929,8;3386350,848;29543939,63;12505,30835;22676,06176;3491,080898;5491,080898;8760000;0;4574400,614;7310726,253;6786913,839;14722216,9;13858213,03;864003,8765
6,045738;-75,908448;-353,1809145;163,9114154;31,42790143;3,77022459;3,168429482;3,169162401;11041421,16;3484824,65;31066324,43;11198,05925;23637,32396;4035,753935;6035,753935;8760000;0;5750304,619;7969957,244;7397030,774;16013555,07;15083231,09;930323,9788
6,082885;-75,333901;-359,7473703;162,0969389;32,13375395;3,676827121;3,100168497;3,238942526;10920785,22;3522642,474;31643919,76;10551,34931;24460,86322;4015,324241;6015,324241;8760000;0;6002018,698;8212671,931;7622183,284;16399298,55;15352507,34;1046791,205
0,885125;-77,504211;-342,480288;169,0748155;30,03954209;3,968153992;3,31153558;3,032208877;11373048,43;3434373,014;30125081,23;12437,0911;22731,31811;3652,657907;5652,657907;8760000;0;5087013,756;7476534,037;6940601,305;15136480,89;14382946,49;753534,3995
5,531419;-76,635674;-333,8148423;172,7395779;28,99200645;4,131436851;3,428020263;2,929173929;11629655,24;3392528,148;29362855,59;12907,79756;22656,35539;4122,168381;6122,168381;8760000;0;5020446,933;7535921,166;6999497,907;15026265,31;14316870,19;709395,114
10,444396;-75,369824;-350,2374425;165,1974596;31,06037775;3,820716464;3,205135779;3,132868083;11122043,75;3470069,452;30807412,2;11531,75775;23386,21228;3870,817873;5870,817873;8760000;0;5679745,1;7865625,236;7300450,02;16676574,21;15004920,32;1671653,898
4,866508;-74,05;-343,9332906;170,0305341;30,01453288;3,971905464;3,314227715;3,029745824;11434093,89;3450002,495;30252889,52;12445,43821;23036,55058;3560,621791;5560,621791;8760000;0;5272896,396;7547378,898;7010439,526;15664625,03;14569835,77;1094789,266
5,307463;-73,814367;-353,9019605;163,3981446;31,57521273;3,750351082;3,153944204;3,183717572;10995515,11;3486274,454;31129748,73;11308,19866;23414,60996;3621,305555;5621,305555;8760000;0;5537837,109;7739510,773;7188722,172;15904179,67;14848625,71;1055553,957
6,448028;-73,143507;-357,4079591;165,2130676;31,51126031;3,758953549;3,160216937;3,177398192;11134351,25;3523286,998;31438141,63;10590,28508;25227,47756;4234,500825;6234,500825;8760000;0;5875868,703;8297659,122;7700986,679;15992782,39;15232541,15;760241,2482
3,879657;-73,768815;-343,072281;168,8301638;30,09621061;3,959679034;3,305451011;3,037790471;11363891,75;3437924,722;30177153,82;12118,10386;23233,71839;3894,245719;5894,245719;8760000;0;5000285,793;7551461,224;7013345,599;15079602,43;14298401,42;781201,0137
2,5451;-75,808756;-346,6949198;166,9177222;30,59716827;3,886268193;3,252585558;3,087164781;11232570,86;3453428,253;30495806,58;11896,99008;23184,57602;3742,677111;5742,677111;8760000;0;5286724,659;7669269,438;7123434,791;15347305,17;14592559,31;754745,8691
5,06162;-74,235403;-336,9514114;173,4369059;29,1276574;4,109559187;3,412494647;2,942500611;11664838,66;3418273,101;29638752,93;13213,05312;22376,49985;3733,143747;5733,143747;8760000;0;5186031,651;7422910,47;6890739,36;15199348,93;14478202,76;721146,167
6,46387;-73,261198;-363,3102104;166,5395675;31,70392375;3,733154022;3,141392473;3,196438417;11227119,69;3573930,918;31957312,53;10225,0248;26336,75613;4378,370469;6378,370469;8760000;0;6320178,218;8651440,977;8034691,667;16563937,92;15696927,53;867010,391
5,650743;-74,069963;-348,6615236;169,4225751;30,37164877;3,918984445;3,276181122;3,064930542;11408719,08;3482322,451;30668792,01;11365,56037;24930,23622;4055,570563;6055,570563;8760000;0;5714974,304;8251104,725;7663880,305;15648910,47;15062198,72;586711,7415
6,126656;-73,50907;-363,6068311;166,5189158;31,72956809;3,729746116;3,13890322;3,198973297;11224257,61;3575853,354;31983403,74;10216,28915;26369,92959;4324,904612;6324,904612;8760000;0;6348770,868;8682425,032;8063379,726;16505118;15727816,17;777301,8254
5,518083;-73,722009;-352,0793509;166,3814227;31,01634412;3,826854818;3,209588839;3,128521467;11201687,14;3490069,198;30969429,24;11596,39271;23592,93396;3902,56389;5902,56389;8760000;0;5735036,388;7861818,624;7301752,796;16153828,39;15055102,22;1098726,175
7,642985;-72,798952;-346,3213655;170,3320241;30,10757703;3,957983399;3,304233176;3,038910103;11465696,86;3470002,341;30462948,19;12020,34447;23865,8669;3954,878648;5954,878648;8760000;150,3469653;5591338,309;7895788,898;7333859,983;15748869;14913116,88;835752,1254
6,294999;-73,040816;-353,3172821;169,1755172;30,69133266;3,872765064;3,242830144;3,096451906;11400201,54;3515509,919;31078319,53;11432,44696;24603,17302;4341,578329;6341,578329;8760000;0;5943411,451;8174744,903;7592871,498;16127634,03;15285284,86;842349,1731
4,990947;-73,873464;-347,371656;167,7581751;30,53458349;3,895293808;3,259100719;3,080993332;11285366,28;3462724,002;30555333,32;12026,62553;23206,34572;3635,075393;5635,075393;8760000;0;5318053,918;7627383,059;7083543,39;15791247,96;14621893,59;1169354,377
9,324294;-74,566845;-359,9979932;160,5459773;32,38807596;3,644277182;3,076267522;3,264107399;10815363,79;3515742,279;31665964,92;10469,01743;24200,40725;3934,88598;5934,88598;8760000;0;5929168,153;8134133,632;7549018,941;16323765,17;15274282,84;1049482,329
3,547147;-73,705815;-348,9126544;164,2192578;31,11355586;3,813328972;3,199773844;3,138117902;11054761,67;3454857,188;30690881,85;11386,92945;23429,8759;3787,976241;5787,976241;8760000;0;5062253,919;7597847,93;7057225,763;15177524,4;14362876,09;814648,3122
6,459667;-72,500812;-357,9276336;164,2204144;31,69005392;3,734999742;3,142740388;3,195067471;11067200;3521512,639;31483852,98;10466,99984;25205,83302;4191,579308;6191,579308;8760000;0;5925680,908;8294827,389;7698413,78;16486953,5;15282094,52;1204858,982
6,096738;-72,250157;-334,8777398;171,68227;29,2119458;4,096078468;3,40291542;2,950783767;11547750,06;3393487,241;29456349,66;12834,89861;22655,14083;3708,159759;5708,159759;8760000;0;4680164,836;7292027,186;6773055,618;14647812,64;13959136,4;688676,2347
2,510252;-76,403628;-340,1277094;169,9516692;29,78255986;4,007034709;3,339400887;3,006906904;11426265,12;3421651,221;29918144,88;12768,8439;22363,87679;3481,864207;5481,864207;8760000;0;5322527,302;7453905,811;6919510,463;15615641,04;14616922,65;998718,3925
5,909978;-72,809014;-352,6779234;164,647681;31,30571506;3,786865553;3,180542227;3,157092994;11082905,62;3484596,283;31022080,58;11211,43462;23935,51624;3767,161969;5767,161969;8760000;0;5596613,957;7902765,812;7335256,916;16384563,21;14924122,85;1460440,357
4,562737;-74,528676;-352,3934218;164,3295475;31,32937259;3,783632348;3,178189988;3,159429619;11062852,16;3480865,587;30997055,39;11371,0378;23486,13884;3814,011626;5814,011626;8760000;0;5499468,676;7783535,649;7229560,574;15433169,35;14813443,75;619725,5972
4,730957;-74,435711;-328,9609407;174,6024598;28,50917131;4,211180475;3,484397987;2,881779756;11725410,5;3365118,032;28935899,1;14176,6733;20923,39574;3164,562085;5164,562085;8760000;0;4911981,049;6994007,784;6496069,256;14883618,64;14169919,58;713699,0594
6,537829;-75,087047;-357,3133594;161,7015535;32,0321645;3,689989062;3,109816756;3,228893652;10892352,82;3502570,625;31429820,5;10617,82817;24230,99838;3942,798429;5942,798429;8760000;0;5850383,172;8129915,099;7545249,266;16051315,93;15195049;856266,9247
4,203655;-74,641317;-349,0882425;165,3868105;30,96491053;3,834049195;3,21480541;3,123444907;11131117,87;3462454,629;30706326,84;11598,84854;23350,41669;3747,408709;5747,408709;8760000;0;5301238,828;7687125,799;7140146,887;15366420,17;14608217,74;758202,425
6,885175;-75,335116;-356,6553295;161,2934208;32,04643879;3,688134111;3,108457568;3,230305501;10865895,68;3495590,802;31371939,2;10553,88191;24234,02245;3965,757648;5965,757648;8760000;0;5739686,644;8107905,923;7524824,495;15887552,09;15082768,07;804784,0217
7,268705;-72,642059;-341,751892;170,0801146;29,85661142;3,995754933;3,331325091;3,014196245;11442495,12;3434817,921;30061010,42;12171,33489;23560,60773;3731,481602;5731,481602;8760000;0;5134682,602;7706212,53;7153237,377;15384563,66;14447657,75;936905,9004
4,089056;-74,478301;-335,214591;173,3096455;29,03380727;4,124671131;3,42322162;2,93328002;11655610,61;3404865,913;29485979,59;13327,64502;22106,1436;3710,895892;5710,895892;8760000;0;4952772,742;7299405,617;6776399,258;14901553,27;14235779,1;665774,1672
7,11647;-73,132562;-349,6935419;168,3695272;30,57646153;3,889249876;3,254738375;3,085122804;11339986,72;3484146,933;30759569,89;11612,24018;24072,42812;4115,005678;6115,005678;8760000;0;5651818,426;7967548,909;7400504,008;15840067,55;14978863,33;861204,2193
6,815069;-75,239862;-359,3969068;161,7817258;32,14993902;3,674738673;3,09863671;3,240543672;10902896,42;3518610,745;31613092,46;10537,4078;24352,40464;4125,395153;6125,395153;8760000;0;5948155,426;8176680,751;7594447,302;16189777,66;15290388,88;899388,7853
6,230332;-72,690289;-362,3194392;163,6220372;32,08661295;3,682923256;3,104638392;3,234279267;11020207,07;3549594,406;31870162,81;10531,66288;24989,70509;3938,804698;5938,804698;8760000;0;6231387,291;8345522,555;7749459,119;16777556,12;15587450,73;1190105,397
2,038237;-76,926279;-345,7080452;168,6104324;30,29754977;3,929851707;3,284006131;3,057627538;11349179,03;3455894,591;30408999,61;12078,90263;23252,03442;3889,672923;5889,672923;8760000;0;5362283,215;7691041,484;7143688,434;15346250,62;14669636,27;676614,3583
9,545352;-75,312697;-351,4257843;165,1703978;31,1407886;3,809556611;3,197034683;3,140806584;11121425,51;3478669,021;30911940,54;11417,13905;23604,33066;3908,369458;5908,369458;8760000;0;5729447,529;7936069,356;7365606,101;16115878,61;15059910,78;1055967,826
1,697492;-78,245716;-329,828552;175,1582158;28,4631889;4,218931077;3,489859803;2,877269618;11782247,48;3376137,767;29012215,5;13641,58489;21945,51654;3850,875758;5850,875758;8760000;0;4969210,555;7374721,236;6849576,613;15247620,95;14254355,18;993265,7756
4,847575;-74,621919;-345,4819993;168,2381809;30,349613;3,922210048;3,278504387;3,062758623;11315681,98;3451476,846;30389116,27;12166,86418;23076,24099;3582,157286;5582,157286;8760000;0;5541701,416;7709712,924;7160829,913;15894782,85;14850584,43;1044198,422
10,758735;-74,757859;-356,8997364;163,1579004;31,78489089;3,722414911;3,133546121;3,204442249;10991828,55;3507792,169;31393437,6;10739,00635;24375,81404;4037,46937;6037,46937;8760000;0;5941245,664;8186945,511;7598043,272;16717268,36;15290147,9;1427120,454
4,579268;-74,215463;-355,072188;163,7062218;31,60623846;3,746191569;3,150909741;3,18678363;11017515,26;3496614,048;31232683,69;11293,48538;23517,3031;3673,847056;5673,847056;8760000;0;5679228,985;7824585,038;7266358,085;16114079,12;14997455,94;1116623,186
4,948916;-74,593455;-349,7907954;166,3565064;30,88188211;3,845718915;3,223261088;3,115251079;11193528,62;3472734,076;30768124,46;11740,15562;23372,04902;3676,365243;5676,365243;8760000;0;5559353,732;7810661,558;7249913,694;15572143,59;14880101,6;692041,9947
9,402779;-75,680158;-353,2095786;162,9907243;31,57686666;3,750129118;3,153782299;3,183881013;10973240,92;3479390,739;31068845,77;11157,23251;23544,20263;3788,372227;5788,372227;8760000;0;5666220,675;7896800,682;7329297,585;16321601,92;14993723,77;1327878,152
9,245061;-74,498992;-360,002178;160,2427517;32,43582952;3,638228243;3,071819507;3,268833849;10794520,44;3514047,753;31666333,03;10412,68307;24237,99834;3909,197641;5909,197641;8760000;0;5901485,873;8126939,052;7542390,41;16214212,52;15246034,52;968178,009
6,439195;-75,331627;-357,2330088;162,1910951;31,9455836;3,701279572;3,118085674;3,22033088;10928930,33;3505012,844;31422752,74;10706,34968;24134,39442;4088,701063;6088,701063;8760000;0;5854984,445;8111089,794;7527991,643;16051088,99;15198082,6;853006,3895
0,870442;-77,636042;-347,2787677;167,0312382;30,62181364;3,882725181;3,250026834;3,089595285;11239379,01;3458241,913;30547162,72;12043,63926;22918,44095;3721,933013;5721,933013;8760000;0;5341863,373;7597725,577;7052368,86;15340518,07;14647220,09;693297,9758
5,802333;-72,80553;-356,6451184;163,1807433;31,7821395;3,722778849;3,13381213;3,204170246;10985245,75;3505393,844;31371041,01;11092,62341;23747,14735;3762,617859;5762,617859;8760000;0;5773307,281;7922195,261;7358215,089;16626306,16;15097287,45;1529018,703
4,059259;-74,692227;-349,1567978;166,3624628;30,83083982;3,852927477;3,228480632;3,110214595;11197930,43;3468483,076;30712357,07;11716,52807;23367,71207;3818,427838;5818,427838;8760000;0;5457222,745;7764627,639;7211945,138;15356569,8;14769905,25;586664,5512
4,085399;-76,197731;-355,4518602;163,2937274;31,66465519;3,738384301;3,145211625;3,192557061;11002332,02;3498121,375;31266080,23;10885,03007;24086,69799;4095,616839;6095,616839;8760000;0;5679490,594;8007754,424;7432065,072;15651250,57;15015179,95;636070,6219
6,091077;-75,633673;-347,6396828;168,4322264;30,44451599;3,908354903;3,26852118;3,07211336;11338824,7;3469099,351;30578909,35;12027,33322;23286,65431;3941,50261;5941,50261;8760000;0;5661960,864;7834304,36;7271941,017;15684332,89;14984324,21;700008,6799
7,064857;-73,849243;-360,2400229;162,0308137;32,17352628;3,671699241;3,096406993;3,242877182;10917900,3;3525990,066;31687254,22;10440,64579;24654,28353;4064,971138;6064,971138;8760000;0;5978458,416;8244108,519;7657131,217;15975649,75;15325435,72;650214,0289
0,959744;-77,731589;-335,6069248;171,8690333;29,24552866;4,090731327;3,399113156;2,954084528;11554902,41;3399387,393;29520489,87;13262,52634;21879,25981;3537,104747;5537,104747;8760000;0;4800926,175;7209371,226;6692501,064;14758650,72;14077796,34;680854,3795
7,204736;-72,757128;-343,5826467;168,290181;30,20950527;3,942840905;3,293350775;3,048951742;11323525,8;3438299,342;30222046,36;11916,66554;23560,45689;3728,341126;5728,341126;8760000;0;5340464,09;7811705,46;7250903,92;15823690,91;14661265,63;1162425,283
4,519763;-74,350766;-333,5043702;173,8760149;28,87169552;4,151030978;3,441903981;2,917358427;11684639,22;3394818,473;29335546;13736,53739;21531,47037;3417,716907;5417,716907;8760000;0;4843889,988;7072086,611;6564263,931;14820418,87;14111712,67;708706,1997
4,742192;-75,924374;-356,9475393;163,7589926;31,68823996;3,735241266;3,142916757;3,194888175;11037732,4;3511939,148;31397642,41;10710,5355;24533,89008;4246,384302;6246,384302;8760000;0;5862998,198;8192100,063;7602946,043;15796529,67;15212152,22;584377,4538
6,703081;-72,732089;-353,4613015;165,2280566;31,27489234;3,791086121;3,183611948;3,154048843;11122078,79;3493540,976;31090987,69;11301,6857;23910,91351;3789,853583;5789,853583;8760000;191,9944098;5848962,396;8015320,376;7444610,7;16474293,2;15179480,08;1294813,119
2,664694;-75,518023;-350,409416;164,7196495;31,13426952;3,810458989;3,197689981;3,140162943;11092351,89;3468864,072;30822539,26;11415,52511;23459,41553;3941,780822;5941,780822;8760000;0;5459530,557;7823891,425;7266915,502;15489063,93;14776506,48;712557,4467
5,062664;-75,87061;-356,6224232;163,6762257;31,67862567;3,736521894;3,143851865;3,193937887;11032113,93;3509107,428;31369044,71;10769,17407;24386,34512;4244,946746;6244,946746;8760000;0;5874564,725;8159043,865;7572173,316;15904765,96;15221435,27;683330,6856
5,639834;-73,449463;-354,9544607;163,7178223;31,59658008;3,747485467;3,15185377;3,185829139;11018326,62;3495824,18;31222328,22;11323,50825;23456,62747;3676,474684;5676,474684;8760000;0;5722563,864;7814608,363;7258314,988;16248772,33;15038857,24;1209915,095
1,503418;-77,135467;-343,8557489;168,3022511;30,22896502;3,939962801;3,291280997;3,050869128;11322738,1;3440222,245;30246068,84;12187,98614;23011,56686;3682,672802;5682,672802;8760000;0;5424108,916;7686472,538;7138814,011;15708624,88;14731767,44;976857,4404
9,273066;-75,243565;-355,6882992;162,0485949;31,87299373;3,710797876;3,12505129;3,21315289;10914461,82;3492570,461;31286877,76;10915,4132;23718,59129;3919,428577;5919,428577;8760000;0;5776841,949;7981977,609;7408192,288;16308072,66;15110627,27;1197445,395
9,149698;-75,626886;-355,0283731;162,4591015;31,76965528;3,724431069;3,13501967;3,20293607;10941137,39;3489974,08;31228829,67;10902,80027;23877,63398;3895,476033;5895,476033;8760000;0;5722654,867;7985952,356;7411863,804;16047319,29;15056743,42;990575,8713
6,551952;-73,134776;-358,6705419;164,4229362;31,71420388;3,731787152;3,140394139;3,197454567;11078983,92;3527895,998;31549200,31;10699,47621;24797,88435;4140,429399;6140,429399;8760000;0;5965977,555;8217126,615;7631085,513;16123792,88;15312018,66;811774,2227
4,259556;-73,565408;-336,8987819;170,5931741;29,47698107;4,054245444;3,373128349;2,976841242;11476368,37;3402292,23;29634123,56;12759,11297;22473,20722;3745,428569;5745,428569;8760000;0;4840815,979;7344070,42;6821644,471;14770958,42;14123241,93;647716,4878
6,443469;-73,337368;-362,8090621;166,1643699;31,72464077;3,730400441;3,139381211;3,198486233;11201935,22;3568198,466;31913230,77;10322,38364;26020,81712;4375,104138;6375,104138;8760000;0;6359137,2;8647476,697;8030276,553;16524689,01;15736337,34;788351,6696
5,597542;-75,818982;-346,9368466;167,5591528;30,51807281;3,897681712;3,260823703;3,079365368;11279401,41;3459065,082;30517086,82;12012,86077;23073,61602;3894,710779;5894,710779;8760000;0;5598432,01;7728307,504;7173048,464;15740912,76;14913691,05;827221,7089
10,449089;-74,956867;-355,5994923;164,6510703;31,48130247;3,76299658;3,163163646;3,174438223;11092004,56;3506617,361;31279066,17;10950,81501;24364,22698;4073,322007;6073,322007;8760000;0;5954885,981;8207049,757;7616690,67;16358668,04;15305245,07;1053422,972
4,915395;-73,943328;-347,0747518;167,9546489;30,48629904;3,902285136;3,264144428;3,076232625;11299629,24;3461743,036;30529217,18;12026,96704;23247,97239;3677,287481;5677,287481;8760000;0;5371300,354;7681053,969;7129767,488;15695461,39;14682586,84;1012874,552
6,028062;-75,429433;-355,8372977;162,8409491;31,7710335;3,724248599;3,134886317;3,203072318;10965436,66;3497873,784;31299983,9;11069,03756;23655,7283;3862,16229;5862,16229;8760000;0;5797547,058;7950653,323;7383840,46;16266764,26;15124359,92;1142404,342
4,993785;-75,811918;-354,1918904;163,3268852;31,57033986;3,751005194;3,154421308;3,183236036;11006775,84;3489316,982;31155251,39;10967,07403;23891,45364;4178,84951;6178,84951;8760000;0;5667753,922;7974465,561;7401261,328;15662230,87;15000958,15;661272,7142
5,878381;-73,677567;-357,0813368;165,4456347;31,45551396;3,766483753;3,165704515;3,171890343;11150350,02;3522233,35;31409411,44;10869,98923;24697,41919;4264,374793;6264,374793;8760000;0;5928099,446;8187873,245;7605112,781;16091238,55;15270859,91;820378,6404
5,511811;-73,24466;-356,3438749;162,3631043;31,8905673;3,708489157;3,123362191;3,214890547;10926608,04;3498348,052;31344543,19;11099,3584;23546,55603;3612,945544;5612,945544;8760000;0;5680052,592;7803399,532;7248011,106;16473491,26;14995441,02;1478050,244
5,768046;-72,937042;-359,5528012;164,7960017;31,72473714;3,73038764;3,13937186;3,19849576;11101351,65;3536169,7;31626805,17;10723,02564;24894,54174;4053,147973;6053,147973;8760000;0;6102240,994;8274876,865;7683852,078;16625605,17;15453265,78;1172339,393
5,532758;-74,10269;-354,9007989;163,8558133;31,55333818;3,753289166;3,156087041;3,181555975;11036688,59;3496953,171;31217608,05;10917,99783;24228,45433;3987,430008;5987,430008;8760000;0;5702940,188;8049640,792;7471309,21;15682352,23;15041271,77;641080,4592
8,570107;-74,557676;-357,0407426;161,5531608;32,03795007;3,689237004;3,109265719;3,22946589;10881445,58;3499683,386;31405840,72;10746,02792;23929,29215;3911,389957;5911,389957;8760000;0;5770085,421;8022257,449;7445425,793;15937749,94;15106917,08;830832,8593
5,271195;-75,49129;-346,2135527;168,007341;30,41771491;3,912257973;3,271334542;3,069471328;11305637,39;3455971,025;30453464,81;12159,27018;22948,4061;3772,005555;5772,005555;8760000;0;5572413,791;7694037,866;7145864,267;15685711,45;14880587,39;805124,0552
5,336224;-74,300626;-350,2129618;167,3070643;30,75839473;3,863204148;3,235916895;3,103067201;11267135,87;3481899,022;30805258,85;11656,19976;23690,26588;4041,408334;6041,408334;8760000;0;5673974,18;7909020,708;7345963,369;15556339,72;14997031,52;559308,1977
6,543957;-73,308399;-364,5279306;165,1213014;31,98628055;3,695964102;3,114193604;3,224355598;11133352,22;3575035,35;32064425,03;10068,57048;26233,59351;4395,555967;6395,555967;8760000;0;6379526,375;8682351,254;8062867,608;16529528,86;15759010,02;770518,8362
5,946313;-75,523455;-348,9234415;166,8061886;30,7533215;3,863925817;3,236438886;3,102566721;11228122,4;3469282,999;30691830,7;11599,29076;23740,0789;3836,76311;5836,76311;8760000;0;5719041,841;8002003,625;7426583,405;16120100,41;15054462,06;1065638,353
10,919033;-74,870385;-355,9763752;162,1794041;31,87818503;3,710115578;3,124552139;3,213666195;10920948,32;3495204,38;31312217,36;10867,60945;23890,28183;3838,079797;5838,079797;8760000;0;5827881,617;8036975,164;7459192,992;16978027,19;15165663,79;1812363,406
6,419203;-72,691729;-360,4474459;163,9885054;31,90752598;3,706263883;3,121733869;3,21656746;11044666,99;3537991,211;31705499,46;10562,04611;25034,39668;3942,20714;5942,20714;8760000;0;6037448,285;8296046,236;7705595,971;16563288,75;15387898,55;1175390,196
5,164509;-75,76722;-353,5081089;163,131436;31,56290484;3,752003665;3,155149542;3,18250132;10988959,22;3482864,782;31095104,94;11119,80418;23576,63432;4013,590098;6013,590098;8760000;0;5695114,124;7928028,073;7358677,29;15810084,2;15024464,91;785619,2936
4,565057;-75,749827;-346,943592;168,094006;30,43803249;3,909298404;3,269201337;3,071474207;11319348,82;3462420,222;30517680,16;11971,96634;23259,83607;4047,896582;6047,896582;8760000;0;5626941,678;7818273,921;7256474,635;15710971,85;14948740,96;762230,8842
6,899525;-73,283669;-358,3068593;161,8340474;32,08122277;3,68362156;3,105150284;3,233746088;10900579,91;3510483,847;31517210,25;10619,89948;24274,68445;3921,655951;5921,655951;8760000;0;5843340,343;8137408,017;7557753,26;15937175,89;15182995,1;754180,7904
5,789748;-75,785499;-357,4984679;162,5601291;31,91956794;3,704685356;3,120578635;3,217758229;10948840,55;3508593,061;31446102,92;10849,49201;24007,17458;3928,162432;5928,162432;8760000;0;5881799,793;8072545,174;7492128,85;16172064;15222216,12;949847,8849
5,281108;-76,630143;-331,9105769;173,8114606;28,74482325;4,171890458;3,456662124;2,904902829;11698640,68;3384374,943;29195353,55;13154,88333;22487,73898;4047,299868;6047,299868;8760000;0;4964094,257;7468287,413;6936708,546;14896301,79;14255673,12;640628,6704
6,683269;-75,220018;-356,8265064;161,9640486;31,94749611;3,701029442;3,117902559;3,220520011;10915630,05;3500952,914;31386996,18;10629,84396;24202,90733;4150,427715;6150,427715;8760000;0;5841798,522;8121999,402;7537924,186;16094933,74;15185873,74;909060,0065
5,030452;-75,117729;-348,090356;165,681797;30,86107692;3,84865399;3,225386641;3,113198106;11149133,82;3456681,341;30618551,25;11750,88132;23139,56913;3695,652174;5695,652174;8760000;0;5492154,514;7707315,081;7158175,357;15861696,83;14801294,24;1060402,59
4,877968;-74,467437;-343,6885202;170,3274425;29,95659114;3,980623572;3,320481122;3,024039955;11455684,79;3450007,505;30231359,15;12467,58395;23053,11265;3626,620636;5626,620636;8760000;0;5360920,581;7619728,72;7075513,338;15331283,25;14665135,96;666147,2916
2,260941;-76,740336;-344,5397545;169,4230179;30,10651556;3,958141688;3,304346869;3,038805543;11407253,09;3452196,015;30306235;12186,41667;23212,24372;4035,932176;6035,932176;8760000;0;5452286,779;7728640,331;7174009,866;15456608,68;14766917,24;689691,4342
7,347989;-72,946491;-335,1948927;174,7629372;28,8253249;4,158631356;3,447283915;2,91280551;11769552,3;3414152,297;29484246,9;13104,90476;22772,91555;4315,289824;6315,289824;8760000;1000;5438129,521;7650145,545;7104206,603;15814238,98;14743068,46;1071170,516
1,601318;-76,970504;-350,9553073;166,3653518;30,9527559;3,835753212;3,216040567;3,122245311;11196510,54;3481458,119;30870556,67;11661,80758;23507,12679;3758,600583;5758,600583;8760000;0;5601678,088;7800148,281;7244965,601;15620832,65;14916860,77;703971,8845
5,315367;-75,799005;-352,2103162;163,5960001;31,42597061;3,770486442;3,168620196;3,168971653;11011975,91;3475322,136;30980949,15;11346,6912;23346,28358;3740,291078;5740,291078;8760000;0;5667513,85;7845522,262;7282243,751;15892308,45;14990792,36;901516,0898
5,196515;-73,14563;-345,4223116;166,6831734;30,54494768;3,893796318;3,258020054;3,082015278;11216941,47;3442870,603;30383866,05;11593,98592;23756,3724;3729,747843;5729,747843;8760000;0;5009744,866;7630969,766;7088486,019;15239609,29;14312228,61;927380,6786
1,350814;-77,523953;-349,0387359;166,0177071;30,86475222;3,848135182;3,225010959;3,113560763;11177733,65;3465952,145;30701972,17;11366,23133;23967,79367;3902,483932;5902,483932;8760000;0;5401980,366;7889070,26;7322628,988;15361054,74;14728421,64;632633,0992
10,873586;-74,978704;-354,0586387;162,8460751;31,65315374;3,739918926;3,146331928;3,191420299;10964485,41;3484847,01;31143530,37;11030,99633;23755,99209;3814,438166;5814,438166;8760000;0;5742333,868;7964068,227;7392141,669;16831388,73;15074260,43;1757128,303
5,988953;-73,771346;-348,2129127;168,375465;30,48563361;3,902381658;3,264214043;3,076167019;11337015,34;3473122,533;30629331,52;11746,89269;23836,15349;4000,312785;6000,312785;8760000;0;5664246,11;7956271,912;7389854,446;15919383,1;14990663,58;928719,5199
9,244241;-74,42818;-359,5957486;160,4002179;32,38784533;3,644306444;3,076289035;3,264084574;10803380,57;3511822,344;31630582,89;10465,53564;24196,0292;3853,374083;5853,374083;8760000;0;5900647,435;8119388,033;7535441,21;16273544,76;15244594,26;1028950,507
1,427277;-77,097101;-356,1481309;162,5770393;31,82291864;3,717391934;3,129874022;3,208201835;10951333,29;3498969,355;31327325,25;10907,24393;23870,7174;3979,351123;5979,351123;8760000;0;5707393,103;7960887,879;7389167,586;15686452,46;15039113,4;647339,0666
8,958436;-75,835615;-352,9824646;164,1828757;31,38775401;3,775676593;3,172399572;3,165196361;11053967,13;3484418,301;31048868,48;11232,4551;23723,40739;3839,753405;5839,753405;8760000;0;5678291,402;7911954,309;7343325,254;15909838,1;15006920,46;902917,6482
0,919652;-77,568701;-338,9359436;170,2906352;29,65342531;4,026854124;3,353574311;2,994198623;11453120,68;3415198,119;29813315,37;12826,71784;22282,78827;3637,342492;5637,342492;8760000;0;4909552,295;7314827,589;6790202,508;14909030,3;14194177,38;714852,9289
5,408694;-73,296049;-351,0724837;164,5973963;31,21014541;3,799981979;3,190078975;3,147654858;11077401,53;3472453,698;30880863,69;11417,86195;23513,33317;3698,654899;5698,654899;8760000;0;5369790,476;7717422,136;7168348,882;15900071,54;14678863,73;1221207,808
10,378291;-74,880847;-357,7190475;163,196611;31,83310143;3,716049172;3,12889215;3,209208595;10994981,53;3514017,422;31465505,43;10617,48155;24636,81755;4053,026231;6053,026231;8760000;0;5984607,587;8262920,022;7668412,676;16405015,53;15339114,93;1065900,597
5,610244;-75,45487;-354,1810677;163,6837547;31,5438854;3,754560212;3,157013911;3,1806219;11018685,1;3490223,803;31154299,41;11265,40928;23532,65612;3767,889553;5767,889553;8760000;0;5678842,151;7841581,973;7278126,079;15747952,81;15002298,05;745654,7689
5,759166;-73,91336;-333,4249517;175,4118877;28,67274325;4,183832409;3,465100816;2,897828408;11792242,38;3403145,539;29328560,23;13493,78857;22431,43616;3598,572879;5598,572879;8760000;0;5322519,225;7499841,074;6965885,213;15546039,99;14616475,09;929564,8997
5,550091;-74,00405;-327,9571803;175,1508833;28,36955519;4,234799577;3,501032474;2,86808753;11768204,7;3361352,626;28847606,84;13938,97343;21503,38798;3379,049845;5379,049845;8760000;0;4881070,36;7182338,698;6668308,354;14821776,01;14155100,7;666675,3026
3,015382;-76,642238;-355,7154367;162,5294787;31,7924458;3,721415947;3,132815927;3,205189138;10951907,95;3495867,043;31289264,81;10845,62349;23934,52605;4110,424272;6110,424272;8760000;0;5635444,668;7971209,051;7398393,854;15682730,35;14968259,87;714470,4816
5,383378;-73,686972;-356,2708894;163,5787517;31,69805248;3,733935121;3,141962926;3,195858073;11012290,3;3504907,781;31338123,27;11080,03241;23885,54683;3781,560914;5781,560914;8760000;0;5762464,253;7916929,077;7353457,353;16206263,7;15085935,98;1120327,726
5,55458;-73,865553;-355,9498934;163,8037626;31,64979841;3,740366855;3,1466589;3,191088676;11024602,67;3503590,004;31309887,98;11225,02706;23683,2763;3692,211221;5692,211221;8760000;0;5784845,788;7860644,369;7301150,484;16061673,45;15104339,67;957333,7776
5,964693;-75,735544;-358,4613909;162,7208274;31,94406067;3,701478773;3,118231502;3,220180277;10967201,86;3517122,398;31530803,07;10660,98081;24347,28358;4194,029851;6194,029851;8760000;0;5960036,903;8186328,936;7603379,148;15948033,05;15302986,69;645046,3573
4,617759;-75,636533;-339,273756;170,6308237;29,62889123;4,030641203;3,356280187;2,991784661;11477343,73;3419661,974;29843029,85;12838,8263;22337,09533;3694,019463;5694,019463;8760000;0;5368086,926;7489827,034;6956528,357;15538819,91;14661385,6;877434,3105
6,155667;-75,786647;-352,9204462;163,6442225;31,44456786;3,767965818;3,166784198;3,17080892;11025514,05;3481612,059;31043413,24;11153,8806;23624,37906;4101,172687;6101,172687;8760000;0;5686354,783;7929872,932;7359956,576;15700665,21;15016271,14;684394,0754
6,246631;-75,581775;-354,8799799;162,7910954;31,69705084;3,734068409;3,142060265;3,195759067;10969756,72;3491262,354;31215776,78;11007,82524;23663,30612;4132,459442;6132,459442;8760000;0;5741354,307;7949894,511;7378592,783;15871190,31;15072656,04;798534,2739
6,245847;-73,419292;-363,908572;166,553102;31,73982342;3,728384977;3,137908822;3,199987046;11228764,96;3578422,955;32009945,32;10167,67612;26451,87878;4402,585652;6402,585652;8760000;0;6396894,539;8731923,894;8109118,744;16607912,68;15779699,69;828212,987
5,355317;-73,456759;-351,7862107;162,3940768;31,57614947;3,750225364;3,153852503;3,183810141;10929350,05;3465396,696;30943644,19;11075,33019;23597,2161;3636,235536;5636,235536;8760000;0;5161423,521;7651256,28;7107137,812;15679742,56;14465541,99;1214200,571
4,520304;-74,593926;-355,2528005;163,389619;31,64837646;3,740556714;3,146797487;3,190948138;11003667,31;3496782,795;31248570,64;11030,7249;23877,60734;3921,293125;5921,293125;8760000;0;5670723,648;7935834,152;7370818,288;15685027,86;14995739,51;689288,346
5,317251;-73,396457;-347,439498;165,868536;30,79556868;3,85792417;3,232096978;3,106734622;11159893,66;3452833,792;30561300,8;11616,15865;23504,47583;3630,352099;5630,352099;8760000;0;5142070,83;7628676,268;7086143,567;15672896,46;14444603,53;1228292,925
5,689082;-73,230285;-353,5294193;164,6096957;31,36884608;3,778249629;3,174272672;3,163328617;11079961,36;3490551,225;31096979,44;11252,62415;23842,68188;3754,029358;5754,029358;8760000;0;5629138,017;7846069,702;7286832,713;16271599,46;14948375,01;1323224,457
1,001159;-77,448913;-348,5935428;166,6376441;30,75970714;3,863017501;3,235781886;3,103196673;11214396,49;3465745,493;30662812,31;11833,43876;23228,57969;3756,967958;5756,967958;8760000;0;5405031,267;7708392,177;7154958,596;15401159,02;14718464,85;682694,1668
5,068705;-73,877888;-344,6144447;167,5006602;30,39308935;3,915850934;3,273923655;3,067043902;11265635,03;3441019,465;30312804,86;12051,65679;23112,35238;3543,762123;5543,762123;8760000;0;5157417,758;7558051,465;7015827,736;15603885,04;14459641,49;1144243,551
3,220984;-76,313265;-353,1868341;163,593427;31,47394193;3,763991242;3,163888457;3,173710995;11020167,79;3483108,82;31066845,13;11119,25327;23710,06081;4029,600406;6029,600406;8760000;0;5522424,058;7884724,186;7318091,636;15621679,09;14849056,61;772622,4845
10,79445;-74,916077;-353,2566699;164,7072146;31,32352099;3,784431565;3,178771492;3,158851653;11092705,97;3489620,44;31072987,99;11245,53041;23799,26433;3976,999411;5976,999411;8760000;0;5837835,382;8016261,683;7439977,94;16907843,89;15174119,13;1733724,765
4,737205;-74,344594;-348,9111165;167,8856934;30,6217863;3,882729109;3,250029671;3,089592588;11292222,06;3474498,146;30690746,58;12092,27411;23128,43077;3579,406341;5579,406341;8760000;0;5492140,518;7653361,163;7108681,341;15790952,5;14796820,34;994132,1572
1,207854;-77,466136;-348,7196033;166,6392457;30,75948358;3,863049294;3,235804883;3,103174618;11218560,8;3467007,808;30673900,78;11754,97681;23338,37576;3898,647361;5898,647361;8760000;0;5425930,939;7732894,228;7177923,949;15430075,09;14740901,22;689173,8708
4,812564;-74,102569;-346,2547138;169,0183343;30,29408449;3,930361359;3,284372953;3,057286041;11368869,15;3461503,706;30457085,4;12182,81913;23258,96414;3627,244154;5627,244154;8760000;0;5363262,442;7677635,969;7129697,261;15690596,31;14671201,15;1019395,158
6,559708;-76,886773;-335,4488159;172,3114108;29,15044403;4,105906282;3,409899885;2,944739705;11600519,08;3402011,634;29506582,37;12832,2766;22696,76168;4096,614614;6096,614614;8760000;0;5126916,058;7577273,57;7037788,31;15139956,23;14426401,32;713554,9147
6,997275;-72,107939;-337,9195194;170,2150509;29,57677466;4,038708989;3,362042105;2,986657296;11458721,82;3408262,437;29723909,17;12287,1295;23254,15737;3994,890485;5994,890485;8760000;0;4647335,062;7393392,592;6862945,332;14600750,53;13937782,32;662968,2042
6,483027;-72,497007;-363,8560236;166,4411391;31,76022481;3,725680093;3,135932434;3,202003804;11217593,75;3577115,894;32005323,08;10436,9099;25900,02292;4280,932379;6280,932379;8760000;0;6424334,976;8610463,141;7997563,005;17013143,17;15797235,11;1215908,054
4,964641;-73,91207;-349,2208252;166,3734735;30,84471274;3,850965631;3,227060383;3,11158342;11193261,53;3468562,778;30717989,02;11772,83998;23327,48372;3627,828534;5627,828534;8760000;0;5404710,652;7690431,506;7142211,808;15748691,68;14712930,35;1035761,331
7,612192;-72,64701;-337,4927785;172,9506131;29,22368008;4,094208563;3,401585933;2,951937061;11631597,35;3419463,032;29686372,39;12846,68899;23018,96465;3687,229214;5687,229214;8760000;1000;5321963,066;7623721,791;7081134,131;15711029,16;14623550,72;1087478,432
6,137429;-73,098749;-355,0957051;166,7148026;31,14936225;3,808370473;3,196173254;3,141653091;11233449,07;3514655,863;31234752,29;11010,93102;24799,13043;4220,074931;6220,074931;8760000;0;5865176,725;8175885,512;7594097,676;16107252,35;15206964,56;900287,7871
8,041299;-72,868231;-339,071688;172,1962235;29,40690697;4,065224757;3,380955082;2,969950011;11587600,89;3427315,836;29825255,65;12489,54591;23461,96737;3895,065668;5895,065668;8760000;79,09676627;5256737,956;7695143,306;7147160,062;15795602,4;14564642,1;1230960,292
6,056866;-73,481639;-361,1458292;166,7158575;31,53915855;3,755196113;3,157477589;3,180154823;11237594,94;3559041,87;31766930,3;10432,34463;25968,0962;4341,822298;6341,822298;8760000;0;6184029,579;8539004,932;7930116,906;16486065,21;15552917,61;933147,6024
3,793653;-73,837999;-343,1617973;168,5629353;30,13521907;3,953865686;3,301275124;3,041633067;11347098,52;3437186,569;30185027,81;12068,13048;23245,43621;3927,865691;5927,865691;8760000;0;5011729,903;7563419,274;7024411,545;15113921,45;14310737,63;803183,8217
6,173995;-75,339345;-357,9385746;161,0155495;32,1741455;3,671619515;3,096348499;3,242938443;10847874,09;3503440,938;31484815,37;10632,51607;23977,36547;3986,106547;5986,106547;8760000;0;5826257,463;8051095,552;7472396,469;16270111,07;15164956,55;1105154,523
6,149903;-75,615479;-350,3459067;166,093927;30,9315899;3,838724114;3,218193654;3,120156418;11187268,19;3476256,99;30816952,88;11532,05327;23576,77786;4068,572051;6068,572051;8760000;0;5660006,69;7893601,95;7326845,611;15687973,47;14986763,03;701210,4414
5,422397;-71,732198;-353,7387146;161,2933614;31,85904631;3,712632218;3,126393119;3,211773824;10860925,5;3473947,481;31115389,36;10817,47378;23745,20891;3799,247691;5799,247691;8760000;0;5198777,206;7675022,07;7129278,2;15541858,33;14504521,08;1037337,253
5,560497;-72,985898;-361,9554423;163,77903;32,04242955;3,68865493;3,108839209;3,229908949;11029192,32;3547688,246;31838145,09;10581,20098;24952,41912;3888,438347;5888,438347;8760000;0;6131354,634;8262335,793;7672508,848;16782530,73;15481181,58;1301349,154
6,990996;-72,907445;-321,9550363;179,4442495;27,45995366;4,395202698;3,613233586;2,779025309;12081017,38;3343547,294;28319649,22;14043,04999;22192,3777;4346,054288;6346,054288;8760000;1000;4925427,156;7458942,633;6924104,86;15071355,13;14219264,93;852090,1994
5,227451;-73,12721;-344,2928746;167,745276;30,3296547;3,925136026;3,280611364;3,060791562;11286682,28;3440420,406;30284519,07;11900,66932;23438,82711;3707,561006;5707,561006;8760000;0;5033155,231;7576620,453;7037871,892;15156524,65;14331903,79;824620,8561
10,335432;-74,881687;-357,2682883;163,4631835;31,76588063;3,724930907;3,135384952;3,202562918;11011898,69;3512136,104;31425855,98;10713,2528;24525,52247;4027,276028;6027,276028;8760000;0;5986803,843;8244593,038;7651432,739;16455384,9;15339964,14;1115420,754
4,272534;-74,414901;-347,5487692;167,7011777;30,55027913;3,89302643;3,257464417;3,082540988;11283359,02;3463847,207;30570912,46;11967,39319;23289,66826;3696,479157;5696,479157;8760000;0;5376063,266;7681879,486;7134035,646;15616457,21;14683907,11;932550,1037
5,423673;-75,702104;-351,4814037;164,7703407;31,20497842;3,800693654;3,190596157;3,147144636;11092747,29;3476700,51;30916832,9;11302,00016;23756,93312;3830,701883;5830,701883;8760000;0;5716080,123;7994397,498;7419648,451;16118492,2;15050829,17;1067663,026
4,713606;-75,097934;-343,2803554;168,243468;30,20982574;3,942793474;3,293316669;3,048983317;11313402,06;3435260,924;30195456,36;12289,01786;22855,9448;3493,190983;5493,190983;8760000;0;5399032,561;7603164,487;7061952,472;15825469,08;14700244,58;1125224,507
8,799282;-75,698799;-353,828903;163,2273639;31,58027695;3,749671522;3,153448513;3,184218021;10990907,36;3485361,284;31123322,48;11120,82469;23665,50551;3855,114201;5855,114201;8760000;0;5663328,346;7913645,985;7344865,939;15847472,11;14992108,39;855363,7205
6,50658;-72,593105;-359,6383056;166,929018;31,4140538;3,772103352;3,169797757;3,167794399;11249879,29;3549084,248;31634326,26;10383,57292;26162,11903;4271,678045;6271,678045;8760000;0;6304314,481;8689091,047;8069065,197;16813670,03;15684340,33;1129329,695
5,074911;-75,964628;-347,3543164;166,0690799;30,75484736;3,863708734;3,23628187;3,102717249;11176888,36;3453620,174;30553808,1;11779,98293;23166,44425;3767,167345;5767,167345;8760000;0;5582825,476;7777845,739;7219112,545;15966782,06;14901558,67;1065223,391
10,701952;-74,716172;-356,7154879;163,67853;31,69513707;3,734323098;3,142246261;3,195569904;11027376,54;3509392,843;31377230,82;10770,66712;24452,47674;4070,34799;6070,34799;8760000;0;5954567,788;8203866,234;7613707,681;16657987,01;15304726,34;1353260,669
7,999855;-73,510914;-353,0212491;165,4569024;31,1996058;3,801433928;3,191134094;3,146614115;11143897,34;3492143,237;31052280,02;11258,15758;23979,44328;4023,114303;6023,114303;8760000;0;5799686,424;8054653,2;7481100,66;15922031,73;15133238,96;788792,771
4,655286;-74,389193;-329,0348506;174,1837881;28,56223542;4,202270537;3,478115311;2,886985244;11698350,86;3363416,624;28942400,33;14092,40898;20964,91451;3190,227581;5190,227581;8760000;0;4939091,238;7033105,542;6532318,099;14923882,25;14199878,68;724003,569
0,906367;-77,792505;-332,3451796;172,1396889;29,00416464;4,129466748;3,4266232;2,930368178;11571867,61;3377047,005;29233581,85;13495,88849;21480,82269;3509,02168;5509,02168;8760000;0;4634698,747;7073408,385;6566555,61;14520995,69;13901551,52;619444,165
5,221176;-73,456917;-340,8746179;167,3378303;30,17350035;3,948176878;3,297186954;3,045404377;11252273,57;3412688,977;29983844,07;12176,92564;22833,46803;3458,915762;5458,915762;8760000;0;4751803,961;7352938,031;6830169,817;15139615,48;14034572,17;1105043,304
7,307692;-72,481915;-346,7591627;166,9920996;30,57918156;3,888857948;3,254455424;3,085391033;11243491,71;3454799,726;30501457,48;11560,27505;23836,5378;3941,981375;5941,981375;8760000;0;5166897,793;7708506,431;7158559,58;15241791,45;14476844,64;764946,8083
2,507139;-78,452992;-337,5365532;170,3440152;29,54297743;4,043957733;3,365788845;2,983332599;11463415,85;3405863,046;29690222,88;12703,93438;22464,37421;3873,028864;5873,028864;8760000;0;5102878,648;7462505,047;6931332,601;15237228,48;14394051,09;843177,3822
5,012754;-74,469686;-354,8414055;163,0600728;31,67382493;3,737161676;3,144318997;3,193463384;10979222,91;3491764,964;31212383,71;11046,50388;23780,45258;3832,554051;5832,554051;8760000;0;5563165,517;7850832,507;7292146,772;15600250,58;14881851,25;718399,3246
9,898273;-74,859783;-359,8909714;161,9933878;32,15582262;3,673980057;3,098080239;3,241125732;10915247,93;3523229,578;31656551,12;10476,60803;24569,11959;4060,717747;6060,717747;8760000;0;6015636,961;8252447,495;7658654,579;16452749,17;15369429,88;1083319,295
6,31616;-72,559982;-357,5325599;164,4337001;31,64696393;3,740745334;3,146935168;3,190808532;11074936,17;3519276,876;31449101,7;10782,69234;24691,63806;3973,706272;5973,706272;8760000;0;5861050,454;8185515,267;7597171,34;16508063,68;15209394,38;1298669,296
7,298414;-72,495983;-341,5761349;169,0512695;29,9638193;3,979533961;3,319699777;3,024751712;11381581,69;3428497,29;30045550,57;11717,29898;24107,55282;3983,772214;5983,772214;8760000;0;4966631,699;7754549,204;7197456,226;15007402,87;14283724,68;723678,1926
10,738591;-74,754765;-356,4952712;163,1367799;31,75969091;3,725750831;3,135984125;3,201951025;10990908,19;3504771,628;31357860,23;10811,72896;24208,59131;4057,811736;6057,811736;8760000;0;5920526,231;8149456,685;7563346,419;16742409,9;15266636,5;1475773,403
8,255016;-76,150756;-352,7119961;164,2639513;31,35690146;3,779876851;3,17545706;3,162148752;11059937,48;3482943,484;31025077,66;11313,38368;23568,23636;3863,520527;5863,520527;8760000;0;5623712,034;7864918,663;7299790,374;15539905,44;14948840,32;591065,1131
4,259564;-77,363702;-320,1917114;175,5034681;27,82311504;4,329768774;3,567624074;2,814553152;11799648,62;3307424,877;28164544,51;14131,13158;21090,24114;3671,529661;5671,529661;8760000;0;4533385,03;7019893,901;6520189,848;14582461,56;13793089,08;789372,4727
9,145448;-75,50879;-352,7989957;163,7048589;31,44305693;3,768170482;3,166933286;3,17065965;11022423,03;3480472,128;31032730,28;11197,39755;23650,35572;3848,40074;5848,40074;8760000;0;5684575,542;7928036,369;7358177,379;15952255,97;15014434,53;937821,4335
8,849317;-76,426708;-353,9933748;162,3575234;31,71689415;3,731429609;3,14013298;3,197720493;10933282,16;3481789,54;31137789,66;11017,26257;23619,98357;3861,183687;5861,183687;8760000;0;5619418,061;7883183,669;7316781,641;16110582,72;14945820,09;1164762,628
4,392485;-75,687866;-341,4482736;170,4083458;29,7983607;4,004622666;3,337674544;3,008462164;11462435,23;3434257,918;30034303,7;12407,85032;23184,79997;3672,869166;5672,869166;8760000;0;5338440,561;7682424,527;7131147,921;15273588,52;14649717,17;623871,3556
6,566273;-75,517685;-355,9184031;161,8939334;31,90892516;3,706080403;3,121599597;3,216705817;10905257,64;3493483,806;31307118,05;10951,79687;23579,78704;3959,967856;5959,967856;8760000;0;5777001,712;7940559,945;7369915,541;16167478,42;15107646,12;1059832,305
10,514146;-74,191453;-355,8506505;165,6718338;31,35043414;3,780758468;3,176098694;3,161509937;11161414,43;3514190,049;31301158,43;10921,69664;24711,7624;4123,795305;6123,795305;8760000;0;6006053,462;8293756,645;7696806,39;16508843,46;15363003,72;1145839,74
4,721104;-73,968161;-345,7018433;167,6372271;30,44407752;3,908418697;3,268567169;3,072070134;11275836,45;3449779,633;30408454,08;12045,53367;23150,73105;3583,104856;5583,104856;8760000;0;5176646,262;7571003,362;7032419,728;15604988,87;14475229,9;1129758,973
9,15784;-74,285137;-359,7680103;160,603887;32,36980063;3,646597337;3,077973091;3,26229869;10816495,2;3514161,715;31645735,29;10507,81704;24173,78579;3839,193927;5839,193927;8760000;0;5919688,463;8125311,334;7540789,528;16295942,97;15264210,27;1031732,704
6,485603;-75,39263;-352,7956997;163,0701508;31,53138628;3,756242172;3,158240291;3,179386828;10981358,21;3477049,621;31032440,36;11199,92019;23437,90074;3891,15802;5891,15802;8760000;0;5682095,083;7891501,774;7324359,616;16202405,98;15009237,24;1193168,743
8,861725;-73,812172;-360,0816487;160,9981677;32,32556924;3,652224763;3,082108649;3,257921354;10845451,16;3518841,285;31673323,39;10443,8416;24389,63983;3933,146413;5933,146413;8760000;0;5915251,067;8164561,278;7577171,3;16104653,36;15262641,04;842012,3115
10,769546;-73,000629;-363,0979267;167,0018977;31,6256069;3,743599485;3,14901828;3,188697775;11257398,45;3574891,425;31938639,74;10355,90695;26205,18367;4365,776003;6365,776003;8760000;0;6559368,128;8781716,697;8156444,723;17034009,86;15944640,1;1089369,758
6,850028;-75,816645;-346,2502532;169,4626572;30,19767185;3,944593079;3,29461063;3,047785827;11417444,53;3465491,318;30456693,04;11590,96081;24379,75523;4281,141665;6281,141665;8760000;0;5533024,808;8098690,843;7516766,531;15649608,77;14874949,12;774659,6458
5,486309;-70,410515;-351,8604535;164,2424016;31,30021904;3,787617452;3,181089172;3,156550175;11059797,56;3476732,957;30950174,69;11161,90449;23864,54065;3903,531286;5903,531286;8760000;0;5284134,917;7724217,736;7174947,263;15847175,29;14593405,39;1253769,905
11,773767;-72,438739;-364,1672664;164,2547269;32,10967065;3,67993903;3,102450508;3,236560118;11065907,82;3566828,155;32032700,47;10344,56448;25525,69156;4058,811415;6058,811415;8760000;0;6565281,918;8628544,731;8009983,288;17170932,23;15943843,36;1227088,873
4,190393;-74,486641;-345,6372193;167,131136;30,5044537;3,899653567;3,262246258;3,078022561;11243864;3446663,162;30402769,66;11914,79232;23251,76872;3639,271205;5639,271205;8760000;0;5165526,008;7598539,29;7053417,693;15261153,49;14470647,61;790505,8822
8,639891;-72,734496;-354,0919447;161,962994;31,7802925;3,723023199;3,133990724;3,203987652;10907443,11;3480368,663;31146460,02;10892,71507;23759,51464;3871,377768;5871,377768;8760000;764,8241866;5666260,293;7925787,066;7361552,581;15792087,29;14989729,95;802357,34
3,71065;-73,242253;-347,882336;164,8686874;30,9535464;3,835642344;3,215960209;3,122323328;11098095,8;3450943,133;30600253,5;11453,01204;23483,31314;3794,07879;5794,07879;8760000;0;5028546,415;7581259,88;7042037,498;15238750,19;14327768,8;910981,3975
4,760874;-76,221611;-351,1537376;164,4149277;31,2353749;3,796510741;3,187555995;3,150146256;11068062,36;3472272,293;30888010,91;11522,25667;23198,02161;3803,288692;5803,288692;8760000;0;5631197,477;7793955,8;7234216,947;15922680,24;14950936,33;971743,9109
4,970857;-73,378933;-350,7625657;162,4932638;31,48727143;3,762190346;3,162576104;3,175027968;10938376,42;3458691,92;30853602,84;10883,35225;23999,71663;3714,848264;5714,848264;8760000;0;5053920,481;7723317,905;7174230,911;15376371,18;14363007,47;1013363,701
5,403025;-75,487223;-351,5972773;164,4392196;31,25297176;3,794093319;3,18579857;3,151884014;11073744,65;3475971,378;30927025,32;11219,01333;23790,75291;3935,979954;5935,979954;8760000;0;5647731,833;7985909,802;7412303,902;15764524,48;14981337,73;783186,7479
4,906062;-76,042779;-336,1631849;170,5850542;29,42080652;4,063042353;3,379399837;2,971316821;11480867,86;3397309,704;29569419,34;12771,39208;22374,05875;3925,925926;5925,925926;8760000;0;5252249,793;7513831,688;6978793,815;15617729,25;14547287,67;1070441,58
5,955939;-72,947918;-349,9437973;167,2702958;30,76451358;3,862334091;3,235287536;3,10367084;11255485,89;3478975,445;30781582,73;11618,32968;23888,54769;3711,232686;5711,232686;8760000;0;5563172,185;7871781,736;7311643,864;16334605,88;14883310,06;1451295,827
9,380269;-75,268716;-354,9456709;162,3632758;31,7797615;3,723093454;3,134042073;3,203935157;10933983,16;3488779,953;31221555,06;10975,55489;23705,6119;3870,82431;5870,82431;8760000;0;5762486,539;7968707,017;7395896,337;16295478,78;15095297,22;1200181,562
5,007321;-73,471207;-350,568659;162,8636388;31,42124767;3,771127102;3,169086792;3,168505074;10962836,75;3459304,673;30836546,51;11142,61826;23564,30165;3718,391691;5718,391691;8760000;0;5069262,22;7612458,663;7071174,416;15430198,6;14370546,47;1059652,131
4,156908;-76,288313;-354,5660853;163,3717168;31,59499401;3,74769803;3,152008848;3,185672397;11007003,51;3492059,838;31188166,13;11032,01786;23805,98241;4083,054648;6083,054648;8760000;0;5719195,601;7981416,412;7407818,132;15797007,83;15052793,88;744213,9521
4,314905;-72,087649;-350,5296274;163,4706888;31,32721886;3,783926468;3,178403991;3,159216893;11005346,64;3462538,642;30833113,23;11068,76124;23873,49306;3790,069003;5790,069003;8760000;0;5067840,043;7649989,009;7106203,349;15514473,84;14371625,7;1142848,141
4,682022;-74,71438;-349,0849244;166,1827866;30,85561523;3,849425219;3,22594508;3,112659184;11183630,21;3466776,38;30706034,98;11771,03179;23231,13631;3737,200896;5737,200896;8760000;0;5589372,764;7775519,07;7221914,635;15754739,75;14902977,2;851762,5516
6,46012;-75,556743;-350,1358633;165,0698014;31,07842612;3,818206053;3,20331402;3,134649778;11110218,44;3468351,33;30798477,15;11582,39054;23287,30382;3754,131618;5754,131618;8760000;0;5676067,934;7818668,905;7256915,527;16305219,15;14997821,31;1307397,839
5,730582;-73,933155;-343,807185;171,3953149;29,80927016;4,002958958;3,336483618;3,009536006;11535934,88;3457512,819;30241797,09;12399,69192;23388,86398;3950,612152;5950,612152;8760000;0;5579923,109;7782892,875;7228880,972;15668781,42;14893935,01;774846,4055
8,558666;-74,262922;-355,3735829;162,5846305;31,77891879;3,723204955;3,134123567;3,203851848;10947549,19;3493017,732;31259194,84;10959,60524;23822,22862;3828,318066;5828,318066;8760000;0;5720739,098;7970144,21;7397034,705;16018355,17;15053848,6;964506,5666
5,249795;-73,766113;-354,5204298;162,9016295;31,67855896;3,736530783;3,143858355;3,193931293;10967119,37;3488426,682;31184150,21;11000,27729;23852,6734;3775,145578;5775,145578;8760000;0;5638800,171;7931854,796;7362256,445;16054904,71;14968398,52;1086506,185
1,222589;-77,677035;-326,5782832;175,6077453;28,20985351;4,262134065;3,520247292;2,852432443;11809482,07;3354730,815;28726316,97;14050,13927;21252,56214;3771,427298;5771,427298;8760000;0;4681315,249;7036971,416;6536147,873;14881160,05;13942138,79;939021,2608
10,026631;-74,622242;-357,573451;163,1363849;31,8430376;3,714739846;3,127934633;3,210190992;10985968,29;3512211,595;31452698,55;10804,63983;24292,41572;3882,045924;5882,045924;8760000;0;5974688,542;8179536,227;7592195,776;16400656,69;15322028,99;1078627,693
6,303913;-70,204286;-352,2308375;164,7305082;31,25626514;3,793641215;3,185469863;3,152209255;11092144,54;3482106,257;30982754,23;11166,84438;24002,58786;3898,327201;5898,327201;8760000;0;5376631,657;7779678,873;7226435,702;15975312,14;14689874,83;1285437,307
5,454578;-73,361945;-346,7069993;166,1549217;30,7051647;3,870789273;3,241401903;3,097816279;11180179,6;3449180,302;30496869,11;11711,59903;23371,07415;3677,78321;5677,78321;8760000;0;5116909,558;7596860,203;7056206,562;15593217,63;14417563,2;1175654,432
9,847047;-74,236515;-359,7632031;161,2257119;32,27652918;3,658483918;3,086706431;3,253068539;10857570,41;3517526,093;31645312,44;10556,98452;24260,68612;3829,566854;5829,566854;8760000;0;5976874,733;8167266,609;7579641,303;16408268,15;15324500,04;1083768,11
10,250431;-74,916144;-358,6578449;163,3674394;31,87222108;3,710899448;3,125125595;3,213076492;11005936,69;3521758,202;31548083,47;10593,22034;24745,32486;4037,076271;6037,076271;8760000;0;6043185,616;8300540,083;7709156,324;16514944,92;15394569,38;1120375,54
9,498062;-73,975842;-360,8898039;160,1511798;32,51367879;3,628409182;3,064594927;3,276539909;10787037,25;3519890,069;31744409,94;10403,61883;24249,18412;3859,318124;5859,318124;8760000;0;5965850,337;8158003,036;7571046,555;16293580,81;15312806,82;980773,9931
11,151628;-72,61232;-361,7975548;165,2282472;31,80414791;3,719869647;3,131685551;3,206346046;11133741,28;3555191,318;31824257,07;10494,17059;25458,39522;4172,67114;6172,67114;8760000;0;6393479,385;8545816,458;7934455,234;16652049,15;15764840,61;887208,5363
5,103495;-73,798227;-355,3268451;161,6138632;31,9269864;3,703713558;3,119867364;3,218491817;10878988,11;3487003,401;31255083,71;10968,43589;23567,45714;3688,445085;5688,445085;8760000;0;5449751,313;7741812,387;7190366,798;15889159,21;14761196,9;1127962,307
4,171713;-76,167925;-357,2245801;163,0226479;31,82324209;3,717349268;3,129842825;3,208233814;10984285,67;3509532,677;31422011,34;10748,46443;24294,7001;4090,079944;6090,079944;8760000;0;5789159,832;8087434,293;7505936,234;15787544,47;15130657,89;656886,5798
5,255699;-75,152829;-345,2202072;166,1526105;30,60880641;3,884594311;3,251376782;3,088312507;11179104,72;3438267,993;30366088,64;11845,72349;23099,13793;3650,410107;5650,410107;8760000;0;5438489,097;7716347,013;7162607,717;15894551,51;14752228,39;1142323,116
9,302322;-75,395445;-352,9766609;163,9841828;31,41630427;3,771797897;3,169575312;3,16801672;11040445,38;3483256,996;31048357,98;11286,05949;23554,35352;3831,506938;5831,506938;8760000;0;5744971,546;7934578,994;7364193,044;16359594,67;15075357,5;1284237,175
5,409681;-76,416063;-329,8396365;174,5160593;28,53442453;4,20693566;3,481405353;2,884256949;11742546,31;3372932,802;29013190,52;13387,7005;22247,97854;3949,494103;5949,494103;8760000;0;4898199,067;7401783,303;6874903,853;14917304,19;14185078,52;732225,6725
2,777834;-76,323877;-332,7697891;171,8202722;29,0758909;4,117881384;3,418403513;2,937414364;11547893,17;3378153,904;29270931,14;13214,47221;22019,22506;3400,75479;5400,75479;8760000;0;5055636,114;7345630,366;6819577,022;15307713,32;14341689,46;966023,8599
0,663593;-76,873276;-335,065657;168,5977937;29,61264114;4,033153389;3,35807473;2,990185862;11343380,5;3377941,651;29472879,13;12545,02711;22330,22469;3731,822885;5731,822885;8760000;0;4359992,877;7153139,919;6644678,167;14309772,45;13628454,63;681317,8229
5,167486;-73,368476;-336,1199433;171,5617774;29,31503037;4,079708163;3,391270004;2,96091658;11535444,47;3401511,664;29565615,74;12878,30006;22587,13118;3556,986478;5556,986478;8760000;0;4749903,997;7329001,168;6807785,799;15013504,19;14031119,37;982384,8188
1,174194;-76,879283;-332,5385073;169,8068767;29,30152941;4,081844924;3,392790843;2,959589331;11419647,79;3365856,698;29250587,25;12963,98707;21864,60869;3597,849618;5597,849618;8760000;0;4314997,926;7105269,98;6596376,553;14263735,68;13583891,35;679844,322
6,136871;-75,265465;-355,7899097;162,0662392;31,86797703;3,711457459;3,125533799;3,212656854;10919853,64;3493756,377;31295815,57;10883,64488;23732,03603;4068,720382;6068,720382;8760000;0;5760135,617;7968980,664;7401535,284;16402856,56;15087581;1315275,561
6,293759;-75,02849;-355,0454588;162,3524728;31,78789768;3,722017269;3,133255471;3,204739503;10933351,03;3489454,061;31230332,55;11022,0375;23602,6696;3875,848194;5875,848194;8760000;0;5739352,38;7938720,743;7372836,134;16082810,43;15065236,99;1017573,445
4,543951;-74,878106;-360,141642;161,4534201;32,2503951;3,661828099;3,089162089;3,250482588;10880608,49;3522187,627;31678600,49;10487,67698;24365,32354;4108,023073;6108,023073;8760000;0;5855988,707;8131983,07;7553058,884;15799524,91;15194912,89;604612,0153
5,879827;-71,890348;-352,9580958;164,2367819;31,37665961;3,777185929;3,173498371;3,164100437;11058396,03;3484607,439;31046724,96;11262,16465;23664,85062;3870,96643;5870,96643;8760000;0;5453478,005;7763955,887;7211149,818;15664401,78;14766284,07;898117,7019
4,850589;-74,263103;-349,1071824;166,7782511;30,78545056;3,859359892;3,233135831;3,105736383;11218381,25;3469814,397;30707992,83;11885,92938;23234,96305;3567,107095;5567,107095;8760000;0;5358608,973;7607607,851;7066396,268;15743283,11;14659820,56;1083462,557
11,015322;-74,888627;-359,6610904;161,1240693;32,27958997;3,658092644;3,086419076;3,25337141;10853131,52;3516415,385;31636330,45;10441,82703;24441,51759;3907,985732;5907,985732;8760000;0;5970521,598;8197179,854;7608061,977;16913582,66;15319639,48;1593943,187
10,402781;-74,823094;-358,0261594;163,547499;31,80266259;3,720065845;3,131828983;3,206199201;11018363,78;3518188,203;31492519,46;10659,12988;24653,53547;4055,451684;6055,451684;8760000;0;6027906,755;8288765,209;7692302,869;16493631,66;15384369,1;1109262,563
5,610777;-75,176262;-347,561056;165,2067718;30,883783;3,845450967;3,223067019;3,115438656;11121262,28;3450521,572;30571993,23;11626,04126;23208,91067;3824,646673;5824,646673;8760000;0;5512471,215;7764714,414;7207229,608;15909358,54;14829956,02;1079402,519
4,674338;-75,658387;-334,103497;171,9711844;29,12940509;4,109278792;3,4122955;2,94267234;11565306,79;3389304;29388246,09;13236,8812;21913,68817;3664,72331;5664,72331;8760000;0;5164871,913;7312363,283;6791792,251;15238001,13;14445442,95;792558,1883
4,763325;-73,611037;-342,9262437;171,3058197;29,7642834;4,009828197;3,341399851;3,005108048;11529811,13;3450593,059;30164308,17;11741,33522;24759,1628;3917,632949;5917,632949;8760000;0;5241367,183;8009215,82;7439691,296;15567075,53;14570891,71;996183,8187
5,293783;-72,703231;-332,4266287;175,207708;28,6198841;4,192632246;3,471314374;2,892641374;11786515;3395404,082;29240746,24;12708,57907;23923,42863;3847,217229;5847,217229;8760000;0;4784444,764;7694070,613;7142449,603;14743925,36;14096065,77;647859,5866
5,779894;-73,11782;-355,1189339;164,5379882;31,47884842;3,763328149;3,163405267;3,174195759;11078160,99;3501973,365;31236795,53;11093,80845;24115,93407;3853,701446;5853,701446;8760000;0;5743983,922;7987124,084;7412988,804;16424596,42;15078119,2;1346477,214
5,994935;-76,783042;-332,9142007;172,7672426;28,93161236;4,141250232;3,434976206;2,923242253;11631160,36;3386096,34;29283633,8;12942,77686;22595,26812;4111,579235;6111,579235;8760000;0;4955010,298;7481989,891;6949029,53;15026831,85;14247970,66;778861,1942
2,253156;-76,613365;-333,3618554;173,0665094;28,96316563;4,13611752;3,431338657;2,926341171;11629575,05;3389223,918;29323010,19;13538,65377;21724,30228;3367,905799;5367,905799;8760000;0;5078108,051;7245756,134;6729935,754;15442724,62;14353928,43;1088796,187
4,126369;-73,622601;-341,7271101;169,6190201;29,9074282;3,988050112;3,325804912;3,019199216;11415505,68;3432403,878;30058830,56;12265,6098;23170,5378;3867,867729;5867,867729;8760000;0;4987139,519;7524992,363;6989820,863;14976536,48;14282311,02;694225,4641
8,40214;-73,208622;-335,2189959;170,4825095;29,3802638;4,06941446;3,383940082;2,967330195;11469985,8;3389535,725;29486367,05;12562,66052;22842,40614;3772,542508;5772,542508;8760000;0;5056834,128;7531342,432;6995092,634;15859977;14353083,93;1506893,071
5,403997;-73,795855;-355,6605196;163,885041;31,61682778;3,744773962;3,149875349;3,187830143;11030870,29;3502002,165;31284434,22;11104,9417;23950,06274;3717,842963;5717,842963;8760000;0;5731378,98;7920125,325;7356473,643;16162257,63;15055030,66;1107226,972
2,939621;-73,206314;-347,4737636;167,1955181;30,60164188;3,885624601;3,252120812;3,087605954;11255603,68;3461004,167;30564314,85;11809,27429;23390,08786;3901,094361;5901,094361;8760000;0;5204157,871;7635555,436;7087137,37;15312793,1;14512575,94;800217,1592
5,723486;-72,849292;-355,9481694;163,3204281;31,71772003;3,731319862;3,140052817;3,197802129;10993277,89;3500985,024;31309736,33;11007,15465;23987,90681;3713,813979;5713,813979;8760000;0;5678671,768;7900307,065;7338150,478;16404798,02;15000828,36;1403969,663
6,147148;-75,377316;-357,9921864;161,7906753;32,06714565;3,685446492;3,106487924;3,232353651;10897322,02;3507923,511;31489531,15;10692,29857;24113,48085;3911,415469;5911,415469;8760000;0;5890020,601;8099577,645;7517187,527;16345383,12;15232410,72;1112972,397
8,937485;-74,039134;-359,7386144;160,719931;32,34849391;3,649306004;3,079963887;3,260190038;10824999,91;3514651,571;31643149,58;10476,33246;24264,37409;3865,698544;5865,698544;8760000;0;5889310,171;8132779,527;7547702,291;16107499,44;15234387,41;873112,0373
4,802832;-74,741666;-357,4443635;160,7335672;32,18730837;3,669925573;3,095105604;3,244240704;10827050,47;3498119,889;31441343,82;10647,35329;23890,10346;3913,540017;5913,540017;8760000;0;5615723,342;7946872,664;7381195,462;15502392;14941400,54;560991,46
9,718653;-75,121178;-353,0918966;164,5630789;31,33794067;3,782462706;3,177338905;3,160275905;11080752,3;3487431,662;31058494,28;11268,04551;23741,39716;3893,751205;5893,751205;8760000;0;5771175,754;7987543,477;7413217,147;16356703,88;15105502,08;1251201,794
5,370487;-74,152213;-349,1600556;168,2539575;30,5611302;3,891460401;3,256334098;3,083610981;11330285,82;3479460,485;30712643,63;11664,07991;23956,07866;4045,492618;6045,492618;8760000;0;5644995,574;7952795,452;7386738,376;15627051,37;14971052,65;655998,7217
8,661774;-75,133831;-356,063958;161,4050314;31,9982084;3,694409026;3,113054664;3,225535259;10869489,47;3491583,234;31319921,27;10764,13905;23875,86191;3837,369645;5837,369645;8760000;0;5745950,94;8001671,347;7426349,611;16005908,79;15081272,68;924636,1165
5,009008;-73,540444;-342,5432204;165,2779821;30,54866928;3,893258869;3,257632174;3,082382248;11121635,28;3414024,263;30130616,86;11636,83239;23268,67828;3669,093252;5669,093252;8760000;0;4613966,79;7412342,426;6885567,947;14871977,69;13900741,27;971236,4176
3,239634;-74,351508;-339,5132658;168,0267677;29,97844707;3,977330674;3,318119637;3,026192145;11305422,02;3407177,335;29864097,49;12307,50636;22661,33685;3724,221206;5724,221206;8760000;0;4614375,998;7276444,276;6759171,155;14542913,81;13891649,12;651264,6934
3,419793;-76,241799;-350,3555705;165,3406833;31,03854318;3,823757828;3,207342385;3,130712714;11136222,53;3472102,815;30817802,92;11448,16771;23541,13873;4033,184384;6033,184384;8760000;0;5459952,804;7817337,622;7255641,873;15518625,56;14781648,55;736977,0102
4,212037;-76,318818;-339,78982;169,8210165;29,77413341;4,008322189;3,340322233;3,006077522;11419266,71;3418612,311;29888423,62;12843,09172;22143,53454;3545,647006;5545,647006;8760000;0;5320435,522;7426673,75;6897867,263;15766259,03;14609242,01;1157017,016
5,123104;-74,953007;-354,2597032;162,9133616;31,64874655;3,740507298;3,146761416;3,190984716;10972736,86;3486993,58;31161216,3;10956,43507;23881,23823;3946,057311;5946,057311;8760000;0;5694930,951;7993478,069;7418824,636;15694337,24;15029584,38;664752,8559
5,236471;-75,784343;-354,9359248;162,2939957;31,78372032;3,722569739;3,133659288;3,204326526;10931879,92;3488534,942;31220697,78;11007,68847;23581,55383;3961,764076;5961,764076;8760000;0;5720123,131;7917187,095;7348059,866;15835920,42;15049250,36;786670,0568
5,937438;-73,513655;-356,4050106;164,776091;31,5190471;3,757904056;3,159451884;3,178167591;11099466,73;3513098,834;31349920,78;10785,84761;24763,31753;4035,760323;6035,760323;8760000;0;5739918,398;8105662,145;7529024,808;16086539,48;15076555,73;1009983,741
6,552116;-74,78716;-355,1682605;162,2254394;31,82078451;3,717673474;3,130079881;3,207990839;10922172,32;3489422,871;31241134,37;11056,01134;23530,75637;3780,082727;5780,082727;8760000;0;5716847,653;7896238,132;7328604,947;15935779,84;15044480,84;891299,0051
8,786939;-76,241476;-348,7825676;166,4747754;30,79182085;3,858455851;3,232481702;3,106364864;11204854,15;3466331,809;30679439,22;11760,8747;23315,21397;3800,463402;5800,463402;8760000;0;5582220,396;7781381,217;7222399,094;15784101,76;14901202,52;882899,2364
1,407913;-77,390772;-353,2868032;162,8062073;31,61711628;3,744735356;3,149847177;3,187858654;10957116,53;3478618,457;31075638,56;11268,90325;23306,12527;3655,86254;5655,86254;8760000;0;5378695,837;7648241,585;7099302,583;15323246,16;14687634,84;635611,3229
5,72141;-72,486023;-336,4821012;171,5081715;29,33477476;4,076587191;3,389048219;2,962857692;11537358,83;3404306,485;29597471,7;12623,43757;23034,10003;3742,327168;5742,327168;8760000;0;4865118,539;7467277,184;6931882,091;15216416,62;14160513,63;1055902,983
4,567356;-74,953418;-360,2050854;161,8357745;32,20059903;3,668216739;3,093851624;3,245555639;10904731,37;3524645,876;31684181,07;10449,82608;24578,90777;4058,809163;6058,809163;8760000;0;5876008,134;8188863,621;7599661,105;15776531,93;15225210,65;551321,277
4,608085;-76,076859;-348,4329259;167,2779535;30,65228623;3,878353164;3,246868485;3,092600649;11261747,01;3468494,971;30648684,22;11852,50963;23314,02689;3926,254817;5926,254817;8760000;0;5656673,75;7847257,685;7288431,724;15857644,5;14975499,71;882144,7888
6,658995;-72,733616;-356,1696547;164,5450177;31,54187241;3,754830993;3,157211358;3,180422988;11081488,8;3509897,672;31329218,51;10979,976;24319,09835;3951,146994;5951,146994;8760000;0;5911985,024;8149583,037;7568594,564;16404322,42;15252973,5;1151348,919
7,344057;-73,899909;-358,9593741;161,3424462;32,19077149;3,669480155;3,094778762;3,244583331;10871396,89;3512818,76;31574606,43;10493,41986;24345,44375;4043,1605;6043,1605;8760000;0;5831029,884;8131600,124;7546583,114;15856247,88;15176046,89;680200,9884
4,74762;-73,531489;-341,6858713;168,4419705;30,06492361;3,964353733;3,308807669;3,034708749;11333795,88;3425341,394;30055203,14;11843,75502;23758,1536;3731,193053;5731,193053;8760000;0;4784956,245;7613287,728;7071720,764;14996820,8;14086523,21;910297,5884
8,276558;-73,868172;-358,7836155;161,7836605;32,11522814;3,679220464;3,101923619;3,237109876;10899824,44;3513891,951;31559146,44;10524,52973;24425,1667;4010,558927;6010,558927;8760000;0;5873138,153;8167043,167;7579404,776;16074641,53;15220776,54;853864,9867
2,649359;-75,634497;-351,9480199;164,4480646;31,27741348;3,790740555;3,183360646;3,154297831;11073274,73;3478485,778;30957877,17;11357,99325;23513,80873;3903,884891;5903,884891;8760000;0;5524533,287;7859912,592;7295109,617;15693871,96;14849336,26;844535,6992
3,254651;-76,228722;-346,3897097;168,3151172;30,37617997;3,918321809;3,275703785;3,065377165;11332116,37;3459444,782;30468959,84;11983,53559;23329,05;3978,585906;5978,585906;8760000;0;5400903,828;7761504,835;7204479,434;15479727,31;14717929,23;761798,0765
5,200793;-75,868334;-351,4052384;163,7134401;31,35198871;3,780546515;3,17594444;3,16166349;11021255,92;3470229,447;30910133,29;11337,86848;23379,70686;3792,095766;5792,095766;8760000;0;5628414,782;7843046,553;7284588,205;15854188,21;14946873,13;907315,078
3,233254;-76,417673;-353,4468436;163,1216812;31,56071279;3,752298141;3,155364307;3,182284708;10988066,95;3482344,946;31089715,95;11040,58223;23744,95754;4001,660499;6001,660499;8760000;0;5503505,525;7882386,078;7315925,426;15621465,53;14829966,18;791499,3521
10,398602;-75,153101;-355,7357173;163,8681078;31,60302179;3,746622397;3,151224084;3,18646574;11039593,57;3503271,515;31291048,73;10857,26832;24331,53959;4059,441447;6059,441447;8760000;0;5906733,573;8175794,785;7587703,048;16557947,62;15254825,31;1303122,307
4,011567;-75,605959;-350,5215145;164,7575558;31,15445662;3,807666025;3,195661615;3,142156083;11086331,26;3469181,847;30832399,6;11589,18489;23222,71437;3643,786384;5643,786384;8760000;0;5437434,809;7715813,82;7161521,756;15600876,27;14751726,87;849149,3923
6,379472;-75,444238;-357,4783079;161,9869544;31,99287521;3,695104175;3,113563808;3,225007805;10915069,35;3505651,41;31444329,62;10710,96076;24067,17672;4079,277701;6079,277701;8760000;0;5848935,374;8082487,599;7501750,27;15952962,79;15189672,7;763290,0914
6,401683;-72,555264;-361,6508506;164,982785;31,8316102;3,716245755;3,129035904;3,209061158;11116520,02;3552698,134;31811352,75;10450,39886;25489,83423;4139,506157;6139,506157;8760000;0;6105939,883;8370326,995;7773480,973;16785613,52;15462785,91;1322827,619
8,526259;-74,038003;-357,2902987;161,9272633;32,00189531;3,693928611;3,11270278;3,225899898;10905265,06;3503471,364;31427792,05;10737,16214;24075,54157;3872,153972;5872,153972;8760000;0;5800971,442;8044254,845;7471552,798;16002582,7;15133673,49;868909,2066
1,332371;-74,847867;-344,8818873;165,873517;30,61914146;3,883109028;3,250304077;3,08933175;11163108,57;3434481,299;30336329,52;11750,2788;23181,37312;3738,836165;5738,836165;8760000;0;4792433,765;7441308,098;6911968,397;14900221,86;14081773,47;818448,396
5,584305;-73,542539;-366,0933101;165,8124191;31,99847056;3,694374862;3,113029641;3,225561187;11175532,38;3589921,611;32202118,17;10277,46914;26052,07763;4267,200679;6267,200679;8760000;0;6568046,962;8682019,941;8062759,749;17018838,33;15947307,15;1071531,171
6,325615;-75,766413;-353,1535416;164,8337364;31,28666005;3,789473678;3,182439293;3,155211037;11106838,11;3490039,272;31063916,67;11138,79364;23983,27694;4176,461071;6176,461071;8760000;0;5779365,497;8064261,763;7484849,263;15911992,83;15118778;793214,8285
6,676554;-74,840059;-356,3593974;161,7407306;31,9733538;3,697650856;3,115428838;3,223077176;10889687,03;3495405,479;31345908,57;10953,79183;23604,94243;3768,266778;5768,266778;8760000;0;5753964,045;7925335,324;7361000,287;15996166,16;15078299,08;917867,0778
0,96952;-77,521227;-346,1280303;167,2481133;30,51612125;3,897964151;3,261027476;3,079172947;11254068,82;3451080,65;30445942,13;12101,40515;22857,59036;3733,242381;5733,242381;8760000;0;5363689,107;7605136,449;7063780,356;15333181;14665045,2;668135,7998
4,875208;-74,56132;-347,89554;168,3843434;30,48541396;3,90241352;3,264237022;3,076145364;11326791,67;3469966,056;30601414,94;12142,24581;23152,90368;3630,35938;5630,35938;8760000;0;5532897,701;7700500,346;7152363,499;15449876,13;14841034,55;608841,5825
1,570358;-77,2808;-353,4215023;163,8513404;31,45768905;3,766189388;3,165490057;3,172105236;11035053,7;3486049,08;31087486,9;11160,48719;23732,11948;3949,655721;5949,655721;8760000;0;5593728,426;7870674,743;7305087,978;15539247,42;14919315,19;619932,2311
4,413601;-76,152277;-341,4936608;170,9420788;29,73052156;4,014998565;3,34509857;3,00178526;11499219,94;3437632,613;30038296,02;12707,42597;22692,66638;3729,778372;5729,778372;8760000;0;5462912,106;7617191,297;7074802,871;15800324,51;14765300,53;1035023,974
9,333157;-75,541264;-353,5228345;163,2626936;31,55493132;3,753075031;3,155930881;3,181713402;10993100,45;3483314,706;31096400,23;11157,38715;23600,87125;3850,93382;5850,93382;8760000;0;5704787,685;7924118,308;7354561,6;16229899,07;15034344,39;1195554,68
5,505231;-73,850703;-354,0353123;164,5948805;31,4149349;3,771983754;3,169710662;3,167881442;11074199,03;3493757,07;31141478,55;11476,91065;23430,04756;3592,698562;5592,698562;8760000;0;5707338,319;7795008,576;7240138,373;16033416,34;15022208,52;1011207,816
7,666147;-76,681531;-345,5750905;169,5746907;30,15732996;3,950577936;3,298912647;3,043811297;11415648,86;3460427,749;30397304,71;12178,56295;23298,25518;3974,802983;5974,802983;8760000;0;5548739,308;7799486,976;7239252,92;15686045,1;14868973,37;817071,7351
11,204679;-74,199829;-359,902079;163,7433316;31,88798;3,708828884;3,12361076;3,214634714;11036898,06;3533378,167;31657528,17;10390,44056;25204,43733;4240,65841;6240,65841;8760000;0;6146379,994;8450397,706;7842036,124;17089601,26;15514741,58;1574859,689
8,504099;-75,508035;-354,8491121;162,5068137;31,75961823;3,725760461;3,135991162;3,20194384;10940189,52;3488590,674;31213061,6;11057,96035;23621,07015;3754,562565;5754,562565;8760000;0;5730682,988;7926607,972;7356846,526;15875100,91;15060444,43;814656,4769
5,668885;-72,993392;-356,3675375;164,4813824;31,5705724;3,750973972;3,154398536;3,183259016;11074277,5;3510741,389;31346624,59;11123,22723;24038,23749;3850,817522;5850,817522;8760000;0;5787497,335;7963982,197;7395941,128;16571269,35;15115538,4;1455730,951
5,574796;-74,889543;-352,8987619;163,1163209;31,5349473;3,755762828;3,1578908;3,179738699;10982920,56;3477929,18;31041505,87;11178,49416;23518,34624;3836,291798;5836,291798;8760000;0;5620753,787;7878373,397;7312214,988;15673572,34;14946912,2;726660,1434
8,082105;-72,800577;-348,7535839;165,4916742;30,91165315;3,841526594;3,220224246;3,118188926;11146001,89;3461250,222;30676889,77;11339,36432;23820,77745;4018,934583;6018,934583;8760000;267,7409313;5487997,445;7845479,567;7285848,316;15779950,11;14807360,95;972589,1525
5,822964;-73,03063;-356,0120759;165,328553;31,4256372;3,770531661;3,16865313;3,168938716;11130996,04;3512847,756;31315357,64;11075,50364;24389,02657;3860,048978;5860,048978;8760000;0;5880296,642;8085457,973;7503862,312;16506474,32;15221892,3;1284582,018
5,283443;-73,17098;-333,9731958;173,1325377;28,97537584;4,134134628;3,429933012;2,927540435;11644237,51;3394887,735;29376784,61;12752,28589;23266,13302;3702,184637;5702,184637;8760000;0;4715504,544;7508087,453;6974246,104;14884100,83;14009345,89;874754,9371
10,511862;-73,072638;-358,9461885;166,8069044;31,3823925;3,776405851;3,172930489;3,164666739;11243277,65;3543499,515;31573446,6;10689,47087;25455,96294;4338,856227;6338,856227;8760000;0;6244391,9;8483979,904;7880027,863;16872872,26;15608343,94;1264528,321
5,690879;-73,92326;-344,9406466;170,6668902;29,98126292;3,976906814;3,317815626;3,026469435;11484697,18;3461523,626;30341498,07;12291,07722;23438,9337;3848,336278;5848,336278;8760000;0;5513217,049;7760445,626;7203364,462;15462996,19;14830298,21;632697,9757
1,263276;-77,514512;-345,1555813;168,1796588;30,32158654;3,926320065;3,281463852;3,059996402;11319000,18;3449375,244;30360404,05;12031,86634;23243,50172;3834,251986;5834,251986;8760000;0;5452684,264;7732324,535;7176968,418;15591883,82;14768040,38;823843,4419
10,605294;-75,287855;-350,9687214;164,5512312;31,20527235;3,800653162;3,190566732;3,147173661;11076428,24;3471617,793;30871736,6;11378,24117;23553,96753;3772,034346;5772,034346;8760000;0;5687851,386;7904580,142;7336590,171;16903759,71;15015841,36;1887918,356
10,38839;-75,136404;-356,3212458;163,8833985;31,63750927;3,742008328;3,147857023;3,189874098;11041786,81;3507715,481;31342552,69;10775,86207;24492,11207;4098,060345;6098,060345;8760000;0;5936070,011;8206270,666;7621974,897;16478575,43;15280365,78;1198209,651
5,145224;-73,683533;-352,8899374;161,492488;31,78240087;3,722744274;3,133786858;3,204196085;10869461,76;3468475,123;31040729,65;11001,34856;23481,59572;3638,191138;5638,191138;8760000;0;5216668,467;7654451,452;7109997,079;15700538,29;14521122,84;1179415,455
7,378678;-73,914605;-359,0913338;161,2582509;32,21231098;3,666712176;3,092747411;3,246714409;10865799,38;3513316,134;31586213,8;10476,33927;24356,26452;4042,752493;6042,752493;8760000;0;5833377,447;8134873,308;7549616,437;15867404,8;15178634,32;688770,4764
1,212352;-77,278795;-344,6762075;168,4354219;30,26492128;3,934655632;3,287463204;3,054412159;11331668,71;3446934,007;30318237,61;12331,20477;22747,17899;3690,851003;5690,851003;8760000;0;5267374,328;7515449,917;6975952,525;15271618,78;14566871,72;704747,0594
10,74298;-74,976985;-352,5338665;164,6280105;31,28682154;3,78945156;3,182423206;3,155226986;11087272,97;3483909,037;31009409,12;11270,68551;23724,45343;3972,33625;5972,33625;8760000;0;5791215,922;7982940,13;7409076,09;16720637,88;15125079,96;1595557,918
4,453755;-75,786887;-349,4904225;165,9553684;30,90134959;3,842976518;3,221274652;3,117172135;11174518,67;3468974,203;30741703,2;11574,07407;23495,62963;3944,444444;5944,444444;8760000;0;5586714,006;7840738,928;7282551,258;15510357,64;14904901,68;605455,9633
4,151314;-74,885446;-358,5728344;161,7755573;32,10029238;3,681152234;3,103340026;3,235632414;10900114,12;3512381,509;31540605,81;10576,4146;24301,17962;4042,305658;6042,305658;8760000;0;5742307,786;8070961,621;7490608,634;15665062,93;15082660,77;582402,1568
3,376745;-74,802815;-349,6331756;165,1595493;31,02993701;3,824957892;3,208212933;3,129863195;11117367,65;3465283,596;30754259,98;11486,74738;23500,38997;3792,113723;5792,113723;8760000;0;5405489,073;7773498,287;7220276,174;15542016,03;14718711,19;823304,8476
7,787303;-75,533476;-355,1436537;162,8064735;31,72161856;3,730801887;3,139674459;3,198187491;10966645,23;3492924,306;31238969,92;11007,473;23726,67161;3984,76307;5984,76307;8760000;0;5707730,179;7966966,408;7394166,169;15643007,17;15040530,42;602476,7571
6,162355;-73,523132;-361,6453469;165,0943371;31,80363204;3,719937786;3,131735364;3,206295045;11129296,28;3553715,428;31810868,64;10392,77538;25570,342;4328,160932;6328,160932;8760000;0;6197828,632;8492153,057;7886377,153;16344465,3;15563604,54;780860,7668
3,015008;-76,485141;-353,5130566;162,9558363;31,59221722;3,74807023;3,152280384;3,185397985;10975592,82;3481794,599;31095540,15;11044,30367;23707,4223;3950,670816;5950,670816;8760000;0;5453020,29;7826792,595;7264417,124;15478102,33;14775395,76;702706,5664
6,109719;-75,711389;-343,5067302;168,5538063;30,15855349;3,950396161;3,298782012;3,043931835;11346705,03;3439665,001;30215368,63;12163,51314;23037,61004;3939,443467;5939,443467;8760000;0;5545777,221;7756760,468;7199499,933;15667410,15;14863037,76;804372,3944
6,485939;-75,019109;-356,2703713;161,8388773;31,94661042;3,701145274;3,117987357;3,220432424;10899016,9;3495529,535;31338077,69;10916,55559;23674,05969;3866,556974;5866,556974;8760000;0;5749562,388;7954817,886;7382992,826;16073660,9;15081387,45;992273,4528
4,726945;-76,119905;-351,5431586;164,354358;31,25091817;3,794375281;3,186003568;3,151681211;11073007,73;3475516,425;30922264,96;11271,37583;23585,44635;4113,594249;6113,594249;8760000;0;5678869,248;7928517,989;7359255,614;15896702,12;15008131,62;888570,4976
4,566225;-72,961083;-350,157432;163,3103147;31,32713645;3,783937723;3,17841218;3,159208754;10993699,5;3458865,27;30800374,36;11194,36203;23572,88858;3760,618702;5760,618702;8760000;0;5084906,764;7612405,721;7071132,819;15225653,3;14386179,67;839473,634
10,775285;-74,720021;-356,8762483;163,5658303;31,72379831;3,730512337;3,13946295;3,198402957;11019143,83;3509881,789;31391371,55;10807,7125;24350,41791;4045,834372;6045,834372;8760000;0;5962207,524;8186552,965;7597714,444;16734048,15;15311046,05;1423002,109
3,684229;-76,311972;-353,9109399;163,4115292;31,5443767;3,75449413;3,156965725;3,180670447;11010053,85;3487543,043;31130538,56;11051,32239;23771,41783;4098,119694;6098,119694;8760000;0;5655325,626;7953131,543;7381395,872;15702007,29;14987061,3;714945,9913
2,777586;-75,258753;-342,5894792;170,6613191;29,83819913;3,998553766;3,333329556;3,012383688;11480070,28;3444024,987;30134685,85;12578,61635;22887,76855;3708,176101;5708,176101;8760000;0;5274882,212;7605508,828;7064151,397;15372903,14;14576239,64;796663,5022
9,525387;-75,581112;-356,9461968;162,2190349;31,93287302;3,702942783;3,119303188;3,219073934;10925903,6;3502674,456;31397524,33;10750,48738;24117,81195;3915,993206;5915,993206;8760000;0;5824123,49;8070218,058;7489934,275;16454773,39;15164407,27;1290366,115
10,560169;-73,012507;-356,4990552;166,6755717;31,24281173;3,795488717;3,186813039;3,150880663;11232984,97;3524833,377;31358193,07;10942,20004;24902,85219;4293,953465;6293,953465;8760000;0;6105048,646;8336331,795;7742276,79;16745499,79;15459103,65;1286396,135
7,506541;-72,483519;-340,7788903;172,8848598;29,43106459;4,061433169;3,378252924;2,97232558;11633023,67;3443502,878;29975423,73;12671,78999;23288,37709;3887,313631;5887,313631;8760000;324,2020543;5435866,144;7691890,518;7144506,299;15654885,22;14742926,16;911959,0593
4,877017;-72,894065;-350,4093319;163,2518514;31,35276423;3,780440786;3,175867493;3,161740093;10989659,72;3460364,686;30822531,86;11188,73061;23569,35138;3755,127996;5755,127996;8760000;0;5091631,105;7603358,377;7062749,98;15190066,82;14392239,5;797827,3201
8,956014;-74,077912;-359,8191839;160,9135333;32,32434304;3,652381012;3,08222345;3,257800009;10838087,78;3516321,238;31650236,59;10471,77628;24329,31726;3872,572137;5872,572137;8760000;0;5905734,957;8146703,867;7560613,251;16092818,44;15251825,57;840992,8693
5,5777;-73,367841;-357,6086966;160,9713261;32,1763137;3,671340381;3,096143702;3,243152951;10836912,84;3500132,386;31455798,8;10797,74332;23726,49724;3706,607344;5706,607344;8760000;0;5617149,69;7846600,203;7282689,674;16245093,61;14941060,22;1304033,387
9,736955;-75,522398;-353,4041194;163,7288976;31,47532425;3,763804404;3,163752311;3,173847569;11026304,73;3485198,476;31085957,87;11144,3592;23737,93612;3927,684658;5927,684658;8760000;0;5723279,764;7955483,321;7383640,064;16493941,37;15055123,02;1438818,347
5,39647;-75,546486;-353,6035906;163,4265006;31,53292435;3,75603512;3,15808933;3,179538807;11005792,91;3484953,008;31103503,66;11210,50405;23512,40938;3916,904035;5916,904035;8760000;0;5661879,181;7878641,983;7312944,515;15750429,72;14987576,65;762853,0685
7,755148;-76,652652;-345,8387347;168,7787266;30,28411769;3,931827938;3,285428445;3,056303843;11360222,92;3457759,956;30420495,25;12087,6661;23286,20271;3884,275859;5884,275859;8760000;0;5489967,066;7751212,456;7194658,328;15457440,27;14806521,19;650919,0802
6,245111;-73,496908;-348,3876265;169,9710155;30,2966458;3,929984644;3,284101814;3,057538453;11437604,06;3482719,084;30644699,61;12112,04202;23620,22442;3813,780171;5813,780171;8760000;0;5803230,414;7935911,884;7370809,679;15944551,32;15128332,62;816218,6969
2,939603;-75,586223;-344,8976865;167,2144584;30,43462895;3,909793877;3,269558498;3,071138684;11254284,7;3442142,022;30337719,23;11809,21727;23432,07946;3808,953973;5808,953973;8760000;0;5470710,819;7828584,182;7266545,601;15738332,8;14792749,4;945583,3978
2,040629;-78,658361;-335,7193413;171,7861412;29,2392695;4,091726894;3,399821202;2,953469311;11562123,33;3400803,349;29530378,19;12889,17993;22466,68398;3976,712734;5976,712734;8760000;0;5083354,741;7528917,815;6990369,033;15494374,49;14381903,52;1112470,968
7,488583;-74,867075;-356,3436707;163,3804878;31,71362363;3,731864277;3,140450473;3,197397211;11007375,92;3505030,891;31344525,22;10868,11759;24158,82693;4068,756862;6068,756862;8760000;0;5817136,397;8101121,092;7518569,934;15794324,47;15159687,56;634636,9096
4,929118;-74,172773;-348,047195;167,8393467;30,5700259;3,890177489;3,255408027;3,08448818;11289776,93;3468006,725;30614754,74;12037,94121;23220,65638;3600,05025;5600,05025;8760000;0;5395605,251;7610470,582;7069035,376;15848165,08;14697040,46;1151124,622
2,549183;-76,063503;-346,0057752;165,7123182;30,71790275;3,86897149;3,240087697;3,099072779;11151386,12;3441692,683;30435188,38;11776,57328;23091,20222;3704,572099;5704,572099;8760000;0;5030615,781;7560198,475;7022360,532;15206231,75;14328453,72;877778,0219
5,632455;-73,524948;-359,4817311;162,4727596;32,06055256;3,686301817;3,107114799;3,231701508;10945636,48;3522765,392;31620553,73;10545,77996;24587,77573;4008,985421;6008,985421;8760000;0;6005008,945;8211522,593;7621238,186;16418347,28;15355293,35;1063053,928
4,048891;-74,831885;-356,454636;161,8131738;31,95756305;3,699713369;3,116939035;3,221515554;10899713,05;3496928,535;31354285,9;10808,83602;23860,79999;3948,102461;5948,102461;8760000;0;5606464,128;7935409,572;7370197,046;15572442,46;14931676,65;640765,8032
0,423506;-76,906751;-337,3057861;168,7422168;29,73699418;4,014006326;3,344388863;3,002422264;11354868,32;3395199,777;29669924,26;12457,14173;22533,47726;3795,062335;5795,062335;8760000;0;4480081,488;7234574,909;6720280,426;14496708,44;13754375,97;742332,4698
7,603112;-72,601162;-348,5926274;169,0024954;30,4279272;3,910769849;3,270261987;3,07047803;11378209,19;3479295,92;30662731,79;11732,23307;24063,03955;3979,919194;5979,919194;8760000;0;5671143,513;7963865,428;7391806,477;15761097,15;15003202,47;757894,6872
5,996717;-72,691963;-358,1686095;162,535362;31,97654521;3,697234283;3,115123791;3,223392795;10943529,28;3513031,911;31505049,58;10683,68139;24402,41107;3790,555313;5790,555313;8760000;0;5844638,946;8088519,749;7507314,746;16680474,49;15185843,95;1494630,538
10,250075;-75,019215;-355,0703225;163,8764407;31,56536901;3,751672686;3,154908149;3,182744824;11036378,49;3498161,583;31232519,6;10939,65468;24212,37187;3928,200615;5928,200615;8760000;0;5877227,9;8142255,015;7556600,024;16392870,15;15222882,89;1169987,263
3,875708;-77,01074;-335,4803285;173,3039377;29,03125403;4,125083772;3,423514358;2,933029201;11666242,34;3407680,274;29509354,26;12924,78598;22803,48397;4087,574199;6087,574199;8760000;0;5138730,881;7601827,045;7060668,276;15117702,11;14439889,65;677812,4599
7,833186;-72,505612;-349,9651896;165,2829664;31,0326826;3,82457496;3,207935156;3,130134212;11126613,04;3468465,694;30783464,43;11445,99616;23609,31881;3827,156647;5827,156647;8760000;0;5526789,066;7795197,418;7240468,558;15735027,26;14841517,93;893509,3305
5,754242;-72,79809;-358,7327323;163,3707184;31,88387104;3,709368542;3,124005599;3,214228421;11002913,89;3522053,19;31554670,67;10611,11979;24753,84916;3922,065955;5922,065955;8760000;0;5915622,414;8217799,185;7630893,051;16720773,36;15262528,55;1458244,817
9,183193;-75,380222;-354,4008306;162,5935789;31,70761267;3,732663423;3,141034161;3,196803049;10950111,43;3486148,467;31173630,09;11041,96784;23622,83177;3901,931812;5901,931812;8760000;0;5723923,881;7937729,269;7367155,131;16158223,89;15054498,02;1103725,874
5,963476;-75,101562;-358,0244773;162,2479682;31,99275501;3,695119845;3,113575285;3,224995917;10931800,11;3511011,973;31492371,5;10574,13289;24444,43271;4050,518839;6050,518839;8760000;0;5901354,601;8180461,782;7592603,544;15998091;15249212,84;748878,1623
5,199708;-74,889276;-359,2920854;161,5481115;32,18047841;3,670804335;3,095750397;3,243564982;10886066,46;3516454,837;31603872,22;10574,43473;24221,78953;4081,357413;6081,357413;8760000;0;5859852,654;8131689,196;7546852,332;15824240,8;15204689,52;619551,2848
4,239019;-75,240648;-354,7644076;162,1176313;31,80456047;3,719815155;3,131645714;3,206386833;10917119,96;3486064,824;31205610,87;10992,23842;23603,72017;3853,366961;5853,366961;8760000;0;5658516,607;7929848,869;7359807,392;15761431,02;14988558,08;772872,9326
6,700038;-73,51066;-344,7916365;171,2053415;29,8965752;3,989693206;3,326982384;3,018130673;11523504,38;3463650,555;30328390,92;12394,83816;23339,11373;3958,198702;5958,198702;8760000;0;5611080,308;7784595,58;7230414,949;15577708,65;14925260,94;652447,7085
5,799461;-75,906587;-359,5526018;162,2279397;32,09171317;3,682262754;3,104154188;3,234783769;10933756,46;3522298,12;31626787,63;10341,63165;24884,86616;4158,441645;6158,441645;8760000;0;5979184,402;8325288,139;7726678,942;15993260,95;15337793,6;655467,3486
6,348557;-75,509384;-358,1934389;162,47457;31,97594072;3,69731318;3,115181566;3,223333013;10944561,41;3513298,08;31507233,61;10723,96063;24227,5882;3973,617736;5973,617736;8760000;0;5890874,096;8114496,132;7531439,471;15980440,76;15233930,76;746510,0046
5,579713;-73,646847;-359,9603074;164,2002522;31,83863882;3,715319378;3,12835846;3,209756079;11061323,28;3535823,474;31662650,03;10695,18717;24779,94153;4039,037433;6039,037433;8760000;0;6101225,811;8248456,429;7661297,237;16482658,82;15448385;1034273,821
4,816411;-73,636377;-346,7804279;165,8112595;30,75365045;3,863879014;3,236405034;3,102599173;11159002,24;3447962,206;30503328;11577,36053;23528,50914;3733,108935;5733,108935;8760000;0;5102981,741;7628365,772;7085432,409;15349673,27;14405915,1;943758,1692
5,56684;-73,450153;-360,8841566;162,34583;32,18609633;3,670081488;3,09522001;3,24412079;10931785,59;3531828,289;31743913,19;10669,41422;24363,51513;3821,232397;5821,232397;8760000;0;5989174,835;8103061,516;7524816,821;16581114,71;15327419,53;1253695,181
4,523603;-76,036529;-358,7923221;162,2984168;32,02957154;3,690326214;3,110063779;3,228637191;10938607,49;3517165,006;31559912,28;10586,74493;24384,47028;4174,189642;6174,189642;8760000;0;5883510,001;8170960,681;7583205,041;15839820,01;15231265,64;608554,3663
8,811737;-74,723175;-357,0371334;161,4170653;32,06007595;3,686363662;3,107160124;3,231654366;10871415,92;3498827,06;31405523,24;10732,91149;23929,84749;3876,269039;5876,269039;8760000;0;5787827,615;8024728,173;7447677,744;16114262,36;15124878,04;989384,3199
10,610491;-75,14199;-352,2165558;164,6535393;31,26191717;3,792865569;3,184905896;3,152767432;11089028,22;3481744,384;30981497,99;11255,22358;23764,08919;3973,683301;5973,683301;8760000;0;5770905,44;7993633,022;7419012,651;16637326,31;15105525,81;1531800,496
3,034531;-76,408941;-351,2719477;164,9898497;31,15329663;3,807826406;3,195778102;3,14204155;11110616,65;3476654,603;30898408,84;11324,95123;23728,49269;3947,864387;5947,864387;8760000;0;5495066,382;7859659,347;7294758,618;15585625,52;14819967,11;765658,4062
1,237814;-77,596794;-349,5184001;165,5476042;30,9647155;3,834076526;3,214825221;3,123425658;11144927,56;3466728,919;30744164,15;11334,31918;23915,54471;3847,375264;5847,375264;8760000;0;5313885,244;7863838,46;7299255,358;15248518,63;14638468,35;610050,2838
5,768201;-72,832245;-360,3933153;163,3827686;31,99314163;3,695069442;3,11353837;3,225034154;11003953,66;3534227,736;31700738,06;10691,63724;24583,54436;3933,858666;5933,858666;8760000;0;6019642,693;8178804,252;7594900,858;16814845,87;15363546,09;1451299,779
6,668034;-72,699647;-348,7558578;166,7675269;30,74661387;3,864880383;3,237129291;3,101905015;11225999,82;3467887,38;30677089,79;11402,22667;24139,65885;3844,78139;5844,78139;8760000;256,0968331;5744078,256;8087096,463;7505998,048;16342004,2;15084920,57;1257083,631
2,565932;-72,639254;-347,5796833;166,240945;30,73956063;3,86588463;3,237855576;3,101209225;11191569,32;3456475,762;30573631,71;11629,99361;23490,34169;3876,635772;5876,635772;8760000;0;5137134,116;7618035,511;7076275,709;15352680,13;14438893,92;913786,2158
9,494192;-75,353256;-352,04306;164,4750766;31,28043609;3,790326334;3,183059408;3,154596348;11074841,97;3479307,343;30966237,04;11350,22586;23541,60995;3895,307312;5895,307312;8760000;0;5714768,048;7914352,264;7345502,325;16218611,27;15043617,99;1174993,286
4,935211;-73,83293;-349,295467;166,9175988;30,77232418;3,861224034;3,234484513;3,104441385;11230825,38;3472214,919;30724554,63;11839,60703;23330,482;3678,275534;5678,275534;8760000;0;5426821,726;7720329,597;7166275,325;15796322,01;14740876;1055446,015
3,861241;-76,382698;-347,7784733;167,1064098;30,63526777;3,880793681;3,248631643;3,090922175;11248942,94;3462671,112;30591117,58;11832,58108;23324,19419;3876,059763;5876,059763;8760000;0;5531935,644;7781056,13;7227123,739;15524838,61;14845868,03;678970,574
5,34758;-74,491045;-355,5865358;163,2889516;31,68318134;3,73591497;3,143408703;3,194388173;10997972,95;3498741,013;31277926,5;11003,46161;23891,03605;3956,173772;5956,173772;8760000;0;5739267,176;7961884,273;7395100,229;15654578,62;15066051,22;588527,4052
4,533869;-76,099661;-350,9682657;165,356344;31,08304404;3,817564249;3,202848221;3,135105659;11134428,08;3476414,526;30871696,51;11526,69458;23419,26185;3935,095041;5935,095041;8760000;0;5699353,093;7897837,665;7330214,502;15940162,2;15026976,26;913185,943
10,589791;-74,186702;-357,9635816;165,0565836;31,57121996;3,750887036;3,154335127;3,183323008;11123572,66;3526439,713;31487015,02;10681,91688;24991,45785;4225,421157;6225,421157;8760000;0;6096507,647;8391235,744;7787121,978;16552839,4;15460621,41;1092217,984
5,723976;-72,924355;-356,577439;163,8218174;31,6799031;3,73635169;3,143727588;3,194064149;11030132,95;3508616,012;31365087,83;10981,6912;24143,52142;3836,768873;5836,768873;8760000;0;5792657,135;7981069,874;7412089,925;16485611,6;15121637,08;1363974,518
5,031676;-73,104173;-341,2396152;169,2056693;29,94082244;3,983002647;3,322186905;3,022487256;11382117,62;3426091,892;30015949,79;12251,55991;23158,63143;3657,770367;5657,770367;8760000;0;4849518,482;7436866,579;6908187,237;14837250,41;14138197,82;699052,5825
7,070432;-73,166832;-354,8737459;165,585089;31,30541577;3,786906491;3,180572007;3,157063434;11152051,08;3506303,6;31215228,43;11122,50411;24310,63375;4003,927716;6003,927716;8760000;0;5857427,15;8107117,978;7529399,902;15986834,51;15195145,23;791689,2852
2,266618;-75,804544;-343,045946;170,4798311;29,88409539;3,991584223;3,328337345;3,016901996;11471605,03;3446647,333;30174837,36;12540,74398;22862,82171;3835,835211;5835,835211;8760000;0;5406482,007;7653029,225;7103320,158;15451201,1;14716191,07;735010,0222
6,317343;-76,133951;-348,0114945;167,9475298;30,53385975;3,895398421;3,259176208;3,080921969;11306511,88;3469131,817;30611614,47;11802,53613;23618,13445;3930,774405;5930,774405;8760000;0;5701141,778;7933122,612;7363045,008;15809906,69;15031219,38;778687,3109
5,052278;-73,504514;-346,3759351;165,2437591;30,81111461;3,855720292;3,230502091;3,108268405;11118238,17;3441644,01;30467748,21;11643,02691;23260,97999;3629,403511;5629,403511;8760000;0;4930116,706;7487241,565;6954933,892;15230952,56;14222424,38;1008528,182
3,134153;-76,392189;-352,6052472;163,3984209;31,46765987;3,764840572;3,164507321;3,173090331;11004936,66;3477614,536;31015687,87;11147,42669;23623,41267;3950,496365;5950,496365;8760000;0;5418099,108;7812855,767;7251390,198;15469961,78;14739564,68;730397,0998
4,517517;-74,790058;-358,6274377;161,4383472;32,1546945;3,67412549;3,098186921;3,241014128;10877429,51;3510901,631;31545408,8;10590,68552;24173,07916;4034,572608;6034,572608;8760000;0;5775772,328;8080691,22;7500058,72;15724678,12;15116404,83;608273,2954
8,359993;-72,411363;-353,0497235;163,1302677;31,5373626;3,755437777;3,157653796;3,179977361;10986502,41;3479324,563;31054784,67;11015,91065;23829,7681;3924,356745;5924,356745;8760000;142,3499339;5637808,963;7920186,205;7355358,614;15673813,31;14962494,2;711319,1042
0,827732;-77,646367;-349,0666611;166,0427274;30,87393024;3,846840203;3,224073168;3,114466409;11174194,36;3465862,521;30704428,51;11865,87729;22989,73883;3737,15167;5737,15167;8760000;0;5373004,879;7633115,778;7085010,485;15337113,91;14681110,17;656003,7393
6,553136;-72,500957;-342,2329591;172,6389147;29,5575971;4,041685653;3,364167133;2,984770728;11615154,21;3452609,145;30103325,81;12608,29701;23370,09484;3831,337367;5831,337367;8760000;0;5546440,55;7814856,75;7253811,78;16265019,61;14867485,52;1397534,092
6,142892;-75,184446;-348,5316181;165,5930432;30,8893451;3,844667146;3,222499294;3,115987519;11149639,48;3459935,431;30657365,32;11313,43973;23949,75093;3906,746883;5906,746883;8760000;0;5608395,333;8002963,294;7428178,676;16309472,82;14943179,95;1366292,865
4,520982;-75,646085;-341,3703305;170,7787911;29,74197896;4,013242495;3,343842492;3,002912849;11489099,09;3435897,211;30027447,7;12673,89642;22704,19816;3755,216364;5755,216364;8760000;0;5389638,727;7582293,336;7042148,689;15312524,34;14689783,37;622740,9695
6,344104;-72,816766;-355,1159558;168,0340469;30,97569655;3,832538289;3,213710097;3,124509454;11318063,27;3521805,928;31236533,57;10887,92265;25500,59121;4099,958662;6099,958662;8760000;0;6054404,863;8455760,51;7853929,328;16505440,72;15416236,05;1089204,677
2,64228;-76,528615;-346,6072868;168,162057;30,42291295;3,911500382;3,270788529;3,069983735;11315904,49;3459686,98;30488098,25;12139,67154;23036,80649;3769,985885;5769,985885;8760000;0;5513935,938;7667587,948;7121779,024;15574426,51;14819744,86;754681,646
6,998112;-76,261614;-349,2137369;168,3243778;30,53655964;3,895008194;3,258894614;3,081188185;11344229,14;3481005,212;30717365,52;11315,6568;24585,56685;4361,662252;6361,662252;8760000;0;5770447,579;8225181,914;7637690,834;15772624,7;15117938,66;654686,039
6,694418;-73,01786;-357,5244413;163,9578782;31,69681738;3,734099476;3,142082953;3,195735992;11051607,97;3517287,141;31448387,58;10702,91991;24600,78466;4268,700191;6268,700191;8760000;0;5853934,056;8165742,888;7578803,869;16025511,95;15200873,07;824638,8734
10,491229;-74,794189;-358,3739049;164,7740127;31,64311649;3,74125919;3,14731024;3,190428276;11102786,78;3527706,498;31523107,68;10644,25268;25014,17191;4153,442475;6153,442475;8760000;0;6116652,536;8389129,935;7785299,457;16526179,43;15480483,01;1045696,415
5,558808;-73,050872;-361,6881657;162,4399113;32,22355464;3,665268912;3,091688069;3,247826869;10939339,61;3538306,376;31814635,04;10537,23649;24653,67337;3861,864662;5861,864662;8760000;0;6068635,165;8185073,993;7602482,184;16722315,08;15411226,97;1311088,107
5,057657;-75,491025;-338,1302156;172,7010734;29,3017186;4,081814966;3,392769523;2,95960793;11611570,22;3422445,924;29742442,32;13186,83526;22271,34509;3579,349997;5579,349997;8760000;0;5362886,645;7460876,576;6929657,095;15444594,2;14654106,13;790488,0727
6,032608;-72,856035;-352,765919;165,4947252;31,19250289;3,802413044;3,191845545;3,145912746;11139211,22;3489896,697;31029820,8;11326,62193;23946,79161;3768,648551;5768,648551;8760000;0;5715919,557;7995647,093;7419678,358;16421088,43;15051888,29;1369200,134
6,154099;-71,764213;-353,7527168;163,1525173;31,58605851;3,748895999;3,152882792;3,184789364;10985873,5;3484390,073;31116621,02;11028,4907;23839,3897;3849,511466;5849,511466;8760000;0;5400936,465;7765985,266;7213277,057;15616309,74;14713644,67;902665,0682
3,724181;-76,268068;-351,2039932;164,9565552;31,14173002;3,809426334;3,196940073;3,140899533;11113959,34;3476436,557;30892431,46;11312,12093;23667,70721;4145,875303;6145,875303;8760000;0;5604387,014;7908338,79;7340253,387;15589444,26;14932472,42;656971,8474
6,909655;-75,077501;-348,5982079;167,4203946;30,65081779;3,878563627;3,247020547;3,092455818;11267810,69;3470199,997;30663222,66;11900,13267;23303,82483;3806,074731;5806,074731;8760000;0;5578544,121;7769346,804;7215259,098;15846774,78;14892631,83;954142,9545
1,647163;-77,578616;-339,4895255;169,1799519;29,83169901;3,999542756;3,334037751;3,011743817;11379529,77;3413137,649;29862009,26;12458,58579;22724,58608;3635,018355;5635,018355;8760000;0;5180941,325;7539268,41;6998706,282;15230895,22;14481503,45;749391,7688
3,750939;-74,927447;-354,5831602;163,0882049;31,6422066;3,741380734;3,147398955;3,190338348;10985764,39;3490426,395;31189668,08;11013,42563;23793,48648;3997,911599;5997,911599;8760000;0;5595344,841;7924814,695;7355216,673;15580253,81;14924942,86;655310,9429
8,050125;-75,336031;-356,6658068;161,3276497;32,04970261;3,687710233;3,108146952;3,230628326;10864753,03;3495572,507;31372860,8;10776,51116;23820,61136;3852,723212;5852,723212;8760000;0;5717251,107;7975608,086;7402195,484;15719749,64;15050663,71;669085,9281
4,510452;-76,237084;-351,301426;165,7284167;31,04987301;3,822179092;3,206197024;3,13183111;11160859,23;3481027,256;30901001,79;11294,11228;24000,34838;3984,750096;5984,750096;8760000;0;5644667,895;7985724,915;7411605,1;15690325,15;14978787,71;711537,4429
1,328526;-75,878375;-342,4908942;167,0045607;30,3025816;3,929111884;3,283473619;3,058123422;11241060,36;3423526,93;30126014,17;11977,64157;23001,76644;3842,693556;5842,693556;8760000;0;4746624,321;7424234,976;6894868,548;14774105,86;14035990,75;738115,1095
2,025088;-75,995165;-332,9393799;171,8077887;29,07710054;4,117686543;3,418265215;2,937533207;11553126,54;3379821,581;29285848,61;13262,4609;21828,74258;3619,304681;5619,304681;8760000;0;4869013,837;7225243,473;6711027,107;14843428,46;14143230,2;700198,2597
2,198496;-75,979763;-347,8417142;166,133846;30,77751651;3,860486436;3,233950893;3,104953636;11181563,73;3457555,201;30596680,35;11821,3893;23093,04833;3781,841506;5781,841506;8760000;0;5187016,318;7583751,32;7044177,1;15281563,14;14486590,54;794972,6029
1,147076;-77,002641;-327,9153027;169,7035953;29,02007199;4,126891892;3,424796979;2,931930752;11409132,57;3331331,067;28843923,22;13216,64448;21349,38218;3478,299137;5478,299137;8760000;0;3942792,842;6890947,271;6400982,163;13929763,07;13192757,95;737005,1206
6,333587;-75,555245;-355,2419419;163,1641294;31,66666927;3,738115691;3,145015522;3,192756129;10994907,57;3495978,794;31247615,5;10938,40179;23917,86205;4140,818767;6140,818767;8760000;0;5817006,173;8051089,577;7472158,159;16000438,18;15155937,59;844500,5934
5,619781;-73,620536;-359,4815036;163,8714608;31,86123219;3,712344617;3,12618275;3,211989953;11036245,86;3530262,542;31620533,72;10843,41117;24411,99357;3931,345908;5931,345908;8760000;0;5996606,21;8120434,172;7542402,56;16411907,26;15334637,82;1077269,436
1,671733;-78,13765;-327,744488;175,9026703;28,24754848;4,255651358;3,515693787;2,856126896;11830032,32;3364921,131;28828898,1;13885,76107;21676,45224;3797,305246;5797,305246;8760000;0;4885129,534;7284039,021;6765352,445;15130968,08;14163816,11;967151,9704
2,645724;-75,970685;-339,5135833;170,08894;29,7046464;4,018969953;3,347938613;2,999238858;11445970,76;3418811,419;29864125,42;12217,99977;23423,87763;3836,538489;5836,538489;8760000;0;5034301,014;7728659,772;7173941,405;15142045,68;14349019,38;793026,3001
5,47422;-75,600049;-349,6576926;165,4201795;30,98613426;3,831077281;3,212650842;3,125539648;11139097;3467260,388;30756416,54;11345,13073;23817,2026;3942,579478;5942,579478;8760000;0;5625041,12;8025554,997;7448519,509;15944012,21;14962076,61;981935,6066
1,618196;-75,609831;-340,9417287;168,1911689;30,0453862;3,96727835;3,310907093;3,032784461;11318996,35;3418699,479;29989747,24;12195,26003;22911,58395;3813,469135;5813,469135;8760000;0;4707710,57;7358198,951;6834899,585;14759618,34;13991009,93;768608,4018
10,417321;-73,586211;-357,3257501;165,2899261;31,5010348;3,7603326;3,16122214;3,176387846;11136585,56;3522873,456;31430910,41;10931,29276;24568,49401;4145,572788;6145,572788;8760000;0;6141809,322;8284918,247;7694270,893;16947652,2;15492456,68;1455195,523
5,483667;-76,740684;-332,2664769;173,6901493;28,78213422;4,165734911;3,452309431;2,908565348;11690539,21;3386295,301;29226659,04;13152,79265;22456,12938;4046,33878;6046,33878;8760000;0;4988187,846;7479131,167;6946724,801;15072304,63;14280594,21;791710,4162
6,776066;-76,130765;-347,7872659;167,7884501;30,53009101;3,895943263;3,259569361;3,080550365;11301093,48;3467051,082;30591890,99;11761,92518;23583,89975;4113,848709;6113,848709;8760000;0;5640861,381;7902935,441;7334957,162;15926204,21;14968839,66;957364,5501
5,211816;-74,75699;-357,3399126;161,1134808;32,11333516;3,679465189;3,102103067;3,236922618;10856809,77;3499822,392;31432156,15;10505,89622;24241,11817;4067,155065;6067,155065;8760000;0;5647209,93;8098753,942;7516763,408;15603389,63;14989200,46;614189,1648
1,129574;-77,549824;-346,3523532;167,7943541;30,46778909;3,904971779;3,266081939;3,074407736;11285282,83;3455296,909;30465673,91;12246,75265;22785,78453;3555,127003;5555,127003;8760000;665,5583608;5425029,403;7569314,707;7030539,57;15571012,42;14723138,98;847873,4364
1,330266;-75,973796;-339,189298;168,6648858;29,87370112;3,993160562;3,329466687;3,015878676;11347949,58;3408338,525;29835600,8;12398,72019;22658,88728;3729,448601;5729,448601;8760000;0;4698310,813;7346449,765;6823968,261;14698925,8;13980792,32;718133,4853
10,886734;-72,846319;-362,2547968;166,7474706;31,6096213;3,745738589;3,150579225;3,187117945;11238789,11;3567213,616;31864476,77;10430,1737;25994,95045;4309,212074;6309,212074;8760000;0;6493549,194;8710297,797;8090065,655;16909522,77;15873781,34;1035741,435
4,972464;-73,319593;-347,6666147;165,7093474;30,82809725;3,853315549;3,228761546;3,109943995;11151462,22;3453789,342;30581278,32;11656,63443;23340,57699;3709,419546;5709,419546;8760000;0;5065368,48;7557017,25;7019630,036;15196748,48;14362755,69;833992,7897
4,337846;-76,183583;-350,1966783;165,725356;30,98490348;3,831249501;3,21277571;3,125418171;11156858,22;3472653,937;30803826,52;11501,41737;23613,48869;3857,671868;5857,671868;8760000;0;5681711,81;7942552,131;7371686,773;15810715,53;15012577,17;798138,3603
4,81976;-73,168076;-345,4759585;166,0249097;30,63898822;3,880259897;3,248246037;3,091289105;11172653,73;3439595,895;30388584,91;11652,87751;23440,63572;3715,73642;5715,73642;8760000;0;4907090,159;7522719,84;6987949,969;14893859,71;14201860,03;691999,6773
6,473032;-75,164903;-354,8908916;162,9424644;31,69523126;3,734310563;3,142237107;3,195579213;10970928,42;3491438,757;31216736,58;11122,11774;23591,49097;3819,092004;5819,092004;8760000;0;5721992,998;7913034,092;7344216,792;16132671,83;15050810,3;1081861,531
6,038708;-75,702188;-347,7528103;167,0557013;30,62112375;3,882824275;3,250098408;3,089527246;11255060,05;3462990,543;30588860,22;11496,59257;23887,66291;4201,26203;6201,26203;8760000;0;5656477,952;8045574,934;7467133,544;15618908,52;14994919,34;623989,1757
1,929467;-76,217637;-343,1163833;168,4223286;30,15987687;3,95019957;3,298640727;3,04406221;11333143,4;3435701,049;30181033,13;12282,19341;22814,176;3772,630903;5772,630903;8760000;0;5078438,155;7502779,587;6968674,829;15177019,19;14372542,91;804476,2824
5,954348;-73,700906;-357,831842;164,5634705;31,63919691;3,741782824;3,147692435;3,190040892;11087813,59;3522521,283;31475427,01;10870,21402;24485,69437;4128,626666;6128,626666;8760000;0;5956078,843;8145541,255;7565126,027;16162234,23;15296494,07;865740,163
3,373728;-73,875832;-348,4223031;164,2801532;31,07190054;3,819113347;3,203972466;3,134005579;11058937,75;3451633,205;30647749,81;11410,88352;23395,6828;3793,305565;5793,305565;8760000;0;5025432,685;7565938,056;7027901,402;15159979,51;14323469,34;836510,1742
5,697756;-73,764456;-353,1547057;165,3382034;31,23267981;3,796881253;3,187825323;3,149880111;11132408,71;3492163,961;31064019,07;11424,52536;23641,66528;3901,909799;5901,909799;8760000;0;5717935,11;7868139,741;7307353,015;16037252,87;15038721,84;998531,0349
5,091003;-76,650683;-334,4194593;172,8031643;29,02376618;4,126294375;3,424373139;2,932293642;11633421,78;3397241,278;29416038,62;12836,69176;22832,62527;4102,563261;6102,563261;8760000;0;5055983,707;7576451,621;7037190,45;15036434,75;14355244,88;681189,8736
6,953926;-71,872812;-345,6963405;167,1089991;30,48639359;3,902271422;3,264134536;3,076241947;11254705,91;3447990,817;30407970,04;11683,49692;23562,4077;4069,57665;6069,57665;8760000;0;5042932,666;7578078,778;7033928,91;14971072,89;14347082,53;623990,3548
5,74723;-72,999449;-355,4714291;164,2801386;31,54072206;3,754985751;3,157324202;3,180309319;11060300,06;3503061,249;31267801,54;11001,20495;24244,51863;3825,138022;5825,138022;8760000;0;5765319,363;7995034,199;7424960,074;16396956,04;15095393,49;1301562,556
4,876271;-75,623268;-337,6727581;171,4711505;29,41445377;4,064039531;3,380110486;2,970692119;11535790,82;3412844,304;29702203,67;12981,83244;22251,10532;3789,099461;5789,099461;8760000;0;5193209,646;7407607,337;6880300,862;15137701,98;14480516,12;657185,859
5,216393;-73,595704;-346,9664495;168,194487;30,45029088;3,907514894;3,267915588;3,072682666;11313992,03;3462143,292;30519690,74;12154,70493;23071,79582;3625,19744;5625,19744;8760000;0;5376634,554;7608366,805;7066014,583;15795630,99;14678986,78;1116644,211
7,470715;-73,20287;-338,0204516;174,9380667;28,98019308;4,133352834;3,429378752;2,928013588;11782689,1;3435808,626;29732787,31;12948,47686;23136,14182;4361,586683;6361,586683;8760000;1000;5525969,411;7784184,111;7228423,861;15615351,63;14840729,66;774621,9717
6,677316;-75,812838;-351,2668951;165,6211936;31,05173491;3,82191977;3,206008875;3,132014905;11158870,78;3480611,319;30897964,4;11233,74305;24023,84502;4166,201562;6166,201562;8760000;0;5729781,883;8062180,052;7482951,607;15773589,58;15069010,33;704579,2478
8,58795;-73,840466;-359,7868449;161,7049803;32,19863478;3,668469191;3,094036889;3,245361301;10892946,42;3520625,905;31647392;10495,24999;24486,59951;3950,806744;5950,806744;8760000;0;5947679,339;8199862,181;7609843,876;16113735,14;15297697,64;816037,4957
6,232461;-75,160041;-359,4557686;161,7074497;32,16833724;3,672367472;3,096897248;3,242363817;10896450,98;3518505,816;31618270,04;10386,31565;24671,28078;4065,608341;6065,608341;8760000;0;5944641,569;8251344,883;7657647,105;15982306,73;15298339,35;683967,3835
6,753859;-76,028228;-347,1971246;167,9516021;30,45630778;3,906640059;3,26728485;3,073275837;11318518,95;3464197,176;30539981,27;11515,39692;24063,08091;4338,074467;6338,074467;8760000;0;5679060,171;8096674,012;7515951,415;15893707,44;15019782,77;873924,6743
4,375309;-74,669221;-356,1707849;161,9835546;31,91868257;3,704801371;3,120663544;3,217670678;10908578,74;3495595,914;31329317,93;10937,90565;23673,21084;3864,905012;5864,905012;8760000;0;5634684,758;7900863,144;7338392,948;15628946,97;14957154,95;671792,0207
3,830005;-73,687302;-344,3590929;167,7605927;30,3233986;3,926054077;3,281272352;3,060174989;11291975,5;3441340,519;30290343,74;11954,27873;23269,89793;3862,378291;5862,378291;8760000;0;5018155,724;7548641,751;7010857,24;15053010,68;14315940,24;737070,4457
5,492161;-73,485589;-364,4603572;164,2750025;32,12783478;3,677591485;3,100729065;3,238356971;11066547,65;3569014,711;32058481,17;10362,6943;25503,32297;4034,196891;6034,196891;8760000;0;6316395,47;8447719,253;7846483,771;16916394,82;15677630,95;1238763,866
2,012854;-75,938301;-345,0677782;167,2299911;30,44631609;3,908093024;3,268332386;3,072290819;11254046,78;3443360,543;30352680,76;11955,0887;23145,53202;3769,525805;5769,525805;8760000;0;5133971,284;7609050,383;7066915,866;15198014,1;14436105,8;761908,2992
4,954576;-77,365717;-327,2113633;173,7682762;28,46130842;4,219248632;3,490083515;2,877085187;11689808,99;3349435,32;28782003,65;13368,50018;22105,76092;3843,371427;5843,371427;8760000;0;4814953,081;7337333,294;6815086,184;15097598,03;14097200,19;1000397,841
5,713269;-73,602707;-359,8364467;164,169863;31,83441168;3,715876463;3,128765853;3,20933814;11059460,24;3534767,625;31651755,05;10627,96218;24911,00474;4041,996501;6041,996501;8760000;0;6041423,566;8253433,249;7666020,359;16421729,87;15388836,46;1032893,416
6,27787;-75,441612;-349,4164628;165,0870485;31,02931168;3,825045118;3,208276205;3,12980147;11110775,12;3463160,403;30735197,6;11630,4606;23198,93221;3734,980123;5734,980123;8760000;0;5598403,214;7767302,176;7209584,348;16207335,29;14916121,04;1291214,244
6,773525;-74,798714;-355,0484081;162,9116373;31,70870896;3,732517648;3,140927691;3,196911413;10969617,51;3492476,935;31230591,98;10981,15134;23870,501;3839,776283;5839,776283;8760000;0;5744398,138;7989126,959;7414676,273;15814412,86;15078848,82;735564,0363
5,850273;-76,021509;-354,9929496;162,2793315;31,78276567;3,722696016;3,133751586;3,20423215;10934071,07;3489131,402;31225713,77;10738,07363;24103,94304;4063,790178;6063,790178;8760000;0;5802289,56;8114974,19;7531623,048;15984009,17;15145640,7;838368,4656
4,7617;-74,46384;-340,8572637;171,0791997;29,68823999;4,021492021;3,349741775;2,997624371;11499832,97;3433050,587;29982317,57;12899,86264;22445,54811;3433,552465;5433,552465;8760000;0;5353125,225;7495790,043;6962145,316;15414761,81;14646769,95;767991,8537
8,943048;-75,445834;-354,3971377;162,5392181;31,71887452;3,731166457;3,139940763;3,197916248;10944847,34;3485685,93;31173305,25;11034,74746;23644,89632;3842,898779;5842,898779;8760000;0;5709412,163;7936784,481;7366338,011;16045575,52;15039858,63;1005716,887
4,176487;-74,531969;-344,2128737;168,8446995;30,1822458;3,946879495;3,29625437;3,04626599;11358050,04;3445744,401;30277482,07;12293,97096;22960,99541;3658,300136;5658,300136;8760000;0;5238439,899;7554947,99;7016626,775;15406193,4;14536761,11;869432,2865
4,896624;-75,880394;-355,8221081;162,9271866;31,73282291;3,729314014;3,138587554;3,199295037;10982457,1;3499171,814;31298647,79;10741,35011;24217,63801;4251,465764;6251,465764;8760000;0;5742904,56;8081770,846;7500814,698;15723511,61;15083860,71;639650,8973
