Hour,Pb,Ppv,Pd,Ppvmax,Ps,Pc,SOC,SpotPrice,npv
1,0.0,0.0,2000.0,0.0,1000.0,0.0,19310.590313790493,204.6535851,30259297.804085962
2,0.0,0.0,2000.0,0.0,1000.0,0.0,17232.452325428065,295.6535851,30259297.804085962
3,0.0,0.0,2000.0,0.0,1000.0,0.0,15154.31433706564,295.6535851,30259297.804085962
4,0.0,0.0,2000.0,0.0,1000.0,0.0,13076.176348703211,222.6535851,30259297.804085962
5,0.0,0.0,2000.0,0.0,1000.0,0.0,10998.038360340784,250.2315851,30259297.804085962
6,0.0,0.0,2000.0,0.0,1000.0,0.0,8919.900371978358,250.2315851,30259297.804085962
7,0.0,0.0,2000.0,0.0,1000.0,0.0,6841.762383615929,204.6535851,30259297.804085962
8,0.0,0.0,1000.0,0.0,0.0,0.0,5802.693389434716,204.6535851,30259297.804085962
9,0.0,0.0,1762.2170615532482,0.0,762.2170615532481,0.0,3971.6282797576087,204.6535851,30259297.804085962
10,0.0,956.4439748526103,43.55602514738712,956.4439748526103,0.0,0.0,3926.3705645171813,204.6535851,30259297.804085962
11,0.0,2923.65968673002,0.0,2923.65968673002,1000.0,923.65968673002,4815.300647026161,204.6535851,30259297.804085962
12,0.0,4310.29587852976,0.0,4310.29587852976,1000.0,2310.2958785297596,7038.72940052324,204.6535851,30259297.804085962
13,0.0,4979.782934675802,0.0,4979.782934675802,1000.0,2979.7829346758017,9906.472496855306,204.6535851,30259297.804085962
14,0.0,5810.984215316457,0.0,5810.984215316457,1000.0,3810.9842153164573,13574.163705675863,204.6535851,30259297.804085962
15,0.0,5550.209721957583,0.0,5550.209721957583,1000.0,3550.2097219575826,16990.885542087955,231.8515851,30259297.804085962
16,0.0,4875.373504431109,0.0,4875.373504431109,1000.0,2875.373504431109,19758.145002752397,295.6535851,30259297.804085962
17,0.0,3694.288548837233,0.0,3694.288548837233,1000.0,1694.288548837233,21388.72830215334,295.6535851,30259297.804085962
18,0.0,1731.0461642460987,0.0,1731.0461642460987,731.0461642461014,0.0,21388.72830215334,295.6535851,30259297.804085962
19,0.0,0.0,1000.0,0.0,0.0,0.0,20349.659307972128,344.6535851,30259297.804085962
20,0.0,0.0,1663.585195452839,0.0,663.5851954528389,0.0,18621.079512198186,354.6535851,30259297.804085962
21,0.0,0.0,1000.0,0.0,0.0,0.0,17582.010518017003,354.6535851,30259297.804085962
22,0.0,0.0,1000.0,0.0,0.0,0.0,16542.94152383579,354.6535851,30259297.804085962
23,0.0,0.0,2000.0,0.0,1000.0,0.0,14464.803535473364,444.6535851,30259297.804085962
24,0.0,0.0,1000.0,0.0,0.0,0.0,13425.734541292148,354.6535851,30259297.804085962
25,0.0,0.0,1000.0,0.0,0.0,0.0,12386.665547110933,108.0499879,30259297.804085962
26,0.0,0.0,1000.0,0.0,0.0,0.0,11347.596552929721,108.0499879,30259297.804085962
27,0.0,0.0,1000.0,0.0,0.0,0.0,10308.527558748508,108.0499879,30259297.804085962
28,0.0,0.0,1000.0,0.0,0.0,0.0,9269.458564567294,108.0499879,30259297.804085962
29,0.0,0.0,1000.0,0.0,0.0,0.0,8230.38957038608,222.8619879,30259297.804085962
30,0.0,0.0,1000.0,0.0,0.0,0.0,7191.320576204867,224.8619879,30259297.804085962
31,0.0,0.0,1000.0,0.0,0.0,0.0,6152.251582023653,224.8619879,30259297.804085962
32,0.0,0.0,1000.0,0.0,0.0,0.0,5113.18258784244,224.8619879,30259297.804085962
33,0.0,0.0,1000.0,0.0,0.0,0.0,4074.1135936612263,224.8619879,30259297.804085962
34,0.0,1051.7859141897786,0.0,1051.7859141897786,0.0,51.78591418977862,4123.952357477472,224.8619879,30259297.804085962
35,0.0,3033.608036530319,0.0,3033.608036530319,0.0,2033.6080365303192,6081.09673183423,249.3799879,30259297.804085962
36,0.0,4427.17085806299,0.0,4427.17085806299,1000.0,2427.17085806299,8417.005965634016,444.8619879,30259297.804085962
37,0.0,4992.082444152607,0.0,4992.082444152607,1000.0,2992.0824441526074,11296.58610988647,444.8619879,30259297.804085962
38,0.0,5941.8547870314615,0.0,6011.54212193169,1000.0,3941.854787031461,15090.22715692548,454.8619879,30259297.804085962
39,0.0,5082.994435453607,0.0,5082.994435453607,1000.0,3082.9944354536074,18057.301001606043,520.7829879,30259297.804085962
40,0.0,4302.675399341982,0.0,4302.675399341982,1000.0,2302.6753993419816,20273.395805932727,520.7829879,30259297.804085962
41,0.0,3042.675516170213,0.0,3042.675516170213,1000.0,1042.675516170213,21276.866722694955,520.7829879,30259297.804085962
42,0.0,1606.5388407095543,393.4611592904457,1606.5388407095543,1000.0,0.0,20868.033431661657,454.8619879,30259297.804085962
43,0.0,0.0,2000.0,0.0,1000.0,0.0,18789.89544329923,703.8619879,30259297.804085962
44,0.0,0.0,2000.0,0.0,1000.0,0.0,16711.757454936804,704.8619879,30259297.804085962
45,0.0,0.0,2000.0,0.0,1000.0,0.0,14633.619466574375,703.8619879,30259297.804085962
46,0.0,0.0,2000.0,0.0,1000.0,0.0,12555.481478211948,520.7829879,30259297.804085962
47,0.0,0.0,1000.0,0.0,0.0,0.0,11516.412484030734,303.8619879,30259297.804085962
48,0.0,0.0,1000.0,0.0,0.0,0.0,10477.34348984952,224.8619879,30259297.804085962
49,0.0,0.0,1000.0,0.0,0.0,0.0,9438.274495668305,109.080381,30259297.804085962
50,0.0,0.0,1000.0,0.0,0.0,0.0,8399.205501487091,109.080381,30259297.804085962
51,0.0,0.0,1000.0,0.0,0.0,0.0,7360.136507305878,109.080381,30259297.804085962
52,0.0,0.0,1000.0,0.0,0.0,0.0,6321.067513124664,104.661381,30259297.804085962
53,0.0,0.0,1000.0,0.0,0.0,0.0,5281.998518943451,109.080381,30259297.804085962
54,0.0,0.0,1000.0,0.0,0.0,0.0,4242.929524762238,109.305381,30259297.804085962
55,0.0,0.0,1000.0,0.0,0.0,0.0,3203.8605305810242,111.683381,30259297.804085962
56,0.0,0.0,1000.0,0.0,0.0,0.0,2164.7915363998104,111.683381,30259297.804085962
57,0.0,0.0,1000.0,0.0,0.0,0.0,1125.7225422185968,109.205381,30259297.804085962
58,0.0,1270.0755115681138,0.0,1270.0755115681138,270.0755115681095,0.0,1125.7225422185968,109.205381,30259297.804085962
59,0.0,3435.458380956958,0.0,3695.9668399527195,1000.0,1435.458380956958,2507.2076880515733,111.683381,30259297.804085962
60,0.0,5218.211935298889,0.0,5218.211935298921,1000.0,3218.2119352988893,5604.414854583225,111.683381,30259297.804085962
61,0.0,5941.8547870314615,0.0,6086.8632723765495,1000.0,3941.854787031462,9398.055901622294,111.683381,30259297.804085962
62,0.0,5941.8547870314615,0.0,6408.4592552540935,1000.0,3941.854787031462,13191.696948661374,308.605381,30259297.804085962
63,0.0,5941.8547870314615,0.0,5972.710304626607,1000.0,3941.854787031462,16985.337995700454,308.605381,30259297.804085962
64,0.0,4914.828004833021,0.0,4914.828004833079,1000.0,2914.8280048330207,19790.568467551755,308.605381,30259297.804085962
65,0.0,3660.5983318802832,0.0,3660.598331880286,1000.0,1660.5983318802832,21388.72830215334,448.605381,30259297.804085962
66,0.0,1810.0144665924624,189.98553340753756,1810.0144665924624,1000.0,0.0,21191.32022504659,448.605381,30259297.804085962
67,0.0,0.0,2000.0,0.0,1000.0,0.0,19113.182236684166,758.605381,30259297.804085962
68,0.0,0.0,2000.0,0.0,1000.0,0.0,17035.044248321738,881.962381,30259297.804085962
69,0.0,0.0,2000.0,0.0,1000.0,0.0,14956.90625995931,758.605381,30259297.804085962
70,0.0,0.0,2000.0,0.0,1000.0,0.0,12878.768271596884,448.605381,30259297.804085962
71,0.0,0.0,1311.1312099536663,0.0,311.13120995366626,0.0,11516.412484030732,307.605381,30259297.804085962
72,0.0,0.0,1000.0,0.0,0.0,0.0,10477.343489849518,111.683381,30259297.804085962
73,0.0,0.0,1000.0,0.0,0.0,0.0,9438.274495668305,107.858724,30259297.804085962
74,0.0,0.0,1000.0,0.0,0.0,0.0,8399.205501487091,107.858724,30259297.804085962
75,0.0,0.0,1000.0,0.0,0.0,0.0,7360.136507305878,107.858724,30259297.804085962
76,0.0,0.0,1000.0,0.0,0.0,0.0,6321.067513124664,107.833724,30259297.804085962
77,0.0,0.0,1000.0,0.0,0.0,0.0,5281.998518943451,107.833724,30259297.804085962
78,0.0,0.0,1000.0,0.0,0.0,0.0,4242.929524762238,107.858724,30259297.804085962
79,0.0,0.0,1000.0,0.0,0.0,0.0,3203.8605305810242,222.359724,30259297.804085962
80,0.0,0.0,1000.0,0.0,0.0,0.0,2164.7915363998104,222.358724,30259297.804085962
81,0.0,0.0,1000.0,0.0,0.0,0.0,1125.7225422185968,110.956724,30259297.804085962
82,0.0,1233.8589790446388,0.0,1233.8589790446388,0.0,233.85897904463877,1350.7884236511454,107.958724,30259297.804085962
83,0.0,3385.929069102617,0.0,3385.929069102617,0.0,2385.929069102617,3647.0065597555367,108.058724,30259297.804085962
84,0.0,4948.45299347365,0.0,4948.45299347365,1000.0,2948.45299347365,6484.597720674588,222.359724,30259297.804085962
85,0.0,5309.254394500304,0.0,5309.254394500304,706.2892688931897,3602.965125607094,9952.09135755885,112.358724,30259297.804085962
86,0.0,5941.8547870314615,0.0,5958.750306891436,1000.0,3941.854787031461,13745.732404598035,222.358724,30259297.804085962
87,0.0,5625.70285025576,0.0,5625.70285025576,1000.0,3625.7028502557596,17235.108827684133,222.359724,30259297.804085962
88,0.0,4900.559623302626,0.0,4900.559623302626,1000.0,2900.5596233026263,20026.60740915053,357.358724,30259297.804085962
89,0.0,3415.3375862456387,0.0,3415.3375862456387,1000.0,1415.3375862456387,21388.72830215334,357.358724,30259297.804085962
90,0.0,1960.3009469600156,39.69905303998439,1960.3009469600156,1000.0,0.0,21347.478247041137,357.358724,30259297.804085962
91,0.0,0.0,2000.0,0.0,1000.0,0.0,19269.340258678712,807.358724,30259297.804085962
92,0.0,0.0,2000.0,0.0,1000.0,0.0,17191.202270316284,381.358724,30259297.804085962
93,0.0,0.0,2000.0,0.0,1000.0,0.0,15113.064281953857,807.358724,30259297.804085962
94,0.0,0.0,2000.0,0.0,1000.0,0.0,13034.92629359143,357.358724,30259297.804085962
95,0.0,0.0,1461.417690321221,0.0,461.417690321221,0.0,11516.412484030732,222.359724,30259297.804085962
96,0.0,0.0,1000.0,0.0,0.0,0.0,10477.343489849518,112.358724,30259297.804085962
97,0.0,0.0,1000.0,0.0,0.0,0.0,9438.274495668305,105.8548956,30259297.804085962
98,0.0,0.0,1000.0,0.0,0.0,0.0,8399.205501487091,105.8548956,30259297.804085962
99,0.0,0.0,1000.0,0.0,0.0,0.0,7360.136507305878,105.8548956,30259297.804085962
100,0.0,0.0,1000.0,0.0,0.0,0.0,6321.067513124664,105.8548956,30259297.804085962
101,0.0,0.0,1000.0,0.0,0.0,0.0,5281.998518943451,105.8568956,30259297.804085962
102,0.0,0.0,1000.0,0.0,0.0,0.0,4242.929524762238,110.2988956,30259297.804085962
103,0.0,0.0,1000.0,0.0,0.0,0.0,3203.8605305810242,110.3988956,30259297.804085962
104,0.0,0.0,1000.0,0.0,0.0,0.0,2164.7915363998104,113.0158956,30259297.804085962
105,0.0,0.0,1000.0,0.0,0.0,0.0,1125.7225422185968,218.7988956,30259297.804085962
106,0.0,1122.7186265514042,0.0,1122.7186265514042,0.0,122.71862655140421,1243.8269484116681,201.7988956,30259297.804085962
107,0.0,3406.4598873161813,0.0,3406.4598873161813,0.0,2406.4598873161813,3559.803943964769,114.7988956,30259297.804085962
108,0.0,4593.065970876172,0.0,4593.065970876172,1000.0,2593.0659708761723,6055.370634335966,218.7988956,30259297.804085962
109,0.0,5531.926503187922,0.0,5531.926503187922,590.071716156468,3941.854787031461,9849.011681375443,201.7988956,30259297.804085962
110,0.0,5818.302248750537,0.0,5818.302248750537,1000.0,3818.302248750537,13523.745765572967,218.7988956,30259297.804085962
111,0.0,5363.902405283313,0.0,5363.902405283313,1000.0,3363.902405283313,16761.165440417622,218.7988956,30259297.804085962
112,0.0,4370.5124652734,0.0,4370.5124652734,1000.0,2370.5124652734003,19042.546636996718,227.7988956,30259297.804085962
113,0.0,3249.5610877849326,0.0,3249.5610877849326,1000.0,1249.5610877849326,20245.124227880937,459.7988956,30259297.804085962
114,0.0,1735.0313450802798,264.96865491972017,1735.0313450802798,1000.0,0.0,19969.803514123945,459.7988956,30259297.804085962
115,0.0,0.0,2000.0,0.0,1000.0,0.0,17891.665525761517,858.9598956,30259297.804085962
116,0.0,0.0,2000.0,0.0,1000.0,0.0,15813.527537399088,383.7988956,30259297.804085962
117,0.0,0.0,2000.0,0.0,1000.0,0.0,13735.389549036661,718.1858956,30259297.804085962
118,0.0,0.0,1135.543527361704,0.0,135.54352736170404,0.0,12555.481478211947,218.7988956,30259297.804085962
119,0.0,0.0,1000.0,0.0,0.0,0.0,11516.412484030732,114.7988956,30259297.804085962
120,0.0,0.0,1000.0,0.0,0.0,0.0,10477.34348984952,110.3988956,30259297.804085962
121,0.0,0.0,1000.0,0.0,0.0,0.0,9438.274495668305,103.1692111,30259297.804085962
122,0.0,0.0,1000.0,0.0,0.0,0.0,8399.205501487091,103.1692111,30259297.804085962
123,0.0,0.0,1000.0,0.0,0.0,0.0,7360.136507305878,103.1692111,30259297.804085962
124,0.0,0.0,1000.0,0.0,0.0,0.0,6321.067513124664,103.1692111,30259297.804085962
125,0.0,0.0,1000.0,0.0,0.0,0.0,5281.998518943451,103.1692111,30259297.804085962
126,0.0,0.0,1000.0,0.0,0.0,0.0,4242.929524762238,107.5882111,30259297.804085962
127,0.0,0.0,1000.0,0.0,0.0,0.0,3203.8605305810242,107.5882111,30259297.804085962
128,0.0,0.0,1000.0,0.0,0.0,0.0,2164.7915363998104,107.5882111,30259297.804085962
129,0.0,0.0,1000.0,0.0,0.0,0.0,1125.7225422185968,107.5882111,30259297.804085962
130,0.0,1224.3585857506635,0.0,1224.3585857506635,0.0,224.35858575066345,1341.6452451450314,107.5882111,30259297.804085962
131,0.0,3286.127514056623,0.0,3286.127514056623,0.0,2286.127514056623,3541.8143646731332,107.7132111,30259297.804085962
132,0.0,5235.380244507561,0.0,5235.380244507561,1000.0,3235.3802445075607,6655.544311987178,216.1132111,30259297.804085962
133,0.0,5361.986907998135,0.0,5361.986907998135,560.2074064754415,3801.7795015226584,10314.3769042528,110.4822111,30259297.804085962
134,0.0,5933.753957462724,0.0,5933.753957462724,1000.0,3933.7539574627244,14100.221712914936,216.1132111,30259297.804085962
135,0.0,5342.256700043989,0.0,5342.256700043989,1000.0,3342.2567000439894,17316.809561037342,225.1132111,30259297.804085962
136,0.0,4768.4436853938405,0.0,4768.4436853938405,1000.0,2768.4436853938405,19981.159763860313,297.6142111,30259297.804085962
137,0.0,3462.5608253252594,0.0,3462.5608253252594,1000.0,1462.5608253252594,21388.72830215334,457.1132111,30259297.804085962
138,0.0,1814.0826786001403,185.9173213998597,1814.0826786001403,1000.0,0.0,21195.547378005518,297.6142111,30259297.804085962
139,0.0,0.0,2000.0,0.0,1000.0,0.0,19117.409389643093,856.2742111,30259297.804085962
140,0.0,0.0,2000.0,0.0,1000.0,0.0,17039.271401280665,872.1132111,30259297.804085962
141,0.0,0.0,2000.0,0.0,1000.0,0.0,14961.133412918236,297.6142111,30259297.804085962
142,0.0,0.0,2000.0,0.0,1000.0,0.0,12882.995424555796,216.1132111,30259297.804085962
143,0.0,0.0,1188.8025786766398,0.0,188.80257867663977,0.0,11647.747524850227,216.1132111,30259297.804085962
144,0.0,0.0,1000.0,0.0,0.0,0.0,10608.678530669013,107.7132111,30259297.804085962
145,0.0,0.0,1000.0,0.0,0.0,0.0,9569.6095364878,111.7151559,30259297.804085962
146,0.0,0.0,1000.0,0.0,0.0,0.0,8530.540542306586,111.7151559,30259297.804085962
147,0.0,0.0,1000.0,0.0,0.0,0.0,7491.4715481253725,107.2151559,30259297.804085962
148,0.0,0.0,1000.0,0.0,0.0,0.0,6452.402553944159,107.2151559,30259297.804085962
149,0.0,0.0,1000.0,0.0,0.0,0.0,5413.333559762946,107.2151559,30259297.804085962
150,0.0,0.0,1000.0,0.0,0.0,0.0,4374.264565581732,107.2151559,30259297.804085962
151,0.0,0.0,1000.0,0.0,0.0,0.0,3335.1955714005185,107.2151559,30259297.804085962
152,0.0,0.0,1000.0,0.0,0.0,0.0,2296.1265772193046,107.2151559,30259297.804085962
153,0.0,0.0,1000.0,0.0,0.0,0.0,1257.0575830380913,107.2151559,30259297.804085962
154,0.0,873.6031567153278,126.39684328467217,873.6031567153278,0.0,0.0,1125.7225422185968,107.2151559,30259297.804085962
155,0.0,2506.116850472649,0.0,2506.116850472649,0.0,1506.1168504726488,2575.2093991134607,107.2151559,30259297.804085962
156,0.0,4010.143977900828,0.0,4010.143977900828,0.0,3010.143977900828,5472.171963445173,107.3151559,30259297.804085962
157,0.0,4205.779698748126,0.0,4205.779698748126,0.0,3205.779698748126,8557.414345520374,107.2151559,30259297.804085962
158,0.0,4934.220195122178,0.0,4934.220195122178,0.0,3934.2201951221778,12343.707861305913,107.2151559,30259297.804085962
159,0.0,4214.544732634321,0.0,4214.544732634321,0.0,3214.5447326342983,15437.385711993287,111.7151559,30259297.804085962
160,0.0,4101.8565569259845,0.0,4101.8565569259845,307.0475500916262,2794.8090068343445,18127.10990017066,111.7151559,30259297.804085962
161,0.0,2768.3442823252235,0.0,2768.3442823252235,0.0,1768.3442823252117,19828.964437480445,111.7151559,30259297.804085962
162,0.0,1683.2180336590814,0.0,1683.2180336590814,683.2180336590861,0.0,19828.964437480445,111.7151559,30259297.804085962
163,0.0,0.0,2000.0,0.0,1000.0,0.0,17750.826449118016,198.7151559,30259297.804085962
164,0.0,0.0,2000.0,0.0,1000.0,0.0,15672.68846075559,456.7151559,30259297.804085962
165,0.0,0.0,2000.0,0.0,1000.0,0.0,13594.550472393163,175.7151559,30259297.804085962
166,0.0,0.0,1000.0,0.0,0.0,0.0,12555.481478211948,111.7151559,30259297.804085962
167,0.0,0.0,1000.0,0.0,0.0,0.0,11516.412484030734,111.7151559,30259297.804085962
168,0.0,0.0,1000.0,0.0,0.0,0.0,10477.34348984952,111.7151559,30259297.804085962
169,0.0,0.0,1000.0,0.0,0.0,0.0,9438.274495668305,99.60998436,30259297.804085962
170,0.0,0.0,1000.0,0.0,0.0,0.0,8399.205501487091,99.60998436,30259297.804085962
171,0.0,0.0,1000.0,0.0,0.0,0.0,7360.136507305878,99.60998436,30259297.804085962
172,0.0,0.0,1000.0,0.0,0.0,0.0,6321.067513124664,99.60998436,30259297.804085962
173,0.0,0.0,1000.0,0.0,0.0,0.0,5281.998518943451,99.60998436,30259297.804085962
174,0.0,0.0,1000.0,0.0,0.0,0.0,4242.929524762238,99.60998436,30259297.804085962
175,0.0,0.0,1000.0,0.0,0.0,0.0,3203.8605305810242,99.60998436,30259297.804085962
176,0.0,0.0,1000.0,0.0,0.0,0.0,2164.7915363998104,99.60998436,30259297.804085962
177,0.0,0.0,1000.0,0.0,0.0,0.0,1125.7225422185968,99.60998436,30259297.804085962
178,0.0,1119.8542707845675,0.0,1119.8542707845675,0.0,119.85427078456746,1241.0702924216603,99.60998436,30259297.804085962
179,0.0,2854.577243337196,0.0,2854.577243337196,0.0,1854.5772433371958,3025.9154314093757,99.60998436,30259297.804085962
180,0.0,4381.88684589962,0.0,4381.88684589962,0.0,3381.8868458996203,6280.643331903208,99.60998436,30259297.804085962
181,0.0,4426.6786428664855,0.0,4426.6786428664855,0.0,3426.6786428664855,9578.478857797862,99.60998436,30259297.804085962
182,0.0,5588.442574529222,0.0,5588.442574529222,646.5877874977887,3941.854787031461,13372.119904836727,99.60998436,30259297.804085962
183,0.0,4771.349551113611,0.0,4771.349551113611,0.0,3771.3495511136107,17001.666712828475,99.60998436,30259297.804085962
184,0.0,4115.069341705468,0.0,4115.069341705468,0.0,3115.069341705468,19999.60944728582,99.60998436,30259297.804085962
185,0.0,3078.814966829407,0.0,3078.814966829407,635.4246355040377,1443.390331325354,21388.72830215334,104.0279844,30259297.804085962
186,0.0,1813.7446496674618,0.0,1813.7446496674618,813.7446496674675,-0.0,21388.72830215334,104.0289844,30259297.804085962
187,0.0,0.0,1000.0,0.0,0.0,0.0,20349.659307972128,107.0539844,30259297.804085962
188,0.0,0.0,2000.0,0.0,1000.0,0.0,18271.5213196097,203.5539844,30259297.804085962
189,0.0,0.0,1000.0,0.0,0.0,0.0,17232.452325428487,107.0539844,30259297.804085962
190,0.0,0.0,1000.0,0.0,0.0,0.0,16193.383331247273,104.2539844,30259297.804085962
191,0.0,0.0,1000.0,0.0,0.0,0.0,15154.314337066058,104.0539844,30259297.804085962
192,0.0,0.0,1000.0,0.0,0.0,0.0,14115.245342884846,104.0279844,30259297.804085962
193,0.0,0.0,1000.0,0.0,0.0,0.0,13076.176348703631,101.8344433,30259297.804085962
194,0.0,0.0,1000.0,0.0,0.0,0.0,12037.107354522417,101.8344433,30259297.804085962
195,0.0,0.0,1000.0,0.0,0.0,0.0,10998.038360341203,101.8344433,30259297.804085962
196,0.0,0.0,1000.0,0.0,0.0,0.0,9958.969366159989,101.8344433,30259297.804085962
197,0.0,0.0,1000.0,0.0,0.0,0.0,8919.900371978774,101.8344433,30259297.804085962
198,0.0,0.0,1000.0,0.0,0.0,0.0,7880.83137779756,106.2534433,30259297.804085962
199,0.0,0.0,1000.0,0.0,0.0,0.0,6841.762383616346,106.2534433,30259297.804085962
200,0.0,0.0,1000.0,0.0,0.0,0.0,5802.693389435131,106.2784433,30259297.804085962
201,0.0,0.0,1000.0,0.0,0.0,0.0,4763.624395253919,101.8364433,30259297.804085962
202,0.0,1072.9216239107393,0.0,1072.9216239107393,0.0,72.9216239107393,4833.804166105609,101.8344433,30259297.804085962
203,0.0,2845.877449035007,0.0,2845.877449035007,0.0,1845.877449035007,6610.276623056896,101.8354433,30259297.804085962
204,0.0,4279.1853519078095,0.0,4279.1853519078095,0.0,3279.1853519077995,9766.164605732964,106.2534433,30259297.804085962
205,0.0,4397.643737835123,0.0,4397.643737835123,415.1035132134381,2982.5402246216836,12636.561317908694,106.2534433,30259297.804085962
206,0.0,4922.525577152769,0.0,4922.525577152769,1000.0,2922.525577152769,15449.19993336068,106.2784433,30259297.804085962
207,0.0,4823.500891467487,0.0,4823.500891467487,1000.0,2823.5008914674872,18166.537191308977,106.2784433,30259297.804085962
208,0.0,4125.601613386969,0.0,4125.601613386969,1000.0,2125.601613386969,20212.216184032615,223.7784433,30259297.804085962
209,0.0,3222.477263217728,0.0,3222.477263217728,1000.0,1222.4772632177278,21388.72830215334,250.8524433,30259297.804085962
210,0.0,1750.3612614032852,0.0,1750.3612614032852,750.3612614032754,0.0,21388.72830215334,223.7784433,30259297.804085962
211,0.0,0.0,2000.0,0.0,1000.0,0.0,19310.59031379091,870.7784433,30259297.804085962
212,0.0,0.0,2000.0,0.0,1000.0,0.0,17232.452325428487,854.9394433,30259297.804085962
213,0.0,0.0,2000.0,0.0,1000.0,0.0,15154.314337066058,870.7784433,30259297.804085962
214,0.0,0.0,1000.0,0.0,0.0,0.0,14115.245342884846,223.7784433,30259297.804085962
215,0.0,0.0,1000.0,0.0,0.0,0.0,13076.176348703631,106.2784433,30259297.804085962
216,0.0,0.0,1000.0,0.0,0.0,0.0,12037.107354522417,106.2784433,30259297.804085962
217,0.0,0.0,1000.0,0.0,0.0,0.0,10998.038360341203,100.7448014,30259297.804085962
218,0.0,0.0,1000.0,0.0,0.0,0.0,9958.969366159989,100.7448014,30259297.804085962
219,0.0,0.0,1000.0,0.0,0.0,0.0,8919.900371978774,100.7438014,30259297.804085962
220,0.0,0.0,1000.0,0.0,0.0,0.0,7880.83137779756,100.7438014,30259297.804085962
221,0.0,0.0,1000.0,0.0,0.0,0.0,6841.762383616346,100.7448014,30259297.804085962
222,0.0,0.0,1000.0,0.0,0.0,0.0,5802.693389435131,105.1868014,30259297.804085962
223,0.0,0.0,1000.0,0.0,0.0,0.0,4763.624395253919,105.1868014,30259297.804085962
224,0.0,0.0,1000.0,0.0,0.0,0.0,3724.5554010727064,100.7448014,30259297.804085962
225,0.0,0.0,1000.0,0.0,0.0,0.0,2685.486406891494,100.7458014,30259297.804085962
226,0.0,908.4675847757202,91.53241522427982,908.4675847757202,0.0,0.0,2590.377912269425,100.7458014,30259297.804085962
227,0.0,2885.2251999000378,0.0,2885.2251999000378,0.0,1885.2251999000378,4404.718644653243,105.1878014,30259297.804085962
228,0.0,4065.8950221616906,0.0,4065.8950221616906,0.0,3065.8950221616906,7355.336013981665,105.2878014,30259297.804085962
229,0.0,5003.877873617371,0.0,5003.877873617371,62.02308658591937,3941.854787031461,11148.977061020609,105.1878014,30259297.804085962
230,0.0,5587.102323614045,0.0,5587.102323614045,645.2475365825812,3941.854787031461,14942.618108059687,105.2878014,30259297.804085962
231,0.0,4271.671622256972,0.0,4271.671622256972,0.0,3271.671622256972,18091.274877319785,105.1878014,30259297.804085962
232,0.0,3927.2913062156395,0.0,3927.2913062156395,730.4543471577626,2196.836959057866,20205.510766717074,222.6878014,30259297.804085962
233,0.0,2932.9940289446317,0.0,2932.9940289446317,1000.0,932.994028944624,21103.42422017338,222.6878014,30259297.804085962
234,0.0,1773.459905136309,226.5400948636909,1773.459905136309,1000.0,0.0,20868.033431661657,454.6878014,30259297.804085962
235,0.0,0.0,2000.0,0.0,1000.0,0.0,18789.89544329923,869.6878014,30259297.804085962
236,0.0,0.0,2000.0,0.0,1000.0,0.0,16711.757454936804,869.6878014,30259297.804085962
237,0.0,0.0,2000.0,0.0,1000.0,0.0,14633.619466574375,869.6878014,30259297.804085962
238,0.0,0.0,2000.0,0.0,1000.0,0.0,12555.481478211948,454.6878014,30259297.804085962
239,0.0,0.0,1000.0,0.0,0.0,0.0,11516.412484030734,105.2878014,30259297.804085962
240,0.0,0.0,1000.0,0.0,0.0,0.0,10477.34348984952,105.1868014,30259297.804085962
241,0.0,0.0,1000.0,0.0,0.0,0.0,9438.274495668305,110.0036801,30259297.804085962
242,0.0,0.0,1000.0,0.0,0.0,0.0,8399.205501487091,109.9536801,30259297.804085962
243,0.0,0.0,1000.0,0.0,0.0,0.0,7360.136507305878,109.9536801,30259297.804085962
244,0.0,0.0,1000.0,0.0,0.0,0.0,6321.067513124664,109.9536801,30259297.804085962
245,0.0,0.0,1000.0,0.0,0.0,0.0,5281.998518943451,110.0036801,30259297.804085962
246,0.0,0.0,1000.0,0.0,0.0,0.0,4242.929524762238,112.4036801,30259297.804085962
247,0.0,0.0,1000.0,0.0,0.0,0.0,3203.8605305810242,112.4036801,30259297.804085962
248,0.0,0.0,1000.0,0.0,0.0,0.0,2164.7915363998104,112.4036801,30259297.804085962
249,0.0,0.0,1000.0,0.0,0.0,0.0,1125.7225422185968,112.4036801,30259297.804085962
250,0.0,1348.7591597502687,0.0,1348.7591597502687,348.75915975026874,-0.0,1125.7225422185968,110.1036801,30259297.804085962
251,0.0,2035.6108015368154,0.0,3603.3231940353944,1000.0,35.610801536815416,1159.994377617628,112.4036801,30259297.804085962
252,0.0,5189.094010361699,0.0,5189.094010361694,1000.0,3189.0940103616986,4229.1784531897265,112.4036801,30259297.804085962
253,0.0,5920.558964272726,0.0,5920.558964272728,1000.0,3920.5589642727264,8002.324400405798,112.4036801,30259297.804085962
254,0.0,5941.8547870314615,0.0,6383.385812693469,1000.0,3941.854787031462,11795.965447444876,112.4036801,30259297.804085962
255,0.0,5941.8547870314615,0.0,6379.981793735611,1000.0,3941.854787031462,15589.606494483955,201.4036801,30259297.804085962
256,0.0,5470.9211822679845,0.0,5470.921182268031,1000.0,3470.921182267984,18930.021040298663,236.6016801,30259297.804085962
257,0.0,4201.391260664867,0.0,4201.391260664891,1000.0,2201.3912606648673,21048.639989562533,112.4816801,30259297.804085962
258,0.0,2353.3752208965197,0.0,2353.3752208965275,1000.0,353.37522089651975,21388.72830215334,459.4036801,30259297.804085962
259,0.0,0.0,2000.0,0.0,1000.0,0.0,19310.59031379091,874.4036801,30259297.804085962
260,0.0,0.0,2000.0,0.0,1000.0,0.0,17232.452325428487,1023.32568,30259297.804085962
261,0.0,0.0,2000.0,0.0,1000.0,0.0,15154.314337066058,874.4036801,30259297.804085962
262,0.0,0.0,1000.0,0.0,0.0,0.0,14115.245342884846,227.4036801,30259297.804085962
263,0.0,0.0,1000.0,0.0,0.0,0.0,13076.176348703631,112.4036801,30259297.804085962
264,0.0,0.0,1000.0,0.0,0.0,0.0,12037.107354522417,112.4036801,30259297.804085962
265,0.0,0.0,1000.0,0.0,0.0,0.0,10998.038360341203,196.763768,30259297.804085962
266,0.0,0.0,1000.0,0.0,0.0,0.0,9958.969366159989,132.763768,30259297.804085962
267,0.0,0.0,1000.0,0.0,0.0,0.0,8919.900371978774,132.763768,30259297.804085962
268,0.0,0.0,1000.0,0.0,0.0,0.0,7880.83137779756,132.763768,30259297.804085962
269,0.0,0.0,1000.0,0.0,0.0,0.0,6841.762383616346,196.763768,30259297.804085962
270,0.0,0.0,1501.116743361194,0.0,501.11674336119404,0.0,5281.998518943451,251.837768,30259297.804085962
271,0.0,0.0,2000.0,0.0,1000.0,0.0,3203.860530581024,305.763768,30259297.804085962
272,0.0,0.0,1000.0,0.0,0.0,0.0,2164.7915363998104,251.837768,30259297.804085962
273,0.0,0.0,1000.0,0.0,0.0,0.0,1125.7225422185968,109.841768,30259297.804085962
274,0.0,1092.3138141998381,0.0,1092.3138141998381,92.31381419983518,-0.0,1125.7225422185968,132.763768,30259297.804085962
275,0.0,2435.177394393073,0.0,3802.32733939394,1000.0,435.177394393073,1544.5372665824902,132.763768,30259297.804085962
276,0.0,5630.494556855667,0.0,5630.49455685568,1000.0,3630.4945568556673,5038.525228100385,196.763768,30259297.804085962
277,0.0,5941.8547870314615,0.0,6495.196285010476,1000.0,3941.854787031462,8832.166275139458,132.763768,30259297.804085962
278,0.0,5941.8547870314615,0.0,6535.860579694871,1000.0,3941.854787031462,12625.807322178538,196.763768,30259297.804085962
279,0.0,5898.225336352507,0.0,5898.2253363525115,1000.0,3898.2253363525074,16377.45938588419,251.837768,30259297.804085962
280,0.0,5361.785273739773,0.0,5361.7852737397925,1000.0,3361.7852737397734,19612.84153333135,456.763768,30259297.804085962
281,0.0,3845.268878659592,0.0,3845.2688786596336,1000.0,1845.2688786595918,21388.72830215334,456.763768,30259297.804085962
282,0.0,1904.5498914315224,95.45010856847762,1904.5498914315224,1000.0,0.0,21289.549053848605,456.763768,30259297.804085962
283,0.0,0.0,2000.0,0.0,1000.0,0.0,19211.41106548618,871.763768,30259297.804085962
284,0.0,0.0,2000.0,0.0,1000.0,0.0,17133.27307712375,871.763768,30259297.804085962
285,0.0,0.0,2000.0,0.0,1000.0,0.0,15055.135088761323,871.763768,30259297.804085962
286,0.0,0.0,1405.6666347927162,0.0,405.66663479271625,0.0,13594.550472393159,196.763768,30259297.804085962
287,0.0,0.0,2000.0,0.0,1000.0,0.0,11516.412484030732,305.763768,30259297.804085962
288,0.0,0.0,1000.0,0.0,0.0,0.0,10477.343489849518,196.763768,30259297.804085962
289,0.0,0.0,1000.0,0.0,0.0,0.0,9438.274495668304,151.6286465,30259297.804085962
290,0.0,0.0,1000.0,0.0,0.0,0.0,8399.205501487091,151.6286465,30259297.804085962
291,0.0,0.0,1000.0,0.0,0.0,0.0,7360.136507305878,151.6286465,30259297.804085962
292,0.0,0.0,1000.0,0.0,0.0,0.0,6321.067513124664,151.6286465,30259297.804085962
293,0.0,0.0,1000.0,0.0,0.0,0.0,5281.998518943451,107.1046465,30259297.804085962
294,0.0,0.0,1000.0,0.0,0.0,0.0,4242.929524762238,109.7066465,30259297.804085962
295,0.0,0.0,1000.0,0.0,0.0,0.0,3203.8605305810242,107.2286465,30259297.804085962
296,0.0,0.0,1000.0,0.0,0.0,0.0,2164.7915363998104,109.7066465,30259297.804085962
297,0.0,0.0,1000.0,0.0,0.0,0.0,1125.7225422185968,151.6286465,30259297.804085962
298,0.0,1233.0168700999195,0.0,1233.0168700999195,233.01687009991755,0.0,1125.7225422185968,151.6286465,30259297.804085962
299,0.0,3472.778786437524,0.0,3472.778786437524,429.82171475604275,2042.9570716814487,3091.8644280047893,151.6286465,30259297.804085962
300,0.0,4862.878298737544,0.0,4862.878298737544,1000.0,2862.8782987375453,5847.098502709803,151.6286465,30259297.804085962
301,0.0,5941.8547870314615,0.0,6099.74395499731,1000.0,3941.854787031461,9640.739549748881,151.6286465,30259297.804085962
302,0.0,5941.8547870314615,0.0,6356.515475932511,1000.0,3941.854787031461,13434.38059678796,151.6286465,30259297.804085962
303,0.0,5769.572707676376,0.0,5769.572707676376,1000.0,3769.572707676387,17062.217370655737,151.6286465,30259297.804085962
304,0.0,4714.744533092492,0.0,4714.744533092492,1000.0,2714.744533092492,19674.887509303982,269.6286465,30259297.804085962
305,0.0,3660.627988285313,0.0,3660.627988285313,1000.0,1660.6279882853132,21273.07588522976,456.6286465,30259297.804085962
306,0.0,2120.17084052741,0.0,2120.17084052741,1000.0,120.17084052740984,21388.72830215334,269.6286465,30259297.804085962
307,0.0,0.0,2000.0,0.0,1000.0,0.0,19310.59031379091,871.6286465,30259297.804085962
308,0.0,0.0,2000.0,0.0,1000.0,0.0,17232.452325428487,871.6286465,30259297.804085962
309,0.0,0.0,2000.0,0.0,1000.0,0.0,15154.314337066058,855.7896465,30259297.804085962
310,0.0,0.0,1000.0,0.0,0.0,0.0,14115.245342884846,151.6286465,30259297.804085962
311,0.0,0.0,2000.0,0.0,1000.0,0.0,12037.107354522417,871.6286465,30259297.804085962
312,0.0,0.0,1000.0,0.0,0.0,0.0,10998.038360341203,151.6286465,30259297.804085962
313,0.0,0.0,1000.0,0.0,0.0,0.0,9958.969366159989,149.9928405,30259297.804085962
314,0.0,0.0,1000.0,0.0,0.0,0.0,8919.900371978774,124.9928405,30259297.804085962
315,0.0,0.0,1000.0,0.0,0.0,0.0,7880.83137779756,124.9928405,30259297.804085962
316,0.0,0.0,1000.0,0.0,0.0,0.0,6841.762383616346,124.9928405,30259297.804085962
317,0.0,0.0,1000.0,0.0,0.0,0.0,5802.693389435131,149.9928405,30259297.804085962
318,0.0,0.0,1000.0,0.0,0.0,0.0,4763.624395253919,124.9928405,30259297.804085962
319,0.0,0.0,1000.0,0.0,0.0,0.0,3724.5554010727064,124.9928405,30259297.804085962
320,0.0,0.0,1000.0,0.0,0.0,0.0,2685.486406891494,124.9928405,30259297.804085962
321,0.0,0.0,1000.0,0.0,0.0,0.0,1646.4174127102815,124.9928405,30259297.804085962
322,0.0,1106.558466099217,0.0,1106.558466099217,0.0,106.55846609921696,1748.9692804841652,149.9928405,30259297.804085962
323,0.0,3465.804719977707,0.0,3465.804719977707,311.9517589578629,2153.8529610198166,3821.8373701696364,164.9928405,30259297.804085962
324,0.0,4673.427898906183,0.0,4673.427898906183,1000.0,2673.4278989061713,6394.744380077176,164.9928405,30259297.804085962
325,0.0,5208.853874720866,0.0,5208.853874720866,266.9990876893862,3941.854787031461,10188.385427116255,149.9928405,30259297.804085962
326,0.0,5050.591094643367,0.0,5050.591094643367,1000.0,3050.5910946433432,13124.274296601008,164.9928405,30259297.804085962
327,0.0,5068.625242427799,0.0,5068.625242427799,1000.0,3068.6252424277773,16077.519229913501,164.9928405,30259297.804085962
328,0.0,4555.366854721601,0.0,4555.366854721601,1000.0,2555.366854721622,18536.80429089759,164.9928405,30259297.804085962
329,0.0,3690.072088607314,0.0,3690.072088607314,1000.0,1690.0720886072959,20163.329668973252,164.9928405,30259297.804085962
330,0.0,1678.2069012113284,321.7930987886716,1678.2069012113284,1000.0,0.0,19828.964437480445,303.9928405,30259297.804085962
331,0.0,0.0,2000.0,0.0,1000.0,0.0,17750.826449118016,869.9928405,30259297.804085962
332,0.0,0.0,2000.0,0.0,1000.0,0.0,15672.68846075559,869.9928405,30259297.804085962
333,0.0,0.0,2000.0,0.0,1000.0,0.0,13594.550472393163,267.9928405,30259297.804085962
334,0.0,0.0,1000.0,0.0,0.0,0.0,12555.481478211948,164.9928405,30259297.804085962
335,0.0,0.0,1000.0,0.0,0.0,0.0,11516.412484030734,164.9928405,30259297.804085962
336,0.0,0.0,1000.0,0.0,0.0,0.0,10477.34348984952,164.9928405,30259297.804085962
337,0.0,0.0,1000.0,0.0,0.0,0.0,9438.274495668305,163.1215349,30259297.804085962
338,0.0,0.0,1000.0,0.0,0.0,0.0,8399.205501487091,163.1215349,30259297.804085962
339,0.0,0.0,1000.0,0.0,0.0,0.0,7360.136507305878,163.1215349,30259297.804085962
340,0.0,0.0,1000.0,0.0,0.0,0.0,6321.067513124664,163.1215349,30259297.804085962
341,0.0,0.0,1000.0,0.0,0.0,0.0,5281.998518943451,163.1215349,30259297.804085962
342,0.0,0.0,1000.0,0.0,0.0,0.0,4242.929524762238,163.1215349,30259297.804085962
343,0.0,0.0,1000.0,0.0,0.0,0.0,3203.8605305810242,163.1215349,30259297.804085962
344,0.0,0.0,1000.0,0.0,0.0,0.0,2164.7915363998104,163.1215349,30259297.804085962
345,0.0,0.0,1000.0,0.0,0.0,0.0,1125.7225422185968,163.1215349,30259297.804085962
346,0.0,1263.6944830677883,0.0,1263.6944830677883,263.69448306777934,0.0,1125.7225422185968,163.1215349,30259297.804085962
347,0.0,3183.5505611912413,0.0,3183.5505611912413,0.0,2183.5505611912376,3227.171602309054,163.1215349,30259297.804085962
348,0.0,4529.967236776204,0.0,4529.967236776204,0.0,3529.967236776225,6624.412070982493,163.1215349,30259297.804085962
349,0.0,5413.266494269897,0.0,5413.266494269897,716.0268908922153,3697.239603377675,10182.635465273168,163.1215349,30259297.804085962
350,0.0,5516.970210244206,0.0,5516.970210244206,575.1154232127362,3941.8547870314796,13976.276512312237,163.1215349,30259297.804085962
351,0.0,5196.566230059598,0.0,5196.566230059598,1000.0,3196.5662300595977,17052.651852121635,164.1215349,30259297.804085962
352,0.0,4632.6805955835525,0.0,4632.6805955835525,1000.0,2632.6805955835525,19586.343657311285,164.1215349,30259297.804085962
353,0.0,3795.703166682338,0.0,3795.703166682338,1000.0,1795.7031666823382,21314.528384926394,164.1215349,30259297.804085962
354,0.0,2077.098833361333,0.0,2077.098833361333,1000.0,77.09883336133316,21388.72830215334,169.1215349,30259297.804085962
355,0.0,0.0,1000.0,0.0,0.0,0.0,20349.659307972128,204.1215349,30259297.804085962
356,0.0,0.0,2000.0,0.0,1000.0,0.0,18271.5213196097,869.1215349,30259297.804085962
357,0.0,0.0,1000.0,0.0,0.0,0.0,17232.452325428487,204.1215349,30259297.804085962
358,0.0,0.0,1000.0,0.0,0.0,0.0,16193.383331247273,204.1215349,30259297.804085962
359,0.0,0.0,1000.0,0.0,0.0,0.0,15154.314337066058,169.1215349,30259297.804085962
360,0.0,0.0,1000.0,0.0,0.0,0.0,14115.245342884846,164.1215349,30259297.804085962
361,0.0,0.0,1000.0,0.0,0.0,0.0,13076.176348703631,229.0578499,30259297.804085962
362,0.0,0.0,1000.0,0.0,0.0,0.0,12037.107354522162,229.0578499,30259297.804085962
363,0.0,0.0,1000.0,0.0,0.0,0.0,10998.038360340948,229.0578499,30259297.804085962
364,0.0,0.0,1000.0,0.0,0.0,0.0,9958.969366159734,229.0578499,30259297.804085962
365,0.0,0.0,1000.0,0.0,0.0,0.0,8919.90037197852,229.0578499,30259297.804085962
366,0.0,0.0,1000.0,0.0,0.0,0.0,7880.831377797305,229.0578499,30259297.804085962
367,0.0,0.0,1535.3847084869808,0.0,535.3847084869808,0.0,6285.460733068522,229.0578499,30259297.804085962
368,0.0,0.0,2000.0,0.0,1000.0,0.0,4207.322744706094,239.0578499,30259297.804085962
369,0.0,0.0,2000.0,0.0,1000.0,0.0,2129.1847563436677,239.0578499,30259297.804085962
370,0.0,1278.3720486212483,721.6279513787517,1278.3720486212483,1000.0,0.0,1379.3635267314967,239.0578499,30259297.804085962
371,0.0,3384.185549670755,0.0,3384.185549670755,1000.0,1384.1855496707549,2711.5036997344687,239.0578499,30259297.804085962
372,0.0,4910.730147688006,0.0,4910.730147688006,1000.0,2910.7301476880057,5512.790393869393,239.0578499,30259297.804085962
373,0.0,5930.344011730913,0.0,5930.344011730913,1000.0,3930.344011730913,9295.35347075935,239.0578499,30259297.804085962
374,0.0,5837.32675370193,0.0,5837.32675370193,1000.0,3837.32675370193,12988.396738521988,239.0578499,30259297.804085962
375,0.0,5815.864879863827,0.0,5815.864879863827,1000.0,3815.864879863827,16660.785098902998,249.0578499,30259297.804085962
376,0.0,4717.798647034503,0.0,4717.798647034503,1000.0,2717.798647034503,19276.394516809058,249.0578499,30259297.804085962
377,0.0,3879.6232886664006,0.0,3879.6232886664006,1000.0,1879.6232886664006,21085.343969821595,267.0578499,30259297.804085962
378,0.0,2315.2372530462912,0.0,2315.2372530462912,1000.0,315.23725304629124,21388.72830215334,267.0578499,30259297.804085962
379,0.0,0.0,2000.0,0.0,1000.0,0.0,19310.59031379091,869.0578499,30259297.804085962
380,0.0,0.0,2000.0,0.0,1000.0,0.0,17232.452325428487,853.2188499,30259297.804085962
381,0.0,0.0,2000.0,0.0,1000.0,0.0,15154.314337066058,648.2698499,30259297.804085962
382,0.0,0.0,2000.0,0.0,1000.0,0.0,13076.176348703631,869.0578499,30259297.804085962
383,0.0,0.0,1000.0,0.0,0.0,0.0,12037.107354522417,249.0578499,30259297.804085962
384,0.0,0.0,1000.0,0.0,0.0,0.0,10998.038360341203,239.0578499,30259297.804085962
385,0.0,0.0,1000.0,0.0,0.0,0.0,9958.969366159989,263.8443471,30259297.804085962
386,0.0,0.0,1000.0,0.0,0.0,0.0,8919.900371978774,248.8443471,30259297.804085962
387,0.0,0.0,1000.0,0.0,0.0,0.0,7880.83137779756,248.8443471,30259297.804085962
388,0.0,0.0,1000.0,0.0,0.0,0.0,6841.762383616346,248.8443471,30259297.804085962
389,0.0,0.0,1000.0,0.0,0.0,0.0,5802.693389435131,263.8443471,30259297.804085962
390,0.0,0.0,1000.0,0.0,0.0,0.0,4763.624395253919,267.8303471,30259297.804085962
391,0.0,0.0,1000.0,0.0,0.0,0.0,3724.5554010727064,263.8443471,30259297.804085962
392,0.0,0.0,1000.0,0.0,0.0,0.0,2685.486406891494,263.8443471,30259297.804085962
393,0.0,0.0,1000.0,0.0,0.0,0.0,1646.4174127102815,263.8443471,30259297.804085962
394,0.0,1117.2212056811,0.0,1117.2212056811,0.0,117.22120568109995,1759.2311010577723,263.8443471,30259297.804085962
395,0.0,3272.7427514238225,0.0,3272.7427514238225,1000.0,1272.742751423837,2984.1187250280746,293.8443471,30259297.804085962
396,0.0,4459.277679893485,0.0,4459.277679893485,1000.0,2459.277679893479,5350.927564157237,293.8443471,30259297.804085962
397,0.0,5144.361514937251,0.0,5144.361514937251,202.50672790573356,3941.8547870314796,9144.568611196333,293.8443471,30259297.804085962
398,0.0,5157.716621165025,0.0,5157.716621165025,728.1648447584903,3429.55177640653,12445.169240809977,293.8443471,30259297.804085962
399,0.0,5514.580289352015,0.0,5514.580289352015,572.7255023205162,3941.8547870314796,16238.810287849046,293.8443471,30259297.804085962
400,0.0,4657.576122249277,0.0,4657.576122249277,1000.0,2657.5761222492774,18796.461547901738,413.8443471,30259297.804085962
401,0.0,4013.737755033861,0.0,4013.737755033861,1000.0,2013.737755033861,20734.482763346292,413.8443471,30259297.804085962
402,0.0,2138.7683585986756,0.0,2138.7683585986756,1000.0,138.7683585986756,20868.033431661657,413.8443471,30259297.804085962
403,0.0,0.0,2000.0,0.0,1000.0,0.0,18789.89544329923,853.0053471,30259297.804085962
404,0.0,0.0,2000.0,0.0,1000.0,0.0,16711.757454936804,868.8443471,30259297.804085962
405,0.0,0.0,2000.0,0.0,1000.0,0.0,14633.619466574375,868.8443471,30259297.804085962
406,0.0,0.0,2000.0,0.0,1000.0,0.0,12555.481478211948,413.8443471,30259297.804085962
407,0.0,0.0,1000.0,0.0,0.0,0.0,11516.412484030734,293.8443471,30259297.804085962
408,0.0,0.0,1000.0,0.0,0.0,0.0,10477.34348984952,293.8443471,30259297.804085962
409,0.0,0.0,1000.0,0.0,0.0,0.0,9438.274495668305,262.7784143,30259297.804085962
410,0.0,0.0,1000.0,0.0,0.0,0.0,8399.205501487091,262.7784143,30259297.804085962
411,0.0,0.0,1000.0,0.0,0.0,0.0,7360.136507305878,262.7784143,30259297.804085962
412,0.0,0.0,1000.0,0.0,0.0,0.0,6321.067513124664,262.7784143,30259297.804085962
413,0.0,0.0,1000.0,0.0,0.0,0.0,5281.998518943451,262.7784143,30259297.804085962
414,0.0,0.0,1000.0,0.0,0.0,0.0,4242.929524762238,262.7784143,30259297.804085962
415,0.0,0.0,1000.0,0.0,0.0,0.0,3203.8605305810242,262.7784143,30259297.804085962
416,0.0,0.0,1000.0,0.0,0.0,0.0,2164.7915363998104,262.7784143,30259297.804085962
417,0.0,0.0,1000.0,0.0,0.0,0.0,1125.7225422185968,262.7784143,30259297.804085962
418,0.0,1244.9546322806034,0.0,1244.9546322806034,244.95463228060635,0.0,1125.7225422185968,262.7784143,30259297.804085962
419,0.0,3374.4064402541558,0.0,3374.4064402541558,160.5431120443286,2213.8633282098162,3256.3446092879467,262.7784143,30259297.804085962
420,0.0,4685.757064788015,0.0,4685.757064788015,1000.0,2685.757064787991,5841.1172084399095,262.7784143,30259297.804085962
421,0.0,5360.433158009079,0.0,5360.433158009079,1000.0,3360.43315800908,9075.198079707849,262.7784143,30259297.804085962
422,0.0,5941.8547870314615,0.0,5980.64509438362,1000.0,3941.854787031461,12868.839126746927,262.7784143,30259297.804085962
423,0.0,5941.8547870314615,0.0,6059.577813551003,1000.0,3941.854787031461,16662.480173785996,283.7784143,30259297.804085962
424,0.0,4709.27083058563,0.0,4709.27083058563,1000.0,2709.2708305856304,19269.882421141607,283.7784143,30259297.804085962
425,0.0,4124.326590788169,0.0,4124.326590788169,1000.0,2124.3265907881687,21314.334332116166,453.7784143,30259297.804085962
426,0.0,2077.300467619676,0.0,2077.300467619676,1000.0,77.30046761967606,21388.72830215334,453.7784143,30259297.804085962
427,0.0,2.2891093968359626,1997.710890603164,2.2891093968359626,1000.0,0.0,19312.968856389456,852.9394143,30259297.804085962
428,0.0,0.0,2000.0,0.0,1000.0,0.0,17234.830868027027,868.7784143,30259297.804085962
429,0.0,0.0,2000.0,0.0,1000.0,0.0,15156.6928796646,868.7784143,30259297.804085962
430,0.0,0.0,1401.7467124539667,0.0,401.74671245396667,0.0,13700.181333058234,283.7784143,30259297.804085962
431,0.0,0.0,2000.0,0.0,1000.0,0.0,11622.043344695816,283.7784143,30259297.804085962
432,0.0,0.0,1000.0,0.0,0.0,0.0,10582.974350514602,262.7784143,30259297.804085962
433,0.0,0.0,1000.0,0.0,0.0,0.0,9543.90535633339,245.5635542,30259297.804085962
434,0.0,0.0,1000.0,0.0,0.0,0.0,8504.836362152175,245.5635542,30259297.804085962
435,0.0,0.0,1000.0,0.0,0.0,0.0,7465.7673679709615,245.5635542,30259297.804085962
436,0.0,0.0,1000.0,0.0,0.0,0.0,6426.698373789748,245.5635542,30259297.804085962
437,0.0,0.0,1000.0,0.0,0.0,0.0,5387.629379608535,245.5635542,30259297.804085962
438,0.0,0.0,1000.0,0.0,0.0,0.0,4348.560385427321,245.5635542,30259297.804085962
439,0.0,0.0,1000.0,0.0,0.0,0.0,3309.4913912461075,245.5635542,30259297.804085962
440,0.0,0.0,1000.0,0.0,0.0,0.0,2270.4223970648936,245.5635542,30259297.804085962
441,0.0,0.0,1000.0,0.0,0.0,0.0,1231.3534028836802,253.5635542,30259297.804085962
442,0.0,1244.7885812012405,0.0,1244.7885812012405,0.0,244.7885812012405,1466.9379334317491,253.5635542,30259297.804085962
443,0.0,3384.9920754364957,0.0,3384.9920754364957,0.0,2384.9920754364957,3762.2543068318337,253.5635542,30259297.804085962
444,0.0,4510.260747185501,0.0,4510.260747185501,1000.0,2510.260747185501,6178.129249923164,267.5635542,30259297.804085962
445,0.0,5911.485557858883,0.0,5911.485557858883,969.6307708274107,3941.854787031461,9971.770296962233,253.5635542,30259297.804085962
446,0.0,5697.809762453198,0.0,5697.809762453198,1000.0,3697.8097624531983,13530.54241234716,267.5635542,30259297.804085962
447,0.0,5387.7719916030965,0.0,5387.7719916030965,1000.0,3387.7719916030965,16790.934177066025,304.7635542,30259297.804085962
448,0.0,4956.524166637368,0.0,4956.524166637368,1000.0,2956.5241666373677,19636.293035037845,304.7635542,30259297.804085962
449,0.0,3820.9011503693923,0.0,3820.9011503693923,1000.0,1820.9011503693923,21388.72830215334,304.7635542,30259297.804085962
450,0.0,1885.341543811276,0.0,1885.341543811276,885.3415438112806,0.0,21388.72830215334,304.7635542,30259297.804085962
451,0.0,1.2038562408408626,1998.7961437591591,1.2038562408408626,1000.0,0.0,19311.841203484222,604.5635542,30259297.804085962
452,0.0,0.0,2000.0,0.0,1000.0,0.0,17233.703215121794,853.7245542,30259297.804085962
453,0.0,0.0,1502.3205996020401,0.0,502.32059960204015,0.0,15672.688460755588,304.7635542,30259297.804085962
454,0.0,0.0,2000.0,0.0,1000.0,0.0,13594.55047239316,304.7635542,30259297.804085962
455,0.0,0.0,2000.0,0.0,1000.0,0.0,11516.412484030732,304.7635542,30259297.804085962
456,0.0,0.0,1000.0,0.0,0.0,0.0,10477.343489849518,253.5635542,30259297.804085962
457,0.0,0.0,1000.0,0.0,0.0,0.0,9438.274495668305,244.3528995,30259297.804085962
458,0.0,0.0,1000.0,0.0,0.0,0.0,8399.205501487091,244.3528995,30259297.804085962
459,0.0,0.0,1000.0,0.0,0.0,0.0,7360.136507305878,244.3528995,30259297.804085962
460,0.0,0.0,1000.0,0.0,0.0,0.0,6321.067513124664,244.3528995,30259297.804085962
461,0.0,0.0,1000.0,0.0,0.0,0.0,5281.998518943451,244.3528995,30259297.804085962
462,0.0,0.0,1000.0,0.0,0.0,0.0,4242.929524762238,266.3528995,30259297.804085962
463,0.0,0.0,1000.0,0.0,0.0,0.0,3203.8605305810242,268.3528995,30259297.804085962
464,0.0,0.0,1000.0,0.0,0.0,0.0,2164.7915363998104,268.3528995,30259297.804085962
465,0.0,0.0,1000.0,0.0,0.0,0.0,1125.7225422185968,268.3528995,30259297.804085962
466,0.0,1461.4354706430697,0.0,1461.4354706430697,0.0,461.4354706430697,1569.8080391654803,266.3528995,30259297.804085962
467,0.0,3497.063494821899,0.0,3497.063494821899,123.84395869856235,2373.2195361233316,3853.7945207305747,268.3528995,30259297.804085962
468,0.0,5010.49611955502,0.0,5010.49611955502,1000.0,3010.4961195550204,6751.09598619031,269.2778995,30259297.804085962
469,0.0,5169.523915445326,0.0,5169.523915445326,1000.0,3169.5239154453448,9801.445802415139,268.3528995,30259297.804085962
470,0.0,5765.320664267477,0.0,5765.320664267477,1000.0,3765.320664267477,13425.19040970609,303.5528995,30259297.804085962
471,0.0,5282.1705699331,0.0,5282.1705699331,1000.0,3282.1705699330996,16583.9513662096,303.5528995,30259297.804085962
472,0.0,4898.3594718532395,0.0,4898.3594718532395,1000.0,2898.3594718532395,19373.3325219212,303.5528995,30259297.804085962
473,0.0,4094.135266242851,0.0,4094.135266242851,1000.0,2094.135266242851,21388.72830215334,303.5528995,30259297.804085962
474,0.0,1999.251367349945,0.0,1999.251367349945,999.2513673499321,0.0,21388.728302153355,303.5528995,30259297.804085962
475,0.0,2.2416614023190045,1997.758338597681,2.2416614023190045,1000.0,0.0,19312.919554649532,453.3528995,30259297.804085962
476,0.0,0.0,2000.0,0.0,1000.0,0.0,17234.781566287107,603.3528995,30259297.804085962
477,0.0,0.0,2000.0,0.0,1000.0,0.0,15156.643577924677,443.3528995,30259297.804085962
478,0.0,0.0,2000.0,0.0,1000.0,0.0,13078.50558956225,353.3528995,30259297.804085962
479,0.0,0.0,1503.3584047635238,0.0,503.3584047635239,0.0,11516.412484030732,303.5528995,30259297.804085962
480,0.0,0.0,1000.0,0.0,0.0,0.0,10477.343489849518,303.5528995,30259297.804085962
481,0.0,0.0,1000.0,0.0,0.0,0.0,9438.274495668304,244.2628048,30259297.804085962
482,0.0,0.0,1000.0,0.0,0.0,0.0,8399.205501487091,244.2628048,30259297.804085962
483,0.0,0.0,1000.0,0.0,0.0,0.0,7360.136507305878,244.2628048,30259297.804085962
484,0.0,0.0,1000.0,0.0,0.0,0.0,6321.067513124664,244.2628048,30259297.804085962
485,0.0,0.0,1000.0,0.0,0.0,0.0,5281.998518943451,244.2628048,30259297.804085962
486,0.0,0.0,1000.0,0.0,0.0,0.0,4242.929524762238,244.2628048,30259297.804085962
487,0.0,0.0,1000.0,0.0,0.0,0.0,3203.8605305810242,244.2628048,30259297.804085962
488,0.0,0.0,1000.0,0.0,0.0,0.0,2164.7915363998104,244.2628048,30259297.804085962
489,0.0,0.0,1000.0,0.0,0.0,0.0,1125.7225422185968,244.2628048,30259297.804085962
490,0.0,1456.738648764552,0.0,1456.738648764552,456.738648764549,0.0,1125.7225422185968,244.2628048,30259297.804085962
491,0.0,3053.386295229345,0.0,3578.7004454507096,1000.0,1053.3862952293448,2139.5015127473184,244.2628048,30259297.804085962
492,0.0,5075.3442998607925,0.0,5075.3442998608025,1000.0,3075.3442998607925,5099.212866933345,244.2628048,30259297.804085962
493,0.0,5782.311057581198,0.0,5782.311057581215,1000.0,3782.311057581198,8739.30902874949,244.2628048,30259297.804085962
494,0.0,5941.8547870314615,0.0,6239.474434052288,1000.0,3941.854787031462,12532.950075788569,244.2628048,30259297.804085962
495,0.0,5941.8547870314615,0.0,5954.100921739804,1000.0,3941.854787031462,16326.591122827649,244.2628048,30259297.804085962
496,0.0,4778.477803837234,0.0,4778.477803837252,1000.0,2778.477803837234,19000.598161240603,244.2628048,30259297.804085962
497,0.0,4057.7941925929326,0.0,4057.7941925929454,1000.0,2057.7941925929326,20981.019292192042,283.2628048,30259297.804085962
498,0.0,2423.637790899109,0.0,2423.637790899119,1000.0,423.63779089910895,21388.72830215334,303.2628048,30259297.804085962
499,0.0,2.2298078544130817,1997.7701921455869,2.2298078544130817,1000.0,0.0,19312.907237995416,453.2628048,30259297.804085962
500,0.0,0.0,2000.0,0.0,1000.0,0.0,17234.76924963299,453.2628048,30259297.804085962
501,0.0,0.0,2000.0,0.0,1000.0,0.0,15156.631261270562,303.2628048,30259297.804085962
502,0.0,0.0,2000.0,0.0,1000.0,0.0,13078.493272908136,303.2628048,30259297.804085962
503,0.0,0.0,1503.3465512156072,0.0,503.3465512156072,0.0,11516.412484030732,283.2628048,30259297.804085962
504,0.0,0.0,1000.0,0.0,0.0,0.0,10477.343489849518,252.2628048,30259297.804085962
505,0.0,0.0,1000.0,0.0,0.0,0.0,9438.274495668305,223.6830703,30259297.804085962
506,0.0,0.0,1000.0,0.0,0.0,0.0,8399.205501487091,223.6830703,30259297.804085962
507,0.0,0.0,1000.0,0.0,0.0,0.0,7360.136507305878,223.6830703,30259297.804085962
508,0.0,0.0,1000.0,0.0,0.0,0.0,6321.067513124664,223.6830703,30259297.804085962
509,0.0,0.0,1000.0,0.0,0.0,0.0,5281.998518943451,223.6830703,30259297.804085962
510,0.0,0.0,1000.0,0.0,0.0,0.0,4242.929524762238,223.6830703,30259297.804085962
511,0.0,0.0,1000.0,0.0,0.0,0.0,3203.8605305810242,213.6830703,30259297.804085962
512,0.0,0.0,1000.0,0.0,0.0,0.0,2164.7915363998104,203.6830703,30259297.804085962
513,0.0,0.0,1000.0,0.0,0.0,0.0,1125.7225422185968,203.6830703,30259297.804085962
514,0.0,1212.6876861446983,0.0,1212.6876861446983,0.0,212.68768614469832,1330.4131713642419,203.6830703,30259297.804085962
515,0.0,3289.65606287328,0.0,3289.65606287328,0.0,2289.65606287328,3533.978166273475,213.6830703,30259297.804085962
516,0.0,4515.307462812234,0.0,4515.307462812234,1000.0,2515.3074628122267,5954.710068483764,223.6830703,30259297.804085962
517,0.0,5019.628838778921,0.0,5019.628838778921,416.8639390031108,3602.7648997757933,9422.011008027988,223.6830703,30259297.804085962
518,0.0,5619.974149989716,0.0,5619.974149989716,1000.0,3619.974149989692,12905.874129978067,223.6830703,30259297.804085962
519,0.0,5689.026936977513,0.0,5689.026936977513,1000.0,3689.0269369774905,16456.193654125207,223.6830703,30259297.804085962
520,0.0,4493.6261631263,0.0,4493.6261631263,1000.0,2493.6261631262996,18856.05947351799,233.6830703,30259297.804085962
521,0.0,4048.0328634982047,0.0,4048.0328634982047,1000.0,2048.0328634982047,20827.086301348667,238.1830703,30259297.804085962
522,0.0,2583.584788866057,0.0,2583.584788866057,1000.0,583.5847888660569,21388.72830215334,238.1830703,30259297.804085962
523,0.0,2.235734628366043,1997.7642653716339,2.235734628366043,1000.0,0.0,19312.913396322463,443.6830703,30259297.804085962
524,0.0,0.0,2000.0,0.0,1000.0,0.0,17234.775407960034,453.6830703,30259297.804085962
525,0.0,0.0,2000.0,0.0,1000.0,0.0,15156.637419597608,443.6830703,30259297.804085962
526,0.0,0.0,1000.0,0.0,0.0,0.0,14117.568425416393,242.6830703,30259297.804085962
527,0.0,0.0,1000.0,0.0,0.0,0.0,13078.499431235181,238.1830703,30259297.804085962
528,0.0,0.0,1000.0,0.0,0.0,0.0,12039.430437053967,238.1830703,30259297.804085962
529,0.0,0.0,1000.0,0.0,0.0,0.0,11000.361442872752,245.1787613,30259297.804085962
530,0.0,0.0,2000.0,0.0,1000.0,0.0,8922.223454510331,245.1787613,30259297.804085962
531,0.0,0.0,1000.0,0.0,0.0,0.0,7883.154460329118,234.1787613,30259297.804085962
532,0.0,0.0,1000.0,0.0,0.0,0.0,6844.085466147904,232.3767613,30259297.804085962
533,0.0,0.0,1503.3524779895654,0.0,503.3524779895654,0.0,5281.998518943451,245.1787613,30259297.804085962
534,0.0,0.0,1000.0,0.0,0.0,0.0,4242.929524762238,245.1787613,30259297.804085962
535,0.0,0.0,1000.0,0.0,0.0,0.0,3203.8605305810242,245.1787613,30259297.804085962
536,0.0,0.0,1000.0,0.0,0.0,0.0,2164.7915363998104,245.1787613,30259297.804085962
537,0.0,0.0,1000.0,0.0,0.0,0.0,1125.7225422185968,245.1787613,30259297.804085962
538,0.0,1560.4779479178414,0.0,1560.4779479178414,560.4779479178416,0.0,1125.7225422185968,245.1787613,30259297.804085962
539,0.0,3996.243270440419,0.0,3996.2432704404496,1000.0,1996.243270440419,3046.907065690456,245.1787613,30259297.804085962
540,0.0,5601.120805947619,0.0,5884.324640159765,1000.0,3601.120805947619,6512.625729334445,250.1787613,30259297.804085962
541,0.0,5941.8547870314615,0.0,6761.723208266467,1000.0,3941.854787031462,10306.266776373524,250.1787613,30259297.804085962
542,0.0,5941.8547870314615,0.0,6780.723994854417,1000.0,3941.854787031462,14099.9078234126,250.1787613,30259297.804085962
543,0.0,5941.8547870314615,0.0,6335.047675320458,1000.0,3941.854787031462,17893.54887045168,445.1787613,30259297.804085962
544,0.0,5108.583811574171,0.0,5108.583811574179,1000.0,3108.583811574171,20885.249930710663,445.1787613,30259297.804085962
545,0.0,2000.0,0.0,4217.326057227662,1000.0,0.0,20885.249930710663,445.1787613,30259297.804085962
546,0.0,2523.148765006943,0.0,2523.1487650069516,1000.0,523.148765006943,21388.72830215334,455.1787613,30259297.804085962
547,0.0,3.747974664489412,1996.2520253355106,3.747974664489412,1000.0,0.0,19314.484718055763,854.3397613,30259297.804085962
548,0.0,0.0,2000.0,0.0,1000.0,0.0,17236.346729693334,854.3397613,30259297.804085962
549,0.0,0.0,2000.0,0.0,1000.0,0.0,15158.208741330905,646.4157613,30259297.804085962
550,0.0,0.0,2000.0,0.0,1000.0,0.0,13080.070752968479,445.1787613,30259297.804085962
551,0.0,0.0,1000.0,0.0,0.0,0.0,12041.001758787266,250.1787613,30259297.804085962
552,0.0,0.0,1000.0,0.0,0.0,0.0,11001.932764606052,250.1787613,30259297.804085962
553,0.0,0.0,1000.0,0.0,0.0,0.0,9962.863770424838,254.0780926,30259297.804085962
554,0.0,0.0,1000.0,0.0,0.0,0.0,8923.794776243629,254.0780926,30259297.804085962
555,0.0,0.0,1000.0,0.0,0.0,0.0,7884.7257820624145,254.0780926,30259297.804085962
556,0.0,0.0,1000.0,0.0,0.0,0.0,6845.656787881201,254.0780926,30259297.804085962
557,0.0,0.0,1000.0,0.0,0.0,0.0,5806.587793699988,254.0780926,30259297.804085962
558,0.0,0.0,1504.8647180256903,0.0,504.86471802569025,0.0,4242.929524762238,254.0780926,30259297.804085962
559,0.0,0.0,1000.0,0.0,0.0,0.0,3203.8605305810242,254.0780926,30259297.804085962
560,0.0,0.0,1000.0,0.0,0.0,0.0,2164.7915363998104,254.0780926,30259297.804085962
561,0.0,0.0,1000.0,0.0,0.0,0.0,1125.7225422185968,254.0780926,30259297.804085962
562,0.0,1436.7059837890763,0.0,1436.7059837890763,436.70598378907744,0.0,1125.7225422185968,254.0780926,30259297.804085962
563,0.0,2000.0,0.0,3733.8794551811707,1000.0,0.0,1125.7225422185968,254.0780926,30259297.804085962
564,0.0,5005.887416144668,0.0,5363.469491629232,1000.0,3005.8874161446684,4018.5885915162253,254.0780926,30259297.804085962
565,0.0,5941.8547870314615,0.0,6152.274834236798,1000.0,3941.854787031462,7812.2296385553045,254.0780926,30259297.804085962
566,0.0,5941.8547870314615,0.0,6936.762893851457,1000.0,3941.854787031462,11605.870685594386,304.0780926,30259297.804085962
567,0.0,5851.506177284912,0.0,5851.506177284932,1000.0,3851.506177284912,15312.560230613384,304.0780926,30259297.804085962
568,0.0,5326.18549753924,0.0,5326.185497539252,1000.0,3326.18549753924,18513.681153445148,352.0780926,30259297.804085962
569,0.0,4472.514183036411,0.0,4472.514183036413,1000.0,2472.514183036411,20893.22880319939,454.0780926,30259297.804085962
570,0.0,2514.8581659953816,0.0,2514.8581659954016,1000.0,514.8581659953816,21388.72830215334,454.0780926,30259297.804085962
571,0.0,4.163096729080669,1995.8369032709193,4.163096729080669,1000.0,0.0,19314.916058521878,853.2390926,30259297.804085962
572,0.0,0.0,2000.0,0.0,1000.0,0.0,17236.77807015945,853.2390926,30259297.804085962
573,0.0,0.0,2000.0,0.0,1000.0,0.0,15158.640081797023,645.6330926,30259297.804085962
574,0.0,0.0,1000.0,0.0,0.0,0.0,14119.571087615808,304.0780926,30259297.804085962
575,0.0,0.0,1000.0,0.0,0.0,0.0,13080.502093434596,254.0780926,30259297.804085962
576,0.0,0.0,1000.0,0.0,0.0,0.0,12041.433099253381,254.0780926,30259297.804085962
577,0.0,0.0,1505.2798400902766,0.0,505.27984009027654,0.0,10477.343489849522,383.2301362,30259297.804085962
578,0.0,0.0,1000.0,0.0,0.0,0.0,9438.274495668307,323.2301362,30259297.804085962
579,0.0,0.0,1000.0,0.0,0.0,0.0,8399.205501487093,323.2301362,30259297.804085962
580,0.0,0.0,1000.0,0.0,0.0,0.0,7360.13650730588,288.2301362,30259297.804085962
581,0.0,0.0,1000.0,0.0,0.0,0.0,6321.067513124666,323.2301362,30259297.804085962
582,0.0,0.0,2000.0,0.0,1000.0,0.0,4242.92952476223,383.2301362,30259297.804085962
583,0.0,0.0,1000.0,0.0,0.0,0.0,3203.8605305810165,383.2301362,30259297.804085962
584,0.0,0.0,1000.0,0.0,0.0,0.0,2164.7915363998027,351.2301362,30259297.804085962
585,0.0,0.0,1000.0,0.0,0.0,0.0,1125.7225422185893,383.2301362,30259297.804085962
586,0.0,1585.4209225780835,0.0,1585.4209225780835,585.4209225780744,0.0,1125.7225422185968,383.2301362,30259297.804085962
587,0.0,2403.1728037522353,0.0,3625.051930448215,1000.0,403.17280375223527,1513.736048549748,383.2301362,30259297.804085962
588,0.0,5044.91576914579,0.0,5044.915769145794,1000.0,3044.9157691457904,4444.162984775657,383.2301362,30259297.804085962
589,0.0,5941.8547870314615,0.0,6358.0217779270515,1000.0,3941.854787031462,8237.804031814736,383.2301362,30259297.804085962
590,0.0,5941.8547870314615,0.0,6128.571298996377,1000.0,3941.854787031462,12031.445078853812,383.2301362,30259297.804085962
591,0.0,5941.8547870314615,0.0,6281.7992169950485,1000.0,3941.854787031462,15825.086125892893,403.2301362,30259297.804085962
592,0.0,5209.328298327875,0.0,5209.3282983278805,1000.0,3209.3282983278746,18913.74368020364,403.2301362,30259297.804085962
593,0.0,4157.133188847461,0.0,4157.133188847463,1000.0,2157.1331888474606,20989.768661150436,403.2301362,30259297.804085962
594,0.0,2414.546592895789,0.0,2414.546592895782,1000.0,414.5465928957892,21388.72830215334,403.2301362,30259297.804085962
595,0.0,5.230558295585796,1994.7694417044142,5.230558295585796,1000.0,0.0,19316.025224738114,852.3911362,30259297.804085962
596,0.0,0.0,2000.0,0.0,1000.0,0.0,17237.88723637569,852.3911362,30259297.804085962
597,0.0,0.0,2000.0,0.0,1000.0,0.0,15159.74924801326,645.1181362,30259297.804085962
598,0.0,0.0,2000.0,0.0,1000.0,0.0,13081.611259650834,403.2301362,30259297.804085962
599,0.0,0.0,1000.0,0.0,0.0,0.0,12042.54226546962,383.2301362,30259297.804085962
600,0.0,0.0,1000.0,0.0,0.0,0.0,11003.473271288407,383.2301362,30259297.804085962
601,0.0,0.0,1000.0,0.0,0.0,0.0,9964.404277107195,360.9085833,30259297.804085962
602,0.0,0.0,1000.0,0.0,0.0,0.0,8925.33528292598,360.9085833,30259297.804085962
603,0.0,0.0,1000.0,0.0,0.0,0.0,7886.266288744766,360.9085833,30259297.804085962
604,0.0,0.0,1000.0,0.0,0.0,0.0,6847.1972945635525,360.9085833,30259297.804085962
605,0.0,0.0,1000.0,0.0,0.0,0.0,5808.128300382339,360.9085833,30259297.804085962
606,0.0,0.0,1000.0,0.0,0.0,0.0,4769.059306201125,400.9085833,30259297.804085962
607,0.0,0.0,1000.0,0.0,0.0,0.0,3729.990312019915,400.9085833,30259297.804085962
608,0.0,0.0,1000.0,0.0,0.0,0.0,2690.9213178387017,400.9085833,30259297.804085962
609,0.0,0.0,1506.347301656789,0.0,506.34730165678917,0.0,1125.7225422185968,400.9085833,30259297.804085962
610,0.0,1402.6480927620544,0.0,1402.6480927620544,402.6480927620505,0.0,1125.7225422185968,400.9085833,30259297.804085962
611,0.0,2689.429934962477,0.0,3528.8619328571117,1000.0,689.4299349624771,1789.2299116264849,501.9085833,30259297.804085962
612,0.0,4899.96065856913,0.0,4899.960658569182,1000.0,2899.96065856913,4580.152049433415,400.9085833,30259297.804085962
613,0.0,5715.227142647033,0.0,5715.227142647067,1000.0,3715.2271426470334,8155.68665151692,400.9085833,30259297.804085962
614,0.0,5941.8547870314615,0.0,6126.934529101455,1000.0,3941.854787031462,11949.327698555997,501.9085833,30259297.804085962
615,0.0,5941.8547870314615,0.0,6357.873518437179,1000.0,3941.854787031462,15742.968745595077,501.9085833,30259297.804085962
616,0.0,5534.357945300672,0.0,5534.357945300678,1000.0,3534.3579453006723,19144.434832152445,501.9085833,30259297.804085962
617,0.0,3964.4270408157417,0.0,3964.427040815747,1000.0,1964.4270408157417,21034.999416233513,501.9085833,30259297.804085962
618,0.0,2367.5487177055584,0.0,2367.548717705578,1000.0,367.5487177055584,21388.72830215334,638.4775833,30259297.804085962
619,0.0,3.3624977372940514,1996.637502262706,3.3624977372940514,1000.0,0.0,19314.08418093274,1229.176583,30259297.804085962
620,0.0,0.0,2000.0,0.0,1000.0,0.0,17235.946192570314,850.0695833,30259297.804085962
621,0.0,0.0,2000.0,0.0,1000.0,0.0,15157.808204207886,638.4775833,30259297.804085962
622,0.0,0.0,2000.0,0.0,1000.0,0.0,13079.670215845457,501.9085833,30259297.804085962
623,0.0,0.0,1504.4792410984903,0.0,504.47924109849026,0.0,11516.412484030732,501.9085833,30259297.804085962
624,0.0,0.0,1000.0,0.0,0.0,0.0,10477.343489849518,501.9085833,30259297.804085962
625,0.0,0.0,1000.0,0.0,0.0,0.0,9438.274495668304,400.0924802,30259297.804085962
626,0.0,0.0,1000.0,0.0,0.0,0.0,8399.205501487091,400.0924802,30259297.804085962
627,0.0,0.0,1000.0,0.0,0.0,0.0,7360.136507305878,400.0924802,30259297.804085962
628,0.0,0.0,1000.0,0.0,0.0,0.0,6321.067513124664,400.0924802,30259297.804085962
629,0.0,0.0,1000.0,0.0,0.0,0.0,5281.998518943451,400.0924802,30259297.804085962
630,0.0,0.0,1000.0,0.0,0.0,0.0,4242.929524762238,400.0924802,30259297.804085962
631,0.0,0.0,1000.0,0.0,0.0,0.0,3203.8605305810242,400.0924802,30259297.804085962
632,0.0,0.0,1000.0,0.0,0.0,0.0,2164.7915363998104,400.0924802,30259297.804085962
633,0.0,0.0,1000.0,0.0,0.0,0.0,1125.7225422185968,400.0924802,30259297.804085962
634,0.0,1548.4690306468287,0.0,1548.4690306468287,548.4690306468256,0.0,1125.7225422185968,400.0924802,30259297.804085962
635,0.0,2510.843908971239,0.0,3859.5965617325087,1000.0,510.8439089712392,1617.3587202125175,400.0924802,30259297.804085962
636,0.0,5415.828393015411,0.0,5415.828393015404,1000.0,3415.828393015411,4904.751965650549,400.0924802,30259297.804085962
637,0.0,5930.243200235513,0.0,5930.243200235556,1000.0,3930.2432002355126,8687.218021557206,401.0924802,30259297.804085962
638,0.0,5941.8547870314615,0.0,6390.7394180388965,1000.0,3941.854787031462,12480.859068596283,401.0924802,30259297.804085962
639,0.0,5935.313634225721,0.0,5935.313634225733,1000.0,3935.313634225721,16268.204910175116,500.0924802,30259297.804085962
640,0.0,5157.0405632996935,0.0,5157.040563299667,1000.0,3157.0405632996935,19306.54074829474,600.0924802,30259297.804085962
641,0.0,3816.560137745403,0.0,3816.5601377454122,1000.0,1816.5601377454032,21054.79822486092,601.0924802,30259297.804085962
642,0.0,2346.9763895390934,0.0,2346.9763895390815,1000.0,346.97638953909336,21388.72830215334,601.0924802,30259297.804085962
643,0.0,7.359543387012,1992.640456612988,7.359543387012,1000.0,0.0,19318.23738713569,861.0924802,30259297.804085962
644,0.0,0.0,2000.0,0.0,1000.0,0.0,17240.09939877326,861.0924802,30259297.804085962
645,0.0,0.0,2000.0,0.0,1000.0,0.0,15161.961410410833,601.0924802,30259297.804085962
646,0.0,0.0,2000.0,0.0,1000.0,0.0,13083.823422048406,451.0924802,30259297.804085962
647,0.0,0.0,1508.4762867482095,0.0,508.47628674820953,0.0,11516.412484030732,401.0924802,30259297.804085962
648,0.0,0.0,1000.0,0.0,0.0,0.0,10477.343489849518,400.0924802,30259297.804085962
649,0.0,0.0,1000.0,0.0,0.0,0.0,9438.274495668305,222.8212888,30259297.804085962
650,0.0,0.0,1000.0,0.0,0.0,0.0,8399.205501487091,222.8212888,30259297.804085962
651,0.0,0.0,1000.0,0.0,0.0,0.0,7360.136507305878,222.8212888,30259297.804085962
652,0.0,0.0,1000.0,0.0,0.0,0.0,6321.067513124664,222.8212888,30259297.804085962
653,0.0,0.0,1000.0,0.0,0.0,0.0,5281.998518943451,222.8212888,30259297.804085962
654,0.0,0.0,1000.0,0.0,0.0,0.0,4242.929524762238,222.8212888,30259297.804085962
655,0.0,0.0,1000.0,0.0,0.0,0.0,3203.8605305810242,222.8212888,30259297.804085962
656,0.0,0.0,1000.0,0.0,0.0,0.0,2164.7915363998104,222.8212888,30259297.804085962
657,0.0,0.0,1000.0,0.0,0.0,0.0,1125.7225422185968,222.8212888,30259297.804085962
658,0.0,1577.9842860591586,0.0,1577.9842860591586,577.9842860591598,0.0,1125.7225422185968,222.8212888,30259297.804085962
659,0.0,2009.0903697916974,0.0,3897.283824339175,1000.0,9.090369791697412,1134.4711141061264,222.8212888,30259297.804085962
660,0.0,5171.729993668623,0.0,5171.729993668665,1000.0,3171.729993668623,4186.944060012809,222.8212888,30259297.804085962
661,0.0,5941.8547870314615,0.0,6213.06666735044,1000.0,3941.854787031462,7980.585107051888,222.8212888,30259297.804085962
662,0.0,5941.8547870314615,0.0,6540.806472558617,1000.0,3941.854787031462,11774.226154090964,222.8212888,30259297.804085962
663,0.0,5941.8547870314615,0.0,6414.822503432561,1000.0,3941.854787031462,15567.867201130044,222.8212888,30259297.804085962
664,0.0,5284.388512971963,0.0,5284.388512971976,1000.0,3284.388512971963,18728.762706014262,252.8212888,30259297.804085962
665,0.0,4393.124820583871,0.0,4393.124820583874,1000.0,2393.124820583871,21031.90603334418,402.8212888,30259297.804085962
666,0.0,2370.762955952996,0.0,2370.762955952999,1000.0,370.762955952996,21388.72830215334,402.8212888,30259297.804085962
667,0.0,29.805847618122296,1970.1941523818778,29.805847618122296,1000.0,0.0,19341.560645896196,602.8212888,30259297.804085962
668,0.0,0.0,2000.0,0.0,1000.0,0.0,17263.422657533767,602.8212888,30259297.804085962
669,0.0,0.0,2000.0,0.0,1000.0,0.0,15185.284669171342,601.8212888,30259297.804085962
670,0.0,0.0,2000.0,0.0,1000.0,0.0,13107.146680808914,402.8212888,30259297.804085962
671,0.0,0.0,1000.0,0.0,0.0,0.0,12068.077686627701,252.8212888,30259297.804085962
672,0.0,0.0,1000.0,0.0,0.0,0.0,11029.008692446487,222.8212888,30259297.804085962
673,0.0,0.0,1530.9225909793204,0.0,530.9225909793204,0.0,9438.274495668305,401.5945967,30259297.804085962
674,0.0,0.0,1000.0,0.0,0.0,0.0,8399.205501487093,261.5945967,30259297.804085962
675,0.0,0.0,1000.0,0.0,0.0,0.0,7360.136507305878,261.5945967,30259297.804085962
676,0.0,0.0,1000.0,0.0,0.0,0.0,6321.067513124664,261.5945967,30259297.804085962
677,0.0,0.0,1000.0,0.0,0.0,0.0,5281.998518943451,261.5945967,30259297.804085962
678,0.0,0.0,1000.0,0.0,0.0,0.0,4242.929524762238,261.5945967,30259297.804085962
679,0.0,0.0,1000.0,0.0,0.0,0.0,3203.8605305810242,261.5945967,30259297.804085962
680,0.0,0.0,1000.0,0.0,0.0,0.0,2164.7915363998104,261.5945967,30259297.804085962
681,0.0,0.0,1000.0,0.0,0.0,0.0,1125.7225422185968,261.5945967,30259297.804085962
682,0.0,1477.2042273941088,0.0,1477.2042273941088,477.20422739409986,0.0,1125.7225422186038,261.5945967,30259297.804085962
683,0.0,2920.0658983293565,0.0,2920.0658983293565,1000.0,920.0658983293397,2011.1939627705642,261.5945967,30259297.804085962
684,0.0,4686.219634847123,0.0,4686.219634847123,0.0,3686.2196348471043,5558.811739347418,261.5945967,30259297.804085962
685,0.0,5730.812056729253,0.0,5730.812056729253,788.9572696977599,3941.8547870314505,9352.452786386486,261.5945967,30259297.804085962
686,0.0,5118.884803859941,0.0,5118.884803859941,1000.0,3118.8848038599244,12354.067521621277,261.5945967,30259297.804085962
687,0.0,5420.637891204815,0.0,5420.637891204815,1000.0,3420.637891204824,15646.0894281168,261.5945967,30259297.804085962
688,0.0,5034.359779100851,0.0,5034.359779100851,382.9994737516189,3651.360305349226,19160.1585859849,261.5945967,30259297.804085962
689,0.0,3731.839416769563,0.0,3731.839416769563,1000.0,1731.8394167695628,20826.880840683923,401.5945967,30259297.804085962
690,0.0,2583.7982766723053,0.0,2583.7982766723053,1000.0,583.7982766723053,21388.72830215334,402.5945967,30259297.804085962
691,0.0,207.11685101045785,1792.883148989542,207.11685101045785,1000.0,0.0,19525.79901184833,402.5945967,30259297.804085962
692,0.0,0.0,2000.0,0.0,1000.0,0.0,17447.6610234859,402.5945967,30259297.804085962
693,0.0,0.0,2000.0,0.0,1000.0,0.0,15369.523035123471,402.5945967,30259297.804085962
694,0.0,0.0,1708.233594371651,0.0,708.233594371651,0.0,13594.55047239316,402.5945967,30259297.804085962
695,0.0,0.0,2000.0,0.0,1000.0,0.0,11516.412484030732,402.5945967,30259297.804085962
696,0.0,0.0,1000.0,0.0,0.0,0.0,10477.343489849518,401.5945967,30259297.804085962
697,0.0,0.0,1000.0,0.0,0.0,0.0,9438.274495668305,109.0514484,30259297.804085962
698,0.0,0.0,1000.0,0.0,0.0,0.0,8399.205501487091,109.0514484,30259297.804085962
699,0.0,0.0,1000.0,0.0,0.0,0.0,7360.136507305878,109.0514484,30259297.804085962
700,0.0,0.0,1000.0,0.0,0.0,0.0,6321.067513124664,109.0514484,30259297.804085962
701,0.0,0.0,1000.0,0.0,0.0,0.0,5281.998518943451,233.1714484,30259297.804085962
702,0.0,0.0,1000.0,0.0,0.0,0.0,4242.929524762238,275.9734484,30259297.804085962
703,0.0,0.0,1000.0,0.0,0.0,0.0,3203.8605305810242,275.9734484,30259297.804085962
704,0.0,0.0,1000.0,0.0,0.0,0.0,2164.7915363998104,274.9734484,30259297.804085962
705,0.0,0.0,1000.0,0.0,0.0,0.0,1125.7225422185968,275.9734484,30259297.804085962
706,0.0,1600.1696657571345,0.0,1600.1696657571345,600.1696657571301,0.0,1125.7225422185968,275.9734484,30259297.804085962
707,0.0,3656.3344236558382,0.0,3656.334423655849,1000.0,1656.3344236558382,2719.7787915449753,275.9734484,30259297.804085962
708,0.0,5312.242451914259,0.0,5419.096006031295,1000.0,3312.2424519142583,5907.480927267257,275.9734484,30259297.804085962
709,0.0,5941.8547870314615,0.0,6438.792901247701,1000.0,3941.854787031462,9701.121974306338,275.9734484,30259297.804085962
710,0.0,5941.8547870314615,0.0,6951.250689962111,1000.0,3941.854787031462,13494.763021345414,275.9734484,30259297.804085962
711,0.0,5941.8547870314615,0.0,6398.010003478459,1000.0,3941.854787031462,17288.404068384494,394.9734484,30259297.804085962
712,0.0,5694.447264715912,0.0,5694.4472647159055,1000.0,3694.447264715912,20843.940115947087,405.9734484,30259297.804085962
713,0.0,2000.0,0.0,4020.664384766791,1000.0,0.0,20843.940115947087,405.9734484,30259297.804085962
714,0.0,2566.072512683142,0.0,2566.0725126831558,1000.0,566.0725126831421,21388.72830215334,604.9734484,30259297.804085962
715,0.0,198.4407750717122,1801.5592249282877,198.4407750717122,1000.0,0.0,19516.78397034922,865.9734484,30259297.804085962
716,0.0,0.0,2000.0,0.0,1000.0,0.0,17438.645981986792,604.9734484,30259297.804085962
717,0.0,0.0,2000.0,0.0,1000.0,0.0,15360.507993624364,455.9734484,30259297.804085962
718,0.0,0.0,2000.0,0.0,1000.0,0.0,13282.370005261937,405.9734484,30259297.804085962
719,0.0,0.0,1000.0,0.0,0.0,0.0,12243.301011080723,275.9734484,30259297.804085962
720,0.0,0.0,1699.55751843291,0.0,699.55751843291,0.0,10477.343489849518,275.9734484,30259297.804085962
721,0.0,0.0,1000.0,0.0,0.0,0.0,9438.274495668304,108.5506044,30259297.804085962
722,0.0,0.0,1000.0,0.0,0.0,0.0,8399.205501487091,108.5506044,30259297.804085962
723,0.0,0.0,1000.0,0.0,0.0,0.0,7360.136507305878,108.5506044,30259297.804085962
724,0.0,0.0,1000.0,0.0,0.0,0.0,6321.067513124664,108.5506044,30259297.804085962
725,0.0,0.0,1000.0,0.0,0.0,0.0,5281.998518943451,108.5506044,30259297.804085962
726,0.0,0.0,1000.0,0.0,0.0,0.0,4242.929524762238,255.4726044,30259297.804085962
727,0.0,0.0,1000.0,0.0,0.0,0.0,3203.8605305810242,255.4726044,30259297.804085962
728,0.0,0.0,1000.0,0.0,0.0,0.0,2164.7915363998104,255.4726044,30259297.804085962
729,0.0,0.0,1000.0,0.0,0.0,0.0,1125.7225422185968,255.4726044,30259297.804085962
730,0.0,1813.3473191923606,0.0,1813.3473191923606,813.3473191923549,0.0,1125.7225422185968,232.6706044,30259297.804085962
731,0.0,3868.5810101988955,0.0,3868.5810101989064,1000.0,1868.5810101988955,2924.0449064340137,255.4726044,30259297.804085962
732,0.0,5422.7719861261485,0.0,6001.401253951338,1000.0,3422.771986126148,6218.120665881819,255.4726044,30259297.804085962
733,0.0,5941.8547870314615,0.0,6966.888978812768,1000.0,3941.854787031462,10011.7617129209,255.4726044,30259297.804085962
734,0.0,5941.8547870314615,0.0,6734.022627376328,1000.0,3941.854787031462,13805.402759959972,255.4726044,30259297.804085962
735,0.0,5941.8547870314615,0.0,6103.907040458758,1000.0,3941.854787031462,17599.043806999052,255.4726044,30259297.804085962
736,0.0,5279.8162322198705,0.0,5279.816232219888,1000.0,3279.8162322198705,20755.538948887457,255.4726044,30259297.804085962
737,0.0,2000.0,0.0,3836.8240821166264,1000.0,0.0,20755.538948887457,255.4726044,30259297.804085962
738,0.0,2657.927424424237,0.0,2657.927424424231,1000.0,657.927424424237,21388.72830215334,290.4726044,30259297.804085962
739,0.0,237.4267786406213,1762.5732213593787,237.4267786406213,1000.0,0.0,19557.293117864712,865.4726044,30259297.804085962
740,0.0,0.0,2000.0,0.0,1000.0,0.0,17479.155129502284,525.4726044,30259297.804085962
741,0.0,0.0,2000.0,0.0,1000.0,0.0,15401.017141139855,455.4726044,30259297.804085962
742,0.0,0.0,2000.0,0.0,1000.0,0.0,13322.879152777428,290.4726044,30259297.804085962
743,0.0,0.0,1000.0,0.0,0.0,0.0,12283.810158596214,255.4726044,30259297.804085962
744,0.0,0.0,1000.0,0.0,0.0,0.0,11244.741164415002,255.4726044,30259297.804085962
745,0.0,0.0,1000.0,0.0,0.0,0.0,10205.672170233789,108.5214285,30259297.804085962
746,0.0,0.0,1000.0,0.0,0.0,0.0,9166.603176052575,108.5214285,30259297.804085962
747,0.0,0.0,1000.0,0.0,0.0,0.0,8127.5341818713605,107.5594285,30259297.804085962
748,0.0,0.0,1000.0,0.0,0.0,0.0,7088.465187690147,108.5214285,30259297.804085962
749,0.0,0.0,1000.0,0.0,0.0,0.0,6049.396193508934,235.8194285,30259297.804085962
750,0.0,0.0,1000.0,0.0,0.0,0.0,5010.32719932772,258.6214285,30259297.804085962
751,0.0,0.0,1000.0,0.0,0.0,0.0,3971.2582051465097,258.6214285,30259297.804085962
752,0.0,0.0,1738.5435220018235,0.0,738.5435220018234,0.0,2164.7915363998104,258.6214285,30259297.804085962
753,0.0,0.0,1000.0,0.0,0.0,0.0,1125.7225422185968,108.5214285,30259297.804085962
754,0.0,1464.2049416885038,0.0,1464.2049416885038,464.2049416884911,0.0,1125.7225422185968,108.5214285,30259297.804085962
755,0.0,2350.914713861478,0.0,3314.8006717918643,1000.0,350.91471386147805,1463.4428628388832,258.6214285,30259297.804085962
756,0.0,5118.422233800839,0.0,5118.422233800833,1000.0,3118.4222338008394,4464.612420648811,258.6214285,30259297.804085962
757,0.0,5941.8547870314615,0.0,6073.348041843367,1000.0,3941.854787031462,8258.25346768789,258.6214285,30259297.804085962
758,0.0,5941.8547870314615,0.0,6659.276723301468,1000.0,3941.854787031462,12051.894514726966,258.6214285,30259297.804085962
759,0.0,5941.8547870314615,0.0,6600.0623585403255,1000.0,3941.854787031462,15845.535561766046,258.6214285,30259297.804085962
760,0.0,5039.29381841665,0.0,5039.293818416691,1000.0,3039.2938184166496,18770.55193261023,258.6214285,30259297.804085962
761,0.0,4277.512998833897,0.0,4277.512998833908,1000.0,2277.5129988338967,20962.43044268797,293.6214285,30259297.804085962
762,0.0,2442.9528880562866,0.0,2442.952888056305,1000.0,442.9528880562866,21388.72830215334,458.6214285,30259297.804085962
763,0.0,364.0927436736194,1635.9072563263805,364.0927436736194,1000.0,0.0,19688.90779474854,807.6214285,30259297.804085962
764,0.0,0.0,2000.0,0.0,1000.0,0.0,17610.76980638611,822.9724285,30259297.804085962
765,0.0,0.0,2000.0,0.0,1000.0,0.0,15532.631818023683,807.6214285,30259297.804085962
766,0.0,0.0,2000.0,0.0,1000.0,0.0,13454.493829661256,458.6214285,30259297.804085962
767,0.0,0.0,1865.2094870348174,0.0,865.2094870348174,0.0,11516.412484030732,293.6214285,30259297.804085962
768,0.0,0.0,1000.0,0.0,0.0,0.0,10477.343489849518,258.6214285,30259297.804085962
769,0.0,0.0,1000.0,0.0,0.0,0.0,9438.274495668305,107.8947531,30259297.804085962
770,0.0,0.0,1000.0,0.0,0.0,0.0,8399.205501487091,107.8947531,30259297.804085962
771,0.0,0.0,1000.0,0.0,0.0,0.0,7360.136507305878,107.8947531,30259297.804085962
772,0.0,0.0,1000.0,0.0,0.0,0.0,6321.067513124664,107.8947531,30259297.804085962
773,0.0,0.0,1000.0,0.0,0.0,0.0,5281.998518943451,107.8947531,30259297.804085962
774,0.0,0.0,1000.0,0.0,0.0,0.0,4242.929524762238,234.6167531,30259297.804085962
775,0.0,0.0,1000.0,0.0,0.0,0.0,3203.8605305810242,234.6167531,30259297.804085962
776,0.0,0.0,1000.0,0.0,0.0,0.0,2164.7915363998104,234.6167531,30259297.804085962
777,0.0,0.0,1000.0,0.0,0.0,0.0,1125.7225422185968,234.6167531,30259297.804085962
778,0.0,1614.0525703603919,0.0,1614.0525703603919,614.0525703603853,0.0,1125.7225422185968,234.6167531,30259297.804085962
779,0.0,2000.0,0.0,3540.639582000017,1000.0,0.0,1125.7225422185968,234.6167531,30259297.804085962
780,0.0,4736.472430025988,0.0,5081.11452134741,1000.0,2736.4724300259877,3759.303608875607,234.6167531,30259297.804085962
781,0.0,5861.706346807667,0.0,5861.706346807708,1000.0,3861.7063468076667,7475.8097970433055,234.6167531,30259297.804085962
782,0.0,5941.8547870314615,0.0,6395.193095706139,1000.0,3941.854787031462,11269.450844082381,234.6167531,30259297.804085962
783,0.0,5941.8547870314615,0.0,6084.746140833028,1000.0,3941.854787031462,15063.091891121461,234.6167531,30259297.804085962
784,0.0,5668.051351561989,0.0,5668.051351561962,1000.0,3668.0513515619887,18593.22451186472,234.6167531,30259297.804085962
785,0.0,4252.154902109077,0.0,4252.154902109074,1000.0,2252.154902109077,20760.698389654495,258.6167531,30259297.804085962
786,0.0,2652.566409495892,0.0,2652.5664094958943,1000.0,652.566409495892,21388.72830215334,459.6167531,30259297.804085962
787,0.0,402.1180352129632,1597.8819647870368,402.1180352129632,1000.0,0.0,19728.418696181772,823.9677531,30259297.804085962
788,0.0,0.0,2000.0,0.0,1000.0,0.0,17650.280707819344,823.9677531,30259297.804085962
789,0.0,0.0,2000.0,0.0,1000.0,0.0,15572.142719456917,708.6167531,30259297.804085962
790,0.0,0.0,2000.0,0.0,1000.0,0.0,13494.00473109449,459.6167531,30259297.804085962
791,0.0,0.0,1903.2347785741595,0.0,903.2347785741595,0.0,11516.412484030732,294.6157531,30259297.804085962
792,0.0,0.0,1000.0,0.0,0.0,0.0,10477.343489849518,234.6167531,30259297.804085962
793,0.0,0.0,1000.0,0.0,0.0,0.0,9438.274495668305,233.2332998,30259297.804085962
794,0.0,0.0,1000.0,0.0,0.0,0.0,8399.205501487091,233.2332998,30259297.804085962
795,0.0,0.0,1000.0,0.0,0.0,0.0,7360.136507305878,233.2332998,30259297.804085962
796,0.0,0.0,1000.0,0.0,0.0,0.0,6321.067513124664,233.2332998,30259297.804085962
797,0.0,0.0,1000.0,0.0,0.0,0.0,5281.998518943451,233.2332998,30259297.804085962
798,0.0,0.0,1000.0,0.0,0.0,0.0,4242.929524762238,233.4312998,30259297.804085962
799,0.0,0.0,1000.0,0.0,0.0,0.0,3203.8605305810242,276.2332998,30259297.804085962
800,0.0,0.0,1000.0,0.0,0.0,0.0,2164.7915363998104,268.3972998,30259297.804085962
801,0.0,0.0,1000.0,0.0,0.0,0.0,1125.7225422185968,276.2332998,30259297.804085962
802,0.0,1614.7523465891913,0.0,1614.7523465891913,614.7523465891863,0.0,1125.7225422185968,233.2332998,30259297.804085962
803,0.0,2299.7003671737293,0.0,3410.3264537978857,1000.0,299.7003671737293,1414.154175586594,233.2332998,30259297.804085962
804,0.0,4954.027496208227,0.0,4954.027496208237,1000.0,2954.0274962082267,4257.1102379373915,276.2332998,30259297.804085962
805,0.0,5941.8547870314615,0.0,5963.037933479315,1000.0,3941.854787031462,8050.751284976471,276.2332998,30259297.804085962
806,0.0,5941.8547870314615,0.0,5953.418937100494,1000.0,3941.854787031462,11844.392332015546,276.2332998,30259297.804085962
807,0.0,5797.498641188273,0.0,5797.4986411883,1000.0,3797.4986411882733,15499.10502429514,276.2332998,30259297.804085962
808,0.0,5403.41028045376,0.0,5403.410280453753,1000.0,3403.41028045376,18774.54707820384,291.2332998,30259297.804085962
809,0.0,4399.5829534836985,0.0,4399.582953483744,1000.0,2399.5829534836985,21083.90571263655,291.2332998,30259297.804085962
810,0.0,2316.731701492925,0.0,2316.7317014929245,1000.0,316.7317014929249,21388.72830215334,291.2332998,30259297.804085962
811,0.0,357.7057771317097,1642.2942228682903,357.7057771317097,1000.0,0.0,19682.271295847968,605.2332998,30259297.804085962
812,0.0,0.0,2000.0,0.0,1000.0,0.0,17604.133307485543,705.2332998,30259297.804085962
813,0.0,0.0,2000.0,0.0,1000.0,0.0,15525.995319123112,456.2332998,30259297.804085962
814,0.0,0.0,2000.0,0.0,1000.0,0.0,13447.857330760686,291.2332998,30259297.804085962
815,0.0,0.0,1858.8225204929058,0.0,858.8225204929058,0.0,11516.412484030732,276.2332998,30259297.804085962
816,0.0,0.0,1000.0,0.0,0.0,0.0,10477.343489849518,233.2332998,30259297.804085962
817,0.0,0.0,1000.0,0.0,0.0,0.0,9438.274495668305,181.0560972,30259297.804085962
818,0.0,0.0,1000.0,0.0,0.0,0.0,8399.205501487091,181.0560972,30259297.804085962
819,0.0,0.0,1000.0,0.0,0.0,0.0,7360.136507305878,181.0560972,30259297.804085962
820,0.0,0.0,1000.0,0.0,0.0,0.0,6321.067513124664,181.0560972,30259297.804085962
821,0.0,0.0,1000.0,0.0,0.0,0.0,5281.998518943451,181.0560972,30259297.804085962
822,0.0,0.0,1000.0,0.0,0.0,0.0,4242.929524762238,181.0560972,30259297.804085962
823,0.0,0.0,1000.0,0.0,0.0,0.0,3203.8605305810242,181.0560972,30259297.804085962
824,0.0,0.0,1000.0,0.0,0.0,0.0,2164.7915363998104,181.0560972,30259297.804085962
825,0.0,0.0,1000.0,0.0,0.0,0.0,1125.7225422185968,181.0560972,30259297.804085962
826,0.0,1449.6400411783052,0.0,1449.6400411783052,449.64004117830655,0.0,1125.7225422185898,204.0560972,30259297.804085962
827,0.0,3691.436069153565,0.0,3691.436069153565,295.70725965610745,2395.7288094974356,3431.3719484788794,204.0560972,30259297.804085962
828,0.0,4413.863199829734,0.0,4413.863199829734,1000.0,2413.863199829706,5754.473891994989,204.0560972,30259297.804085962
829,0.0,5479.235510910655,0.0,5479.235510910655,1000.0,3479.2355109106575,9102.890147695405,204.0560972,30259297.804085962
830,0.0,5777.145738869636,0.0,5777.145738869636,1000.0,3777.1457388696363,12738.015206783544,233.2540972,30259297.804085962
831,0.0,5941.8547870314615,0.0,5985.668080379279,1000.0,3941.854787031461,16531.656253822614,181.0560972,30259297.804085962
832,0.0,4805.864085425788,0.0,4805.864085425788,1000.0,2805.8640854257883,19232.019849636417,225.0560972,30259297.804085962
833,0.0,3908.4091227125355,0.0,3908.4091227125355,1000.0,1908.4091227125355,21068.67278933493,255.0560972,30259297.804085962
834,0.0,2332.5597597863866,0.0,2332.5597597863866,1000.0,332.5597597863866,21388.72830215334,266.0560972,30259297.804085962
835,0.0,322.8769322502972,1677.1230677497028,322.8769322502972,1000.0,0.0,19646.081723028547,456.0560972,30259297.804085962
836,0.0,0.0,2000.0,0.0,1000.0,0.0,17567.94373466612,276.0560972,30259297.804085962
837,0.0,0.0,2000.0,0.0,1000.0,0.0,15489.805746303691,276.0560972,30259297.804085962
838,0.0,0.0,2000.0,0.0,1000.0,0.0,13411.667757941264,266.0560972,30259297.804085962
839,0.0,0.0,1000.0,0.0,0.0,0.0,12372.598763760052,233.2540972,30259297.804085962
840,0.0,0.0,1823.993675611496,0.0,823.993675611496,0.0,10477.343489849518,233.2540972,30259297.804085962
841,0.0,0.0,1000.0,0.0,0.0,0.0,9438.274495668304,224.3115693,30259297.804085962
842,0.0,0.0,1000.0,0.0,0.0,0.0,8399.205501487091,224.3115693,30259297.804085962
843,0.0,0.0,1000.0,0.0,0.0,0.0,7360.136507305878,224.3115693,30259297.804085962
844,0.0,0.0,1000.0,0.0,0.0,0.0,6321.067513124664,224.3115693,30259297.804085962
845,0.0,0.0,1000.0,0.0,0.0,0.0,5281.998518943451,224.3115693,30259297.804085962
846,0.0,0.0,1000.0,0.0,0.0,0.0,4242.929524762238,224.3115693,30259297.804085962
847,0.0,0.0,1000.0,0.0,0.0,0.0,3203.8605305810242,224.3115693,30259297.804085962
848,0.0,0.0,1000.0,0.0,0.0,0.0,2164.7915363998104,107.5895693,30259297.804085962
849,0.0,0.0,1000.0,0.0,0.0,0.0,1125.7225422185968,107.5895693,30259297.804085962
850,0.0,1791.6838110959156,0.0,1791.6838110959156,791.683811095907,0.0,1125.7225422185968,102.7065693,30259297.804085962
851,0.0,2000.0,0.0,3679.0476017293095,1000.0,0.0,1125.7225422185968,102.7075693,30259297.804085962
852,0.0,4240.204458168809,0.0,4740.754969319238,1000.0,2240.2044581688087,3281.6953127602583,111.1455693,30259297.804085962
853,0.0,5941.8547870314615,0.0,6102.987838382127,1000.0,3941.854787031462,7075.3363597993375,224.3115693,30259297.804085962
854,0.0,5941.8547870314615,0.0,6246.3654806062395,1000.0,3941.854787031462,10868.97740683841,224.3115693,30259297.804085962
855,0.0,5941.8547870314615,0.0,6476.551330212325,1000.0,3941.854787031462,14662.61845387749,224.3115693,30259297.804085962
856,0.0,5941.8547870314615,0.0,6352.411680745856,1000.0,3941.854787031462,18456.25950091657,224.3115693,30259297.804085962
857,0.0,4422.740898759178,0.0,4422.740898759191,1000.0,2422.740898759178,20787.905341882404,224.3115693,30259297.804085962
858,0.0,2624.2965090097023,0.0,2624.296509009707,1000.0,624.2965090097023,21388.72830215334,229.3115693,30259297.804085962
859,0.0,367.05197289422813,1632.9480271057719,367.05197289422813,1000.0,0.0,19691.98263807835,279.3115693,30259297.804085962
860,0.0,0.0,2000.0,0.0,1000.0,0.0,17613.844649715924,279.3115693,30259297.804085962
861,0.0,0.0,2000.0,0.0,1000.0,0.0,15535.706661353493,279.3115693,30259297.804085962
862,0.0,0.0,2000.0,0.0,1000.0,0.0,13457.568672991067,279.3115693,30259297.804085962
863,0.0,0.0,1868.1687162554254,0.0,868.1687162554254,0.0,11516.412484030732,229.3115693,30259297.804085962
864,0.0,0.0,1000.0,0.0,0.0,0.0,10477.343489849518,224.3115693,30259297.804085962
865,0.0,0.0,1000.0,0.0,0.0,0.0,9438.274495668305,107.2667078,30259297.804085962
866,0.0,0.0,1000.0,0.0,0.0,0.0,8399.205501487091,102.3837078,30259297.804085962
867,0.0,0.0,1000.0,0.0,0.0,0.0,7360.136507305878,102.3837078,30259297.804085962
868,0.0,0.0,1000.0,0.0,0.0,0.0,6321.067513124664,102.3837078,30259297.804085962
869,0.0,0.0,1000.0,0.0,0.0,0.0,5281.998518943451,107.2667078,30259297.804085962
870,0.0,0.0,1000.0,0.0,0.0,0.0,4242.929524762238,206.9887078,30259297.804085962
871,0.0,0.0,1000.0,0.0,0.0,0.0,3203.8605305810242,223.9887078,30259297.804085962
872,0.0,0.0,1000.0,0.0,0.0,0.0,2164.7915363998104,223.9887078,30259297.804085962
873,0.0,0.0,1000.0,0.0,0.0,0.0,1125.7225422185968,223.9887078,30259297.804085962
874,0.0,1806.7053436236379,0.0,1806.7053436236379,806.705343623631,0.0,1125.7225422185968,223.9887078,30259297.804085962
875,0.0,3647.065321025252,0.0,3647.065321025244,1000.0,1647.0653210252522,2710.8582071732994,223.9887078,30259297.804085962
876,0.0,5309.693246195965,0.0,5309.6932461959705,1000.0,3309.693246195965,5896.106987312296,223.9887078,30259297.804085962
877,0.0,5893.812329158896,0.0,6041.241220012871,1000.0,3893.812329158896,9643.511972894818,223.9887078,30259297.804085962
878,0.0,2000.0,0.0,6023.402779712829,1000.0,0.0,9643.511972894816,223.9887078,30259297.804085962
879,0.0,5941.8547870314615,0.0,6273.324775314645,1000.0,3941.854787031462,13437.153019933896,243.9887078,30259297.804085962
880,0.0,5941.8547870314615,0.0,6094.199086132488,1000.0,3941.854787031462,17230.794066972976,307.9887078,30259297.804085962
881,0.0,5391.401351915079,0.0,5391.401351915109,1000.0,3391.4013519150794,20494.67872805605,243.9887078,30259297.804085962
882,0.0,2928.979191705417,0.0,2928.9791917054245,1000.0,928.9791917054172,21388.72830215334,307.9887078,30259297.804085962
883,0.0,473.3294636972133,1526.6705363027868,473.3294636972133,1000.0,0.0,19802.412283551108,458.9887078,30259297.804085962
884,0.0,0.0,2000.0,0.0,1000.0,0.0,17724.274295188683,307.9887078,30259297.804085962
885,0.0,0.0,2000.0,0.0,1000.0,0.0,15646.136306826253,307.9887078,30259297.804085962
886,0.0,0.0,2000.0,0.0,1000.0,0.0,13567.998318463826,307.9887078,30259297.804085962
887,0.0,0.0,1191.733547739219,0.0,191.73354773921892,0.0,12329.704939682426,243.9887078,30259297.804085962
888,0.0,0.0,1000.0,0.0,0.0,0.0,11290.635945501212,223.9887078,30259297.804085962
889,0.0,0.0,1000.0,0.0,0.0,0.0,10251.56695132,231.1303829,30259297.804085962
890,0.0,0.0,1000.0,0.0,0.0,0.0,9212.497957138785,231.1303829,30259297.804085962
891,0.0,0.0,1000.0,0.0,0.0,0.0,8173.428962957572,231.1303829,30259297.804085962
892,0.0,0.0,1000.0,0.0,0.0,0.0,7134.359968776359,228.1303829,30259297.804085962
893,0.0,0.0,1000.0,0.0,0.0,0.0,6095.290974595146,231.1303829,30259297.804085962
894,0.0,0.0,1000.0,0.0,0.0,0.0,5056.221980413932,231.1303829,30259297.804085962
895,0.0,0.0,1000.0,0.0,0.0,0.0,4017.152986232718,231.1303829,30259297.804085962
896,0.0,0.0,1000.0,0.0,0.0,0.0,2978.0839920515045,231.1303829,30259297.804085962
897,0.0,0.0,1000.0,0.0,0.0,0.0,1939.014997870291,231.1303829,30259297.804085962
898,0.0,1926.4209605602628,0.0,1926.4209605602628,926.4209605602628,0.0,1939.014997870291,231.1303829,30259297.804085962
899,0.0,3588.5507324929004,0.0,3588.5507324929004,1000.0,1588.5507324929004,3467.8362228214683,231.1303829,30259297.804085962
900,0.0,5115.68835720201,0.0,5115.68835720201,1000.0,3115.6883572020097,6466.374697792751,231.1303829,30259297.804085962
901,0.0,5899.002205713224,0.0,5899.002205713224,1000.0,3899.0022057132237,10218.774420571164,231.1303829,30259297.804085962
902,0.0,5941.8547870314615,0.0,6053.611895847637,1000.0,3941.854787031461,14012.415467610466,231.1303829,30259297.804085962
903,0.0,5077.33096350394,0.0,5077.33096350394,1000.0,3077.3309635039404,16974.03878688661,231.1303829,30259297.804085962
904,0.0,4508.196990410451,0.0,4508.196990410451,1000.0,2508.196990410451,19387.92757045763,244.1303829,30259297.804085962
905,0.0,3560.6603821599556,0.0,3560.6603821599556,1000.0,1560.6603821599556,20889.90712224839,279.1303829,30259297.804085962
906,0.0,2518.3096216801455,0.0,2518.3096216801455,1000.0,518.3096216801455,21388.72830215334,329.1303829,30259297.804085962
907,0.0,389.8244525101109,1610.1755474898891,389.8244525101109,1000.0,0.0,19715.644815567837,459.1303829,30259297.804085962
908,0.0,0.0,2000.0,0.0,1000.0,0.0,17637.50682720541,459.1303829,30259297.804085962
909,0.0,0.0,2000.0,0.0,1000.0,0.0,15559.36883884298,279.1303829,30259297.804085962
910,0.0,0.0,1890.9411958713054,0.0,890.9411958713052,0.0,13594.55047239316,279.1303829,30259297.804085962
911,0.0,0.0,2000.0,0.0,1000.0,0.0,11516.412484030732,279.1303829,30259297.804085962
912,0.0,0.0,1000.0,0.0,0.0,0.0,10477.343489849518,244.1303829,30259297.804085962
913,0.0,0.0,1000.0,0.0,0.0,0.0,9438.274495668305,231.208367,30259297.804085962
914,0.0,0.0,1000.0,0.0,0.0,0.0,8399.205501487091,231.208367,30259297.804085962
915,0.0,0.0,1000.0,0.0,0.0,0.0,7360.136507305878,109.380367,30259297.804085962
916,0.0,0.0,1000.0,0.0,0.0,0.0,6321.067513124664,107.023367,30259297.804085962
917,0.0,0.0,1000.0,0.0,0.0,0.0,5281.998518943451,107.486367,30259297.804085962
918,0.0,0.0,1000.0,0.0,0.0,0.0,4242.929524762238,229.209367,30259297.804085962
919,0.0,0.0,1000.0,0.0,0.0,0.0,3203.8605305810242,229.209367,30259297.804085962
920,0.0,0.0,1000.0,0.0,0.0,0.0,2164.7915363998104,229.209367,30259297.804085962
921,0.0,0.0,1000.0,0.0,0.0,0.0,1125.7225422185968,229.209367,30259297.804085962
922,0.0,1793.6941931024962,0.0,1793.6941931024962,793.6941931024921,0.0,1125.7225422185968,229.209367,30259297.804085962
923,0.0,3487.076813105367,0.0,3487.076813105373,1000.0,1487.076813105367,2556.8852671512022,231.208367,30259297.804085962
924,0.0,4894.919880984018,0.0,4894.919880984033,1000.0,2894.919880984018,5342.956160610222,231.208367,30259297.804085962
925,0.0,5511.449071010469,0.0,5511.449071010459,1000.0,3511.449071010469,8722.374746550697,231.208367,30259297.804085962
926,0.0,5469.699534437669,0.0,5469.6995344377,1000.0,3469.699534437669,12061.613578493509,231.208367,30259297.804085962
927,0.0,5883.476593173412,0.0,5883.476593173461,1000.0,3883.476593173412,15799.0714517636,231.208367,30259297.804085962
928,0.0,5007.169204996648,0.0,5007.169204996705,1000.0,3007.1692049966477,18693.171094652374,239.208367,30259297.804085962
929,0.0,4023.255939917312,0.0,4023.255939917326,1000.0,2023.255939917312,20640.352611228795,239.208367,30259297.804085962
930,0.0,2777.6139764386426,0.0,3075.529562224025,1000.0,777.6139764386426,21388.72830215334,239.208367,30259297.804085962
931,0.0,627.7790295262163,1372.2209704737838,627.7790295262163,1000.0,0.0,19962.896038568775,459.208367,30259297.804085962
932,0.0,0.0,2000.0,0.0,1000.0,0.0,17884.758050206347,459.208367,30259297.804085962
933,0.0,0.0,1128.8957728874116,0.0,128.89577288741168,0.0,16711.7574549368,231.208367,30259297.804085962
934,0.0,0.0,2000.0,0.0,1000.0,0.0,14633.619466574373,231.208367,30259297.804085962
935,0.0,0.0,2000.0,0.0,1000.0,0.0,12555.481478211947,231.208367,30259297.804085962
936,0.0,0.0,2000.0,0.0,1000.0,0.0,10477.343489849518,231.208367,30259297.804085962
937,0.0,0.0,1000.0,0.0,0.0,0.0,9438.274495668304,197.4885244,30259297.804085962
938,0.0,0.0,1000.0,0.0,0.0,0.0,8399.205501487091,197.4885244,30259297.804085962
939,0.0,0.0,1000.0,0.0,0.0,0.0,7360.136507305878,197.4885244,30259297.804085962
940,0.0,0.0,1000.0,0.0,0.0,0.0,6321.067513124664,197.4885244,30259297.804085962
941,0.0,0.0,1000.0,0.0,0.0,0.0,5281.998518943451,197.4885244,30259297.804085962
942,0.0,0.0,1000.0,0.0,0.0,0.0,4242.929524762238,197.4885244,30259297.804085962
943,0.0,0.0,1000.0,0.0,0.0,0.0,3203.8605305810242,197.4885244,30259297.804085962
944,0.0,0.0,1000.0,0.0,0.0,0.0,2164.7915363998104,197.4885244,30259297.804085962
945,0.0,0.0,1000.0,0.0,0.0,0.0,1125.7225422185968,197.4885244,30259297.804085962
946,0.0,1872.561683953504,0.0,1872.561683953504,872.5616839535069,0.0,1125.7225422185968,197.4885244,30259297.804085962
947,0.0,2000.0,0.0,3193.1399011650346,1000.0,0.0,1125.7225422185968,197.4885244,30259297.804085962
948,0.0,4601.308304949195,0.0,4768.704621194606,1000.0,2601.308304949195,3629.221654901702,197.4885244,30259297.804085962
949,0.0,5800.309622186653,0.0,5800.309622186667,1000.0,3800.3096221866526,7286.6396352941365,197.4885244,30259297.804085962
950,0.0,5941.8547870314615,0.0,6350.709682534556,1000.0,3941.854787031462,11080.28068233321,197.4885244,30259297.804085962
951,0.0,5941.8547870314615,0.0,6386.878778331145,1000.0,3941.854787031462,14873.92172937229,197.4885244,30259297.804085962
952,0.0,5941.8547870314615,0.0,6156.71072031455,1000.0,3941.854787031462,18667.56277641137,197.4885244,30259297.804085962
953,0.0,4310.515293109948,0.0,4310.515293109961,1000.0,2310.5152931099483,20891.202694500385,231.4885244,30259297.804085962
954,0.0,2516.9634327233543,0.0,2516.963432723385,1000.0,516.9634327233543,21388.72830215334,451.4885244,30259297.804085962
955,0.0,497.5370789496755,1502.4629210503244,497.5370789496755,1000.0,0.0,19827.565665983013,456.4885244,30259297.804085962
956,0.0,0.0,2000.0,0.0,1000.0,0.0,17749.427677620588,451.4885244,30259297.804085962
957,0.0,0.0,2000.0,0.0,1000.0,0.0,15671.28968925816,240.7385244,30259297.804085962
958,0.0,0.0,2000.0,0.0,1000.0,0.0,13593.15170089573,231.4885244,30259297.804085962
959,0.0,0.0,1000.0,0.0,0.0,0.0,12554.082706714518,200.4885244,30259297.804085962
960,0.0,0.0,1000.0,0.0,0.0,0.0,11515.013712533304,197.4885244,30259297.804085962
961,0.0,0.0,1998.6538223108735,0.0,998.6538223108735,0.0,9438.274495668305,207.5908931,30259297.804085962
962,0.0,0.0,1000.0,0.0,0.0,0.0,8399.205501487093,116.5908931,30259297.804085962
963,0.0,0.0,1000.0,0.0,0.0,0.0,7360.136507305878,109.9858931,30259297.804085962
964,0.0,0.0,1000.0,0.0,0.0,0.0,6321.067513124664,109.9858931,30259297.804085962
965,0.0,0.0,1000.0,0.0,0.0,0.0,5281.998518943451,109.9868931,30259297.804085962
966,0.0,0.0,1000.0,0.0,0.0,0.0,4242.929524762238,114.4058931,30259297.804085962
967,0.0,0.0,1000.0,0.0,0.0,0.0,3203.8605305810242,114.8688931,30259297.804085962
968,0.0,0.0,1000.0,0.0,0.0,0.0,2164.7915363998104,114.8688931,30259297.804085962
969,0.0,0.0,1000.0,0.0,0.0,0.0,1125.7225422185968,116.5908931,30259297.804085962
970,0.0,1751.7252306819043,0.0,1751.7252306819043,751.7252306818991,0.0,1125.7225422185968,165.5908931,30259297.804085962
971,0.0,3824.2577100651015,0.0,3824.2577100651024,1000.0,1824.2577100651015,2881.3881623852503,165.5908931,30259297.804085962
972,0.0,5112.711325124261,0.0,5112.71132512428,1000.0,3112.711325124261,5877.0615416848395,165.5908931,30259297.804085962
973,0.0,2761.436035664519,0.0,6072.74315033597,1000.0,761.4360356645188,6609.867582408373,165.5908931,30259297.804085962
974,0.0,5941.8547870314615,0.0,6536.590012328699,1000.0,3941.854787031462,10403.508629447446,207.5908931,30259297.804085962
975,0.0,5941.8547870314615,0.0,6651.223330459609,1000.0,3941.854787031462,14197.149676486526,207.5908931,30259297.804085962
976,0.0,5903.1356460372535,0.0,5903.135646037278,1000.0,3903.135646037253,17953.52742223278,207.5908931,30259297.804085962
977,0.0,4616.739860979177,0.0,4616.739860979198,1000.0,2616.739860979177,20471.87786443914,220.5908931,30259297.804085962
978,0.0,2952.670862130304,0.0,2952.670862130308,1000.0,952.6708621303042,21388.72830215334,221.5908931,30259297.804085962
979,0.0,775.7941920864235,1224.2058079135763,775.7941920864235,1000.0,0.0,20116.694004653782,276.5908931,30259297.804085962
980,0.0,0.0,2000.0,0.0,1000.0,0.0,18038.556016291353,276.5908931,30259297.804085962
981,0.0,0.0,2000.0,0.0,1000.0,0.0,15960.418027928927,220.5908931,30259297.804085962
982,0.0,0.0,1276.910935447621,0.0,276.9109354476208,0.0,14633.619466574377,207.5908931,30259297.804085962
983,0.0,0.0,2000.0,0.0,1000.0,0.0,12555.481478211947,207.5908931,30259297.804085962
984,0.0,0.0,2000.0,0.0,1000.0,0.0,10477.343489849518,207.5908931,30259297.804085962
985,0.0,0.0,1000.0,0.0,0.0,0.0,9438.274495668304,103.2997866,30259297.804085962
986,0.0,0.0,1000.0,0.0,0.0,0.0,8399.205501487091,103.2997866,30259297.804085962
987,0.0,0.0,1000.0,0.0,0.0,0.0,7360.136507305878,103.2997866,30259297.804085962
988,0.0,0.0,1000.0,0.0,0.0,0.0,6321.067513124664,103.2997866,30259297.804085962
989,0.0,0.0,1000.0,0.0,0.0,0.0,5281.998518943451,103.2997866,30259297.804085962
990,0.0,0.0,1000.0,0.0,0.0,0.0,4242.929524762238,103.2997866,30259297.804085962
991,0.0,0.0,1000.0,0.0,0.0,0.0,3203.8605305810242,103.2997866,30259297.804085962
992,0.0,0.0,1000.0,0.0,0.0,0.0,2164.7915363998104,103.2997866,30259297.804085962
993,0.0,0.0,1000.0,0.0,0.0,0.0,1125.7225422185968,103.2997866,30259297.804085962
994,0.0,1616.9940192591414,0.0,1616.9940192591414,0.0,616.9940192591414,1719.5175863535842,103.2997866,30259297.804085962
995,0.0,3165.7951407970645,0.0,3165.7951407970645,0.0,2165.7951407970645,3803.878829856694,103.2997866,30259297.804085962
996,0.0,4296.958563891476,0.0,4296.958563891476,515.4706410740037,2781.4879228174686,6480.7828067762175,107.7197866,30259297.804085962
997,0.0,4904.592252131323,0.0,4904.592252131323,1000.0,2904.592252131323,9276.16239022743,108.1827866,30259297.804085962
998,0.0,5638.957144988176,0.0,5638.957144988176,1000.0,3638.957144988176,12778.29474656412,108.1827866,30259297.804085962
999,0.0,5266.621239029893,0.0,5266.621239029893,1000.0,3266.6212390298933,15922.09102700639,110.5497866,30259297.804085962
1000,0.0,4357.436086435883,0.0,4357.436086435883,1000.0,2357.436086435883,18190.88751659231,110.5497866,30259297.804085962
1001,0.0,3599.6938224557507,0.0,3599.6938224557507,1000.0,1599.6938224557507,19730.432851323727,200.9047866,30259297.804085962
1002,0.0,2454.985534958391,0.0,2454.985534958391,1000.0,454.9855349583909,20168.310930167685,200.9047866,30259297.804085962
1003,0.0,673.4129354378006,1326.5870645621994,673.4129354378006,1000.0,0.0,18789.895443299232,200.9047866,30259297.804085962
1004,0.0,0.0,2000.0,0.0,1000.0,0.0,16711.757454936804,200.9047866,30259297.804085962
1005,0.0,0.0,2000.0,0.0,1000.0,0.0,14633.619466574375,200.9047866,30259297.804085962
1006,0.0,0.0,2000.0,0.0,1000.0,0.0,12555.481478211948,200.9047866,30259297.804085962
1007,0.0,0.0,1000.0,0.0,0.0,0.0,11516.412484030734,110.5497866,30259297.804085962
1008,0.0,0.0,1000.0,0.0,0.0,0.0,10477.34348984952,103.3007866,30259297.804085962
1009,0.0,0.0,1000.0,0.0,0.0,0.0,9438.274495668305,103.7971004,30259297.804085962
1010,0.0,0.0,1000.0,0.0,0.0,0.0,8399.205501487091,103.7971004,30259297.804085962
1011,0.0,0.0,1000.0,0.0,0.0,0.0,7360.136507305878,103.7971004,30259297.804085962
1012,0.0,0.0,1000.0,0.0,0.0,0.0,6321.067513124664,103.7971004,30259297.804085962
1013,0.0,0.0,1000.0,0.0,0.0,0.0,5281.998518943451,103.7971004,30259297.804085962
1014,0.0,0.0,1000.0,0.0,0.0,0.0,4242.929524762238,103.7971004,30259297.804085962
1015,0.0,0.0,1000.0,0.0,0.0,0.0,3203.8605305810242,103.7971004,30259297.804085962
1016,0.0,0.0,1000.0,0.0,0.0,0.0,2164.7915363998104,103.7971004,30259297.804085962
1017,0.0,0.0,1000.0,0.0,0.0,0.0,1125.7225422185968,103.7971004,30259297.804085962
1018,0.0,1850.4474706134881,0.0,1850.4474706134881,850.4474706134934,0.0,1125.7225422185968,103.7971004,30259297.804085962
1019,0.0,2135.394576260903,0.0,3512.4705042768164,1000.0,135.3945762609028,1256.0262824120896,103.7971004,30259297.804085962
1020,0.0,4500.060577662712,0.0,4500.060577662726,1000.0,2500.0605776627117,3662.084582354684,103.7971004,30259297.804085962
1021,0.0,5941.8547870314615,0.0,6294.656181252365,1000.0,3941.854787031462,7455.725629393763,103.7971004,30259297.804085962
1022,0.0,5941.8547870314615,0.0,6938.370007341352,1000.0,3941.854787031462,11249.366676432837,103.7971004,30259297.804085962
1023,0.0,5941.8547870314615,0.0,5954.255108003629,1000.0,3941.854787031462,15043.007723471917,103.7971004,30259297.804085962
1024,0.0,5242.579674856793,0.0,5242.579674856794,1000.0,3242.5796748567927,18163.666402554096,103.7971004,30259297.804085962
1025,0.0,4601.38029951881,0.0,4601.380299518797,1000.0,2601.38029951881,20667.234802811,103.7971004,30259297.804085962
1026,0.0,2749.6815246699334,0.0,2749.681524669951,1000.0,749.6815246699334,21388.72830215334,108.2191004,30259297.804085962
1027,0.0,652.247580579444,1347.752419420556,652.247580579444,1000.0,0.0,19988.320551300727,145.4021004,30259297.804085962
1028,0.0,0.0,2000.0,0.0,1000.0,0.0,17910.182562938302,145.4021004,30259297.804085962
1029,0.0,0.0,2000.0,0.0,1000.0,0.0,15832.044574575872,110.4021004,30259297.804085962
1030,0.0,0.0,2000.0,0.0,1000.0,0.0,13753.906586213445,108.6801004,30259297.804085962
1031,0.0,0.0,1153.3643239406424,0.0,153.3643239406424,0.0,12555.481478211947,108.2191004,30259297.804085962
1032,0.0,0.0,2000.0,0.0,1000.0,0.0,10477.343489849518,108.2191004,30259297.804085962
1033,0.0,0.0,1000.0,0.0,0.0,0.0,9438.274495668304,104.020395,30259297.804085962
1034,0.0,0.0,1000.0,0.0,0.0,0.0,8399.205501487091,104.020395,30259297.804085962
1035,0.0,0.0,1000.0,0.0,0.0,0.0,7360.136507305878,104.020395,30259297.804085962
1036,0.0,0.0,1000.0,0.0,0.0,0.0,6321.067513124664,104.020395,30259297.804085962
1037,0.0,0.0,1000.0,0.0,0.0,0.0,5281.998518943451,104.020395,30259297.804085962
1038,0.0,0.0,1000.0,0.0,0.0,0.0,4242.929524762238,104.020395,30259297.804085962
1039,0.0,0.0,1000.0,0.0,0.0,0.0,3203.8605305810242,104.020395,30259297.804085962
1040,0.0,0.0,1000.0,0.0,0.0,0.0,2164.7915363998104,104.020395,30259297.804085962
1041,0.0,0.0,1000.0,0.0,0.0,0.0,1125.7225422185968,104.020395,30259297.804085962
1042,0.0,1747.8230697535892,0.0,1747.8230697535892,747.823069753591,0.0,1125.7225422185968,104.020395,30259297.804085962
1043,0.0,2000.0,0.0,3656.292913702917,1000.0,0.0,1125.7225422185968,104.020395,30259297.804085962
1044,0.0,5180.5356980285,0.0,5321.583560382136,1000.0,3180.5356980284996,4186.670098001225,104.020395,30259297.804085962
1045,0.0,5822.512782206478,0.0,5822.512782206502,1000.0,3822.512782206478,7865.456399596739,104.020395,30259297.804085962
1046,0.0,5941.8547870314615,0.0,6118.863344670105,1000.0,3941.854787031462,11659.09744663582,104.020395,30259297.804085962
1047,0.0,5941.8547870314615,0.0,6375.261253493651,1000.0,3941.854787031462,15452.7384936749,104.020395,30259297.804085962
1048,0.0,5156.251829123429,0.0,5156.251829123418,1000.0,3156.251829123429,18490.315254023288,104.020395,30259297.804085962
1049,0.0,4235.051821216789,0.0,4235.051821216812,1000.0,2235.051821216789,20641.329126762324,108.225395,30259297.804085962
1050,0.0,2776.5993094254154,0.0,2776.599309425425,1000.0,776.5993094254154,21388.72830215334,111.125395,30259297.804085962
1051,0.0,810.3146531725534,1189.6853468274467,810.3146531725534,1000.0,0.0,20152.563145433214,130.625395,30259297.804085962
1052,0.0,0.0,2000.0,0.0,1000.0,0.0,18074.425157070786,135.625395,30259297.804085962
1053,0.0,0.0,2000.0,0.0,1000.0,0.0,15996.28716870836,130.625395,30259297.804085962
1054,0.0,0.0,2000.0,0.0,1000.0,0.0,13918.149180345934,130.625395,30259297.804085962
1055,0.0,0.0,2000.0,0.0,1000.0,0.0,11840.011191983507,111.125395,30259297.804085962
1056,0.0,0.0,1000.0,0.0,0.0,0.0,10800.942197802293,108.903395,30259297.804085962
1057,0.0,0.0,1000.0,0.0,0.0,0.0,9761.873203621079,105.2322289,30259297.804085962
1058,0.0,0.0,1000.0,0.0,0.0,0.0,8722.804209439866,105.2322289,30259297.804085962
1059,0.0,0.0,1000.0,0.0,0.0,0.0,7683.735215258652,105.2322289,30259297.804085962
1060,0.0,0.0,1000.0,0.0,0.0,0.0,6644.666221077438,105.2322289,30259297.804085962
1061,0.0,0.0,1000.0,0.0,0.0,0.0,5605.597226896225,105.2322289,30259297.804085962
1062,0.0,0.0,1000.0,0.0,0.0,0.0,4566.528232715011,109.4372289,30259297.804085962
1063,0.0,0.0,1000.0,0.0,0.0,0.0,3527.4592385337937,109.4372289,30259297.804085962
1064,0.0,0.0,1311.4313965337456,0.0,311.4313965337456,0.0,2164.7915363998104,109.4372289,30259297.804085962
1065,0.0,0.0,1000.0,0.0,0.0,0.0,1125.7225422185968,109.4372289,30259297.804085962
1066,0.0,2015.1268623702958,0.0,2015.1268623702929,1000.0,15.126862370295953,1140.2806345637696,109.4372289,30259297.804085962
1067,0.0,4181.293356105397,0.0,4181.293356105409,1000.0,2181.293356105397,3239.5573604796036,109.4372289,30259297.804085962
1068,0.0,4108.5702790677315,0.0,5902.22238200223,1000.0,2108.570279067732,5268.845397054389,110.1152289,30259297.804085962
1069,0.0,5941.8547870314615,0.0,6544.910267745276,1000.0,3941.854787031462,9062.486444093469,110.1152289,30259297.804085962
1070,0.0,5941.8547870314615,0.0,6512.097731644396,1000.0,3941.854787031462,12856.127491132545,112.4372289,30259297.804085962
1071,0.0,5941.8547870314615,0.0,6613.281058826132,1000.0,3941.854787031462,16649.768538171626,116.8372289,30259297.804085962
1072,0.0,5941.8547870314615,0.0,6106.498595609293,1000.0,3941.854787031462,20443.409585210706,116.8372289,30259297.804085962
1073,0.0,2000.0,0.0,4599.541895365532,1000.0,0.0,20443.409585210706,151.8372289,30259297.804085962
1074,0.0,2982.251368394263,0.0,2982.2513683942757,1000.0,982.251368394263,21388.72830215334,151.8372289,30259297.804085962
1075,0.0,840.618654028764,1159.381345971236,840.618654028764,1000.0,0.0,20184.051093122544,461.8372289,30259297.804085962
1076,0.0,0.0,2000.0,0.0,1000.0,0.0,18105.91310476012,461.8372289,30259297.804085962
1077,0.0,0.0,2000.0,0.0,1000.0,0.0,16027.77511639769,151.8372289,30259297.804085962
1078,0.0,0.0,2000.0,0.0,1000.0,0.0,13949.637128035263,151.8372289,30259297.804085962
1079,0.0,0.0,2000.0,0.0,1000.0,0.0,11871.499139672836,116.8372289,30259297.804085962
1080,0.0,0.0,1341.7353973899608,0.0,341.7353973899608,0.0,10477.343489849518,112.4372289,30259297.804085962
1081,0.0,0.0,1000.0,0.0,0.0,0.0,9438.274495668304,99.8836922,30259297.804085962
1082,0.0,0.0,1000.0,0.0,0.0,0.0,8399.205501487091,99.8836922,30259297.804085962
1083,0.0,0.0,1000.0,0.0,0.0,0.0,7360.136507305878,99.8836922,30259297.804085962
1084,0.0,0.0,1000.0,0.0,0.0,0.0,6321.067513124664,99.8836922,30259297.804085962
1085,0.0,0.0,1000.0,0.0,0.0,0.0,5281.998518943451,104.0886922,30259297.804085962
1086,0.0,0.0,1000.0,0.0,0.0,0.0,4242.929524762238,104.7666922,30259297.804085962
1087,0.0,0.0,1000.0,0.0,0.0,0.0,3203.8605305810242,104.0886922,30259297.804085962
1088,0.0,0.0,1000.0,0.0,0.0,0.0,2164.7915363998104,104.7666922,30259297.804085962
1089,0.0,0.0,1000.0,0.0,0.0,0.0,1125.7225422185968,104.7666922,30259297.804085962
1090,0.0,2003.6753886121598,0.0,2003.67538861216,1000.0,3.6753886121598214,1129.2597362189395,104.7666922,30259297.804085962
1091,0.0,4030.8289711105826,0.0,4030.8289711105867,1000.0,2030.8289711105826,3083.729538015763,106.3636922,30259297.804085962
1092,0.0,5304.361876405029,0.0,5304.361876405028,1000.0,3304.361876405029,6263.847407867963,111.4886922,30259297.804085962
1093,0.0,4886.95009953082,0.0,6220.853197617581,1000.0,2886.95009953082,9042.248183656424,106.3636922,30259297.804085962
1094,0.0,5857.572906483617,0.0,5857.572906483653,1000.0,3857.572906483617,12754.776348856256,146.4886922,30259297.804085962
1095,0.0,5941.8547870314615,0.0,6173.208909699416,1000.0,3941.854787031462,16548.417395895336,146.4886922,30259297.804085962
1096,0.0,4961.814026475332,0.0,4961.8140264753765,1000.0,2961.814026475332,19398.867214975195,146.4886922,30259297.804085962
1097,0.0,4067.6029584145354,0.0,4067.6029584145726,1000.0,2067.6029584145354,21388.728302153344,146.4886922,30259297.804085962
1098,0.0,2000.0,0.0,2820.5727158110135,1000.0,0.0,21388.72830215334,186.4886922,30259297.804085962
1099,0.0,779.554020298819,1220.445979701181,779.554020298819,1000.0,0.0,20120.600725572724,820.8396922,30259297.804085962
1100,0.0,0.0,2000.0,0.0,1000.0,0.0,18042.4627372103,820.8396922,30259297.804085962
1101,0.0,0.0,2000.0,0.0,1000.0,0.0,15964.324748847872,204.4886922,30259297.804085962
1102,0.0,0.0,2000.0,0.0,1000.0,0.0,13886.186760485445,146.4886922,30259297.804085962
1103,0.0,0.0,2000.0,0.0,1000.0,0.0,11808.048772123017,146.4886922,30259297.804085962
1104,0.0,0.0,1000.0,0.0,0.0,0.0,10768.979777941804,104.7666922,30259297.804085962
1105,0.0,0.0,1000.0,0.0,0.0,0.0,9729.910783760592,110.8129904,30259297.804085962
1106,0.0,0.0,1000.0,0.0,0.0,0.0,8690.841789579377,110.8129904,30259297.804085962
1107,0.0,0.0,1000.0,0.0,0.0,0.0,7651.772795398163,110.1349904,30259297.804085962
1108,0.0,0.0,1000.0,0.0,0.0,0.0,6612.70380121695,110.1349904,30259297.804085962
1109,0.0,0.0,1000.0,0.0,0.0,0.0,5573.634807035736,110.8129904,30259297.804085962
1110,0.0,0.0,1000.0,0.0,0.0,0.0,4534.565812854522,111.5349904,30259297.804085962
1111,0.0,0.0,1000.0,0.0,0.0,0.0,3495.4968186732776,111.5349904,30259297.804085962
1112,0.0,0.0,1000.0,0.0,0.0,0.0,2456.427824492064,111.5349904,30259297.804085962
1113,0.0,0.0,1280.6707636599992,0.0,280.6707636599993,0.0,1125.7225422185816,111.5349904,30259297.804085962
1114,0.0,1727.4820322504625,0.0,1727.4820322504625,727.4820322504537,0.0,1125.7225422185968,111.5349904,30259297.804085962
1115,0.0,3340.7518064761625,0.0,3340.7518064761884,1000.0,1340.7518064761625,2416.0620807712558,111.5349904,30259297.804085962
1116,0.0,4689.564340994927,0.0,4689.564340994927,1000.0,2689.564340994927,5004.498802544774,111.5349904,30259297.804085962
1117,0.0,5941.8547870314615,0.0,6174.18741331847,1000.0,3941.854787031462,8798.139849583853,111.5349904,30259297.804085962
1118,0.0,5870.394287561959,0.0,5870.39428756199,1000.0,3870.3942875619587,12523.007311933485,111.5349904,30259297.804085962
1119,0.0,5295.045325779875,0.0,5295.045325779905,1000.0,3295.0453257798754,15694.158933464038,111.5349904,30259297.804085962
1120,0.0,5272.094930269124,0.0,5272.094930269123,1000.0,3272.094930269124,18843.223094355042,117.5349904,30259297.804085962
1121,0.0,4207.06064812087,0.0,4207.06064812088,1000.0,2207.0606481208697,20967.298262106568,117.5349904,30259297.804085962
1122,0.0,2437.894887829152,0.0,2644.607901375438,1000.0,437.89488782915214,21388.72830215334,462.5349904,30259297.804085962
1123,0.0,778.7297029435894,1221.2702970564105,778.7297029435894,1000.0,0.0,20119.74420296754,826.8859904,30259297.804085962
1124,0.0,0.0,2000.0,0.0,1000.0,0.0,18041.606214605115,463.5349904,30259297.804085962
1125,0.0,0.0,2000.0,0.0,1000.0,0.0,15963.468226242687,210.5349904,30259297.804085962
1126,0.0,0.0,1279.8464463047858,0.0,279.8464463047857,0.0,14633.619466574375,111.5349904,30259297.804085962
1127,0.0,0.0,2000.0,0.0,1000.0,0.0,12555.481478211947,111.5349904,30259297.804085962
1128,0.0,0.0,2000.0,0.0,1000.0,0.0,10477.343489849518,111.5349904,30259297.804085962
1129,0.0,0.0,1000.0,0.0,0.0,0.0,9438.274495668304,107.3852448,30259297.804085962
1130,0.0,0.0,1000.0,0.0,0.0,0.0,8399.205501487091,107.3852448,30259297.804085962
1131,0.0,0.0,1000.0,0.0,0.0,0.0,7360.136507305878,107.3852448,30259297.804085962
1132,0.0,0.0,1000.0,0.0,0.0,0.0,6321.067513124664,107.3852448,30259297.804085962
1133,0.0,0.0,1000.0,0.0,0.0,0.0,5281.998518943451,108.0632448,30259297.804085962
1134,0.0,0.0,1000.0,0.0,0.0,0.0,4242.929524762238,108.0632448,30259297.804085962
1135,0.0,0.0,1000.0,0.0,0.0,0.0,3203.8605305810242,108.7852448,30259297.804085962
1136,0.0,0.0,1000.0,0.0,0.0,0.0,2164.7915363998104,108.7852448,30259297.804085962
1137,0.0,0.0,1000.0,0.0,0.0,0.0,1125.7225422185968,108.0632448,30259297.804085962
1138,0.0,2151.9099770202074,0.0,2151.9099770202,1000.0,151.90997702020718,1271.9207041028442,108.0632448,30259297.804085962
1139,0.0,4248.252741180774,0.0,4248.25274118076,1000.0,2248.252741180774,3435.639142215221,108.0632448,30259297.804085962
1140,0.0,4321.925837130208,0.0,5911.770212023091,1000.0,2321.925837130207,5670.260567869333,108.7852448,30259297.804085962
1141,0.0,5941.8547870314615,0.0,6520.821255577658,1000.0,3941.854787031462,9463.901614908413,108.7852448,30259297.804085962
1142,0.0,5941.8547870314615,0.0,7113.682493542645,1000.0,3941.854787031462,13257.54266194749,108.7852448,30259297.804085962
1143,0.0,5941.8547870314615,0.0,6534.229736573901,1000.0,3941.854787031462,17051.18370898657,108.7852448,30259297.804085962
1144,0.0,5592.724274343124,0.0,5592.724274343149,1000.0,3592.7242743431243,20508.821550614393,114.7852448,30259297.804085962
1145,0.0,2000.0,0.0,4518.539492649145,1000.0,0.0,20508.821550614393,114.7852448,30259297.804085962
1146,0.0,2914.2838232948357,0.0,2914.283823294844,1000.0,914.2838232948357,21388.72830215334,236.9832448,30259297.804085962
1147,0.0,1003.7798789754926,996.2201210245074,1003.7798789754926,1000.0,0.0,20353.58686301732,460.7852448,30259297.804085962
1148,0.0,0.0,2000.0,0.0,1000.0,0.0,18275.448874654892,460.7852448,30259297.804085962
1149,0.0,0.0,2000.0,0.0,1000.0,0.0,16197.310886292464,459.7852448,30259297.804085962
1150,0.0,0.0,2000.0,0.0,1000.0,0.0,14119.172897930037,110.5082448,30259297.804085962
1151,0.0,0.0,1000.0,0.0,0.0,0.0,13080.103903748824,108.7852448,30259297.804085962
1152,0.0,0.0,1000.0,0.0,0.0,0.0,12041.03490956761,108.7852448,30259297.804085962
1153,0.0,0.0,2000.0,0.0,1000.0,0.0,9962.896921205185,109.1487052,30259297.804085962
1154,0.0,0.0,1000.0,0.0,0.0,0.0,8923.827927023973,108.8707052,30259297.804085962
1155,0.0,0.0,1000.0,0.0,0.0,0.0,7884.7589328427575,108.8707052,30259297.804085962
1156,0.0,0.0,1000.0,0.0,0.0,0.0,6845.689938661544,108.8707052,30259297.804085962
1157,0.0,0.0,1000.0,0.0,0.0,0.0,5806.620944480331,109.1487052,30259297.804085962
1158,0.0,0.0,1504.8966223366929,0.0,504.89662233669276,0.0,4242.929524762238,109.1487052,30259297.804085962
1159,0.0,0.0,1000.0,0.0,0.0,0.0,3203.8605305810242,108.8707052,30259297.804085962
1160,0.0,0.0,1000.0,0.0,0.0,0.0,2164.7915363998104,108.8707052,30259297.804085962
1161,0.0,0.0,1000.0,0.0,0.0,0.0,1125.7225422185968,108.8707052,30259297.804085962
1162,0.0,1824.9944891672517,0.0,1824.9944891672517,824.9944891672349,0.0,1125.7225422185968,108.8707052,30259297.804085962
1163,0.0,3733.7134041018,0.0,3733.7134041018076,1000.0,1733.7134041017998,2794.248322326169,108.8707052,30259297.804085962
1164,0.0,5179.552107114784,0.0,5179.552107114785,1000.0,3179.552107114784,5854.249270213438,108.8707052,30259297.804085962
1165,0.0,2161.986185631638,0.0,6137.680288589204,1000.0,161.9861856316379,6010.144775265326,108.8707052,30259297.804085962
1166,0.0,5941.8547870314615,0.0,6310.027596260671,1000.0,3941.854787031462,9803.785822304399,108.8707052,30259297.804085962
1167,0.0,5941.8547870314615,0.0,6861.495118175066,1000.0,3941.854787031462,13597.426869343479,108.8707052,30259297.804085962
1168,0.0,5941.8547870314615,0.0,6170.030243363343,1000.0,3941.854787031462,17391.06791638256,109.1487052,30259297.804085962
1169,0.0,4956.725800895684,0.0,4956.725800895711,1000.0,2956.725800895684,20236.620827164566,115.8707052,30259297.804085962
1170,0.0,3197.119155225246,0.0,3197.119155225263,1000.0,1197.1191552252458,21388.72830215334,190.8707052,30259297.804085962
1171,0.0,1034.2617844589718,965.7382155410282,1034.2617844589718,1000.0,0.0,20385.25966588877,360.8707052,30259297.804085962
1172,0.0,0.0,2000.0,0.0,1000.0,0.0,18307.121677526342,360.8707052,30259297.804085962
1173,0.0,0.0,2000.0,0.0,1000.0,0.0,16228.983689163913,360.8707052,30259297.804085962
1174,0.0,0.0,2000.0,0.0,1000.0,0.0,14150.845700801487,360.8707052,30259297.804085962
1175,0.0,0.0,2000.0,0.0,1000.0,0.0,12072.70771243906,190.8707052,30259297.804085962
1176,0.0,0.0,1535.3785278201685,0.0,535.3785278201685,0.0,10477.343489849518,115.8707052,30259297.804085962
1177,0.0,0.0,1000.0,0.0,0.0,0.0,9438.274495668304,105.6580756,30259297.804085962
1178,0.0,0.0,1000.0,0.0,0.0,0.0,8399.205501487091,105.6580756,30259297.804085962
1179,0.0,0.0,1000.0,0.0,0.0,0.0,7360.136507305878,105.1940756,30259297.804085962
1180,0.0,0.0,1000.0,0.0,0.0,0.0,6321.067513124664,105.1940756,30259297.804085962
1181,0.0,0.0,1000.0,0.0,0.0,0.0,5281.998518943451,105.1940756,30259297.804085962
1182,0.0,0.0,1000.0,0.0,0.0,0.0,4242.929524762238,105.1940756,30259297.804085962
1183,0.0,0.0,1000.0,0.0,0.0,0.0,3203.8605305810242,105.1940756,30259297.804085962
1184,0.0,0.0,1000.0,0.0,0.0,0.0,2164.7915363998104,100.7750756,30259297.804085962
1185,0.0,0.0,1000.0,0.0,0.0,0.0,1125.7225422185968,100.7750756,30259297.804085962
1186,0.0,2062.5873188872356,0.0,2062.587318887236,1000.0,62.5873188872356,1185.9565779156724,100.7750756,30259297.804085962
1187,0.0,4010.226997806707,0.0,4010.2269978066943,1000.0,2010.226997806707,3120.5990406048472,100.7750756,30259297.804085962
1188,0.0,3721.622024604711,0.0,5712.706753854492,1000.0,1721.622024604711,4777.488077084421,105.1940756,30259297.804085962
1189,0.0,5941.8547870314615,0.0,6536.121515495637,1000.0,3941.854787031462,8571.129124123501,105.1940756,30259297.804085962
1190,0.0,5941.8547870314615,0.0,6604.385568307184,1000.0,3941.854787031462,12364.770171162578,105.1940756,30259297.804085962
1191,0.0,5941.8547870314615,0.0,6526.988796271736,1000.0,3941.854787031462,16158.411218201658,105.1940756,30259297.804085962
1192,0.0,5895.426220169693,0.0,5895.426220169682,1000.0,3895.426220169693,19907.36941249297,105.1940756,30259297.804085962
1193,0.0,2000.0,0.0,4988.874132679139,1000.0,0.0,19907.36941249297,105.6580756,30259297.804085962
1194,0.0,3539.2340915008035,0.0,3539.2340915008335,1000.0,1539.2340915008035,21388.72830215334,147.3800756,30259297.804085962
1195,0.0,1154.7602087978928,845.2397912021072,1154.7602087978928,1000.0,0.0,20510.465842467034,182.3800756,30259297.804085962
1196,0.0,0.0,2000.0,0.0,1000.0,0.0,18432.327854104606,182.3800756,30259297.804085962
1197,0.0,0.0,2000.0,0.0,1000.0,0.0,16354.189865742177,182.3800756,30259297.804085962
1198,0.0,0.0,2000.0,0.0,1000.0,0.0,14276.05187737975,182.3800756,30259297.804085962
1199,0.0,0.0,2000.0,0.0,1000.0,0.0,12197.913889017324,147.3800756,30259297.804085962
1200,0.0,0.0,1655.8769521590948,0.0,655.8769521590948,0.0,10477.343489849518,117.3800756,30259297.804085962
1201,0.0,0.0,1000.0,0.0,0.0,0.0,9438.274495668304,102.587578,30259297.804085962
1202,0.0,0.0,1000.0,0.0,0.0,0.0,8399.205501487091,102.587578,30259297.804085962
1203,0.0,0.0,1000.0,0.0,0.0,0.0,7360.136507305878,102.587578,30259297.804085962
1204,0.0,0.0,1000.0,0.0,0.0,0.0,6321.067513124664,102.587578,30259297.804085962
1205,0.0,0.0,1000.0,0.0,0.0,0.0,5281.998518943451,102.587578,30259297.804085962
1206,0.0,0.0,1000.0,0.0,0.0,0.0,4242.929524762238,105.514578,30259297.804085962
1207,0.0,0.0,1000.0,0.0,0.0,0.0,3203.8605305810242,105.514578,30259297.804085962
1208,0.0,0.0,1000.0,0.0,0.0,0.0,2164.7915363998104,105.514578,30259297.804085962
1209,0.0,0.0,1000.0,0.0,0.0,0.0,1125.7225422185968,105.514578,30259297.804085962
1210,0.0,2268.4647192102384,0.0,2268.464719210242,1000.0,268.4647192102384,1384.0929879865303,105.514578,30259297.804085962
1211,0.0,4290.043787706444,0.0,4290.043787706451,1000.0,2290.043787706444,3588.031129275212,105.514578,30259297.804085962
1212,0.0,4109.495419185952,0.0,5989.985363372184,1000.0,2109.4954191859524,5618.209520699773,105.514578,30259297.804085962
1213,0.0,5941.8547870314615,0.0,7008.027697104178,1000.0,3941.854787031462,9411.850567738853,105.514578,30259297.804085962
1214,0.0,5941.8547870314615,0.0,6560.25796439014,1000.0,3941.854787031462,13205.491614777933,105.514578,30259297.804085962
1215,0.0,5941.8547870314615,0.0,6987.621420017042,1000.0,3941.854787031462,16999.132661817013,105.515578,30259297.804085962
1216,0.0,5460.157631190786,0.0,5460.157631190792,1000.0,3460.1576311907857,20329.188366075025,107.470578,30259297.804085962
1217,0.0,2000.0,0.0,4890.851668976355,1000.0,0.0,20329.188366075025,144.192578,30259297.804085962
1218,0.0,3100.935095675727,0.0,3100.9350956757444,1000.0,1100.935095675727,21388.72830215334,144.192578,30259297.804085962
1219,0.0,929.0814116275186,1070.9185883724813,929.0814116275186,1000.0,0.0,20275.970001683178,823.543578,30259297.804085962
1220,0.0,0.0,2000.0,0.0,1000.0,0.0,18197.832013320753,248.192578,30259297.804085962
1221,0.0,0.0,2000.0,0.0,1000.0,0.0,16119.694024958322,139.192578,30259297.804085962
1222,0.0,0.0,2000.0,0.0,1000.0,0.0,14041.556036595895,111.192578,30259297.804085962
1223,0.0,0.0,1000.0,0.0,0.0,0.0,13002.487042414681,105.515578,30259297.804085962
1224,0.0,0.0,1000.0,0.0,0.0,0.0,11963.418048233467,105.514578,30259297.804085962
1225,0.0,0.0,1000.0,0.0,0.0,0.0,10924.349054052254,106.2163573,30259297.804085962
1226,0.0,0.0,1000.0,0.0,0.0,0.0,9885.28005987104,106.2163573,30259297.804085962
1227,0.0,0.0,1000.0,0.0,0.0,0.0,8846.211065689826,106.2163573,30259297.804085962
1228,0.0,0.0,1000.0,0.0,0.0,0.0,7807.142071508613,106.2163573,30259297.804085962
1229,0.0,0.0,1000.0,0.0,0.0,0.0,6768.073077327399,106.2163573,30259297.804085962
1230,0.0,0.0,1000.0,0.0,0.0,0.0,5729.004083146186,106.2163573,30259297.804085962
1231,0.0,0.0,1000.0,0.0,0.0,0.0,4689.935088964972,106.2173573,30259297.804085962
1232,0.0,0.0,1430.1981549887155,0.0,430.1981549887155,0.0,3203.8605305810197,108.1723573,30259297.804085962
1233,0.0,0.0,2000.0,0.0,1000.0,0.0,1125.7225422185968,108.1723573,30259297.804085962
1234,0.0,2440.758663380866,0.0,2440.7586633808714,1000.0,440.758663380866,1549.9086798563421,106.2173573,30259297.804085962
1235,0.0,4264.448473544267,0.0,4264.448473544296,1000.0,2264.4484735442666,3729.2138907953445,106.2173573,30259297.804085962
1236,0.0,3698.867347846005,0.0,5854.4298345941925,1000.0,1698.8673478460053,5364.20382636234,108.1723573,30259297.804085962
1237,0.0,5941.8547870314615,0.0,6203.619648824935,1000.0,3941.854787031462,9157.84487340142,106.2173573,30259297.804085962
1238,0.0,5768.813629905163,0.0,5768.813629905153,1000.0,3768.813629905163,12784.951110822149,108.1723573,30259297.804085962
1239,0.0,5941.8547870314615,0.0,6321.591746329697,1000.0,3941.854787031462,16578.59215786123,124.8943573,30259297.804085962
1240,0.0,5611.096439792586,0.0,5611.096439792628,1000.0,3611.0964397925864,20053.911371517614,124.8943573,30259297.804085962
1241,0.0,2000.0,0.0,4630.688005166462,1000.0,0.0,20053.911371517614,124.8943573,30259297.804085962
1242,0.0,3386.966885531723,0.0,3386.9668855317273,1000.0,1386.9668855317232,21388.72830215334,144.8943573,30259297.804085962
1243,0.0,1204.450461901618,795.5495380983821,1204.450461901618,1000.0,0.0,20562.09744378012,824.2453573,30259297.804085962
1244,0.0,0.0,2000.0,0.0,1000.0,0.0,18483.959455417695,824.2453573,30259297.804085962
1245,0.0,0.0,2000.0,0.0,1000.0,0.0,16405.821467055266,250.8943573,30259297.804085962
1246,0.0,0.0,2000.0,0.0,1000.0,0.0,14327.683478692834,124.8943573,30259297.804085962
1247,0.0,0.0,1705.5672052628056,0.0,705.5672052628055,0.0,12555.481478211947,124.8943573,30259297.804085962
1248,0.0,0.0,2000.0,0.0,1000.0,0.0,10477.343489849518,124.8943573,30259297.804085962
1249,0.0,0.0,1000.0,0.0,0.0,0.0,9438.274495668304,108.3672799,30259297.804085962
1250,0.0,0.0,1000.0,0.0,0.0,0.0,8399.205501487091,108.3672799,30259297.804085962
1251,0.0,0.0,1000.0,0.0,0.0,0.0,7360.136507305878,108.3672799,30259297.804085962
1252,0.0,0.0,1000.0,0.0,0.0,0.0,6321.067513124664,108.3672799,30259297.804085962
1253,0.0,0.0,1000.0,0.0,0.0,0.0,5281.998518943451,108.3672799,30259297.804085962
1254,0.0,0.0,1000.0,0.0,0.0,0.0,4242.929524762238,112.0442799,30259297.804085962
1255,0.0,0.0,1000.0,0.0,0.0,0.0,3203.8605305810242,112.0442799,30259297.804085962
1256,0.0,0.0,1000.0,0.0,0.0,0.0,2164.7915363998104,112.0442799,30259297.804085962
1257,0.0,0.0,1000.0,0.0,0.0,0.0,1125.7225422185968,112.0442799,30259297.804085962
1258,0.0,2776.8187240056113,0.0,2776.8187240056263,1000.0,776.8187240056113,1873.3328822015972,110.3222799,30259297.804085962
1259,0.0,4593.255740318961,0.0,4593.2557403189785,1000.0,2593.255740318961,4369.082206684566,112.0442799,30259297.804085962
1260,0.0,3283.1332818721417,0.0,6436.391115539972,1000.0,1283.1332818721417,5603.969677158315,112.4392799,30259297.804085962
1261,0.0,5941.8547870314615,0.0,7330.892764538938,1000.0,3941.854787031462,9397.610724197395,112.4392799,30259297.804085962
1262,0.0,5941.8547870314615,0.0,6748.249487686217,1000.0,3941.854787031462,13191.251771236472,112.4392799,30259297.804085962
1263,0.0,5941.8547870314615,0.0,6672.18112428567,1000.0,3941.854787031462,16984.89281827555,112.4392799,30259297.804085962
1264,0.0,5678.156636363318,0.0,5678.156636363335,1000.0,3678.1566363633183,20524.75076511161,147.0442799,30259297.804085962
1265,0.0,2000.0,0.0,4612.416651212338,1000.0,0.0,20524.75076511161,147.0442799,30259297.804085962
1266,0.0,2897.732270409118,0.0,2897.732270409139,1000.0,897.732270409118,21388.72830215334,152.0442799,30259297.804085962
1267,0.0,1083.24039651836,916.7596034816399,1083.24039651836,1000.0,0.0,20436.151823057702,152.0442799,30259297.804085962
1268,0.0,0.0,2000.0,0.0,1000.0,0.0,18358.013834695274,152.0442799,30259297.804085962
1269,0.0,0.0,2000.0,0.0,1000.0,0.0,16279.875846332847,152.0442799,30259297.804085962
1270,0.0,0.0,2000.0,0.0,1000.0,0.0,14201.73785797042,152.0442799,30259297.804085962
1271,0.0,0.0,1584.3571398795489,0.0,584.3571398795489,0.0,12555.481478211954,112.4392799,30259297.804085962
1272,0.0,0.0,2000.0,0.0,1000.0,0.0,10477.343489849518,112.4392799,30259297.804085962
1273,0.0,0.0,1000.0,0.0,0.0,0.0,9438.274495668304,105.1793032,30259297.804085962
1274,0.0,0.0,1000.0,0.0,0.0,0.0,8399.205501487091,105.1793032,30259297.804085962
1275,0.0,0.0,1000.0,0.0,0.0,0.0,7360.136507305878,102.2523032,30259297.804085962
1276,0.0,0.0,1000.0,0.0,0.0,0.0,6321.067513124664,102.2523032,30259297.804085962
1277,0.0,0.0,1000.0,0.0,0.0,0.0,5281.998518943451,105.1793032,30259297.804085962
1278,0.0,0.0,1000.0,0.0,0.0,0.0,4242.929524762238,105.1793032,30259297.804085962
1279,0.0,0.0,1000.0,0.0,0.0,0.0,3203.8605305810242,105.1793032,30259297.804085962
1280,0.0,0.0,1000.0,0.0,0.0,0.0,2164.7915363998104,105.1793032,30259297.804085962
1281,0.0,0.0,1000.0,0.0,0.0,0.0,1125.7225422185968,105.1793032,30259297.804085962
1282,0.0,2003.8355129175698,0.0,2003.8355129175698,1000.0,3.8355129175697584,1129.4138398504583,105.1793032,30259297.804085962
1283,0.0,3787.3236097233384,0.0,3787.3236097233384,1000.0,1787.3236097233384,2849.534081848222,105.1793032,30259297.804085962
1284,0.0,5164.228128833364,0.0,5164.228128833364,1000.0,3164.2281288333643,5894.787233037408,105.1793032,30259297.804085962
1285,0.0,5362.354593335841,0.0,5362.354593335841,1000.0,3362.354593335841,9130.717293663765,105.1793032,30259297.804085962
1286,0.0,5030.172964008327,0.0,5030.172964008327,1000.0,3030.1729640083267,12046.955754225375,105.1793032,30259297.804085962
1287,0.0,5677.931283741549,0.0,5677.931283741549,1000.0,3677.931283741549,15586.596821698115,107.1353032,30259297.804085962
1288,0.0,4991.868945078728,0.0,4991.868945078728,1000.0,2991.868945078728,18465.971494441852,143.8573032,30259297.804085962
1289,0.0,4185.2311002127035,0.0,4185.2311002127035,1000.0,2185.2311002127035,20569.037905286532,198.8573032,30259297.804085962
1290,0.0,2429.2716064437586,0.0,2429.2716064437586,1000.0,429.2716064437586,20982.168899328215,198.8573032,30259297.804085962
1291,0.0,960.2453130179387,1039.7546869820612,960.2453130179387,1000.0,0.0,19901.79204253047,458.8573032,30259297.804085962
1292,0.0,0.0,2000.0,0.0,1000.0,0.0,17823.654054168044,198.8573032,30259297.804085962
1293,0.0,0.0,2000.0,0.0,1000.0,0.0,15745.516065805616,198.8573032,30259297.804085962
1294,0.0,0.0,2000.0,0.0,1000.0,0.0,13667.378077443189,118.8573032,30259297.804085962
1295,0.0,0.0,2000.0,0.0,1000.0,0.0,11589.240089080762,107.1353032,30259297.804085962
1296,0.0,0.0,1070.5162706000265,0.0,70.51627060002647,0.0,10476.89982453381,105.1793032,30259297.804085962
1297,0.0,0.0,1000.0,0.0,0.0,0.0,9437.830830352596,103.5533748,30259297.804085962
1298,0.0,0.0,1000.0,0.0,0.0,0.0,8398.761836171383,103.5533748,30259297.804085962
1299,0.0,0.0,1000.0,0.0,0.0,0.0,7359.692841990169,103.5533748,30259297.804085962
1300,0.0,0.0,1000.0,0.0,0.0,0.0,6320.623847808955,103.5533748,30259297.804085962
1301,0.0,0.0,1000.0,0.0,0.0,0.0,5281.554853627742,103.5533748,30259297.804085962
1302,0.0,0.0,1000.0,0.0,0.0,0.0,4242.485859446528,104.2313748,30259297.804085962
1303,0.0,0.0,1000.0,0.0,0.0,0.0,3203.4168652653143,104.2313748,30259297.804085962
1304,0.0,0.0,1000.0,0.0,0.0,0.0,2164.347871084101,104.2313748,30259297.804085962
1305,0.0,0.4269834998389419,999.5730165001611,0.4269834998389419,0.0,0.0,1125.7225422185968,103.5533748,30259297.804085962
1306,0.0,2783.4903559793656,0.0,2783.4903559793756,1000.0,783.4903559793656,1879.7536608131381,103.5533748,30259297.804085962
1307,0.0,4681.172919220392,0.0,4681.17291922039,1000.0,2681.172919220392,4460.114478270843,104.2313748,30259297.804085962
1308,0.0,2739.369247783714,0.0,5580.851751746472,1000.0,739.3692477837138,5171.68344233789,104.2313748,30259297.804085962
1309,0.0,5941.8547870314615,0.0,6591.220231522217,1000.0,3941.854787031462,8965.32448937697,104.2313748,30259297.804085962
1310,0.0,5941.8547870314615,0.0,6950.8711510765,1000.0,3941.854787031462,12758.96553641605,105.5093748,30259297.804085962
1311,0.0,5941.8547870314615,0.0,6552.637485202361,1000.0,3941.854787031462,16552.60658345513,117.3423748,30259297.804085962
1312,0.0,5876.686369382481,0.0,5876.686369382496,1000.0,3876.6863693824807,20283.52954534883,117.3423748,30259297.804085962
1313,0.0,2000.0,0.0,4959.1750233303255,1000.0,0.0,20283.52954534883,142.2313748,30259297.804085962
1314,0.0,3148.3777606031967,0.0,3148.377760603198,1000.0,1148.3777606031967,21388.72830215334,205.2313748,30259297.804085962
1315,0.0,1003.483359995747,996.516640004253,1003.483359995747,1000.0,0.0,20353.27875933928,205.2313748,30259297.804085962
1316,0.0,0.0,2000.0,0.0,1000.0,0.0,18275.140770976854,205.2313748,30259297.804085962
1317,0.0,0.0,2000.0,0.0,1000.0,0.0,16197.002782614425,205.2313748,30259297.804085962
1318,0.0,0.0,1507.0196806541592,0.0,507.01968065415923,0.0,14631.105358825811,117.3423748,30259297.804085962
1319,0.0,0.0,2000.0,0.0,1000.0,0.0,12552.967370463382,117.3423748,30259297.804085962
1320,0.0,0.0,2000.0,0.0,1000.0,0.0,10474.829382100954,117.3423748,30259297.804085962
1321,0.0,0.0,1000.0,0.0,0.0,0.0,9435.760387919741,106.3411369,30259297.804085962
1322,0.0,0.0,1000.0,0.0,0.0,0.0,8396.691393738527,106.3411369,30259297.804085962
1323,0.0,0.0,1000.0,0.0,0.0,0.0,7357.622399557314,106.3411369,30259297.804085962
1324,0.0,0.0,1000.0,0.0,0.0,0.0,6318.5534053761,106.3411369,30259297.804085962
1325,0.0,0.0,1000.0,0.0,0.0,0.0,5279.484411194887,106.3411369,30259297.804085962
1326,0.0,0.0,1000.0,0.0,0.0,0.0,4240.4154170136735,106.3411369,30259297.804085962
1327,0.0,0.0,1000.0,0.0,0.0,0.0,3201.346422832459,106.3411369,30259297.804085962
1328,0.0,0.0,1000.0,0.0,0.0,0.0,2162.277428651246,106.3421369,30259297.804085962
1329,0.0,2.419577297218737,997.5804227027812,2.419577297218737,0.0,0.0,1125.7225422185968,106.3411369,30259297.804085962
1330,0.0,2087.9928523389453,0.0,2087.992852338955,1000.0,87.99285233894511,1210.4068633095976,106.3411369,30259297.804085962
1331,0.0,3718.6147784421673,0.0,3718.6147784421723,1000.0,1718.6147784421673,2864.401726082339,108.2981369,30259297.804085962
1332,0.0,5076.85061312297,0.0,5076.850613122974,1000.0,3076.8506131229697,5825.562756151885,109.1311369,30259297.804085962
1333,0.0,4574.411139904332,0.0,5862.7915999637025,1000.0,2574.4111399043322,8303.176037195815,109.1311369,30259297.804085962
1334,0.0,5941.8547870314615,0.0,5957.878541541689,1000.0,3941.854787031462,12096.817084234892,109.1311369,30259297.804085962
1335,0.0,5622.5657051402495,0.0,5622.56570514025,1000.0,3622.5657051402495,15583.174318861868,109.1311369,30259297.804085962
1336,0.0,5171.042070987744,0.0,5171.042070987771,1000.0,3171.0420709877444,18634.985207980473,109.1311369,30259297.804085962
1337,0.0,4166.580207372949,0.0,4166.580207372968,1000.0,2166.580207372949,20720.1019995562,109.1311369,30259297.804085962
1338,0.0,2694.748859722719,0.0,2694.748859722735,1000.0,694.7488597227189,21388.72830215334,118.0201369,30259297.804085962
1339,0.0,1107.3768566804936,892.6231433195064,1107.3768566804936,1000.0,0.0,20461.231270441465,175.0201369,30259297.804085962
1340,0.0,0.0,2000.0,0.0,1000.0,0.0,18383.09328207904,140.0201369,30259297.804085962
1341,0.0,0.0,2000.0,0.0,1000.0,0.0,16304.95529371661,140.0201369,30259297.804085962
1342,0.0,0.0,2000.0,0.0,1000.0,0.0,14226.817305354183,118.0201369,30259297.804085962
1343,0.0,0.0,2000.0,0.0,1000.0,0.0,12148.679316991755,109.1311369,30259297.804085962
1344,0.0,0.0,1614.4595177450515,0.0,614.4595177450515,0.0,10471.144489742115,109.1311369,30259297.804085962
1345,0.0,0.0,1000.0,0.0,0.0,0.0,9432.0754955609,103.5328106,30259297.804085962
1346,0.0,0.0,1000.0,0.0,0.0,0.0,8393.006501379688,103.5328106,30259297.804085962
1347,0.0,0.0,1000.0,0.0,0.0,0.0,7353.937507198474,103.5328106,30259297.804085962
1348,0.0,0.0,1000.0,0.0,0.0,0.0,6314.868513017261,103.5328106,30259297.804085962
1349,0.0,0.0,1000.0,0.0,0.0,0.0,5275.799518836047,103.5328106,30259297.804085962
1350,0.0,0.0,1000.0,0.0,0.0,0.0,4236.730524654833,103.5318106,30259297.804085962
1351,0.0,0.0,1000.0,0.0,0.0,0.0,3197.6615304736197,100.6068106,30259297.804085962
1352,0.0,0.0,1000.0,0.0,0.0,0.0,2158.5925362924063,100.6058106,30259297.804085962
1353,0.0,5.965917703365483,994.0340822966346,5.965917703365483,0.0,0.0,1125.7225422185968,100.6058106,30259297.804085962
1354,0.0,2599.134119769254,0.0,2599.134119769263,1000.0,599.1341197692541,1702.3292190845268,100.6058106,30259297.804085962
1355,0.0,4765.674225616008,0.0,4765.674225616038,1000.0,2765.674225616008,4364.014093817373,100.6058106,30259297.804085962
1356,0.0,2000.0,0.0,5886.014784823155,1000.0,0.0,4364.014093817373,100.6058106,30259297.804085962
1357,0.0,5941.8547870314615,0.0,7174.652231283555,1000.0,3941.854787031462,8157.655140856452,100.6058106,30259297.804085962
1358,0.0,5941.8547870314615,0.0,6684.456915399032,1000.0,3941.854787031462,11951.296187895528,100.6068106,30259297.804085962
1359,0.0,5941.8547870314615,0.0,7013.536971522387,1000.0,3941.854787031462,15744.937234934609,103.5318106,30259297.804085962
1360,0.0,5941.8547870314615,0.0,6427.999693765435,1000.0,3941.854787031462,19538.57828197369,103.5328106,30259297.804085962
1361,0.0,2527.7334907896866,0.0,5314.063892689715,1000.0,527.7334907896866,20046.468993509683,103.5328106,30259297.804085962
1362,0.0,3394.700029762741,0.0,3394.700029762766,1000.0,1394.700029762741,21388.72830215334,103.9218106,30259297.804085962
1363,0.0,1210.7069605431448,789.2930394568552,1210.7069605431448,1000.0,0.0,20568.59837753067,105.4888106,30259297.804085962
1364,0.0,0.0,2000.0,0.0,1000.0,0.0,18490.46038916824,105.4888106,30259297.804085962
1365,0.0,0.0,1722.2966740434135,0.0,722.2966740434135,0.0,16700.8753163883,103.9218106,30259297.804085962
1366,0.0,0.0,2000.0,0.0,1000.0,0.0,14622.737328025873,103.9218106,30259297.804085962
1367,0.0,0.0,2000.0,0.0,1000.0,0.0,12544.599339663444,103.9218106,30259297.804085962
1368,0.0,0.0,1000.0,0.0,0.0,0.0,11505.53034548223,103.5328106,30259297.804085962
1369,0.0,0.0,1000.0,0.0,0.0,0.0,10466.461351301017,103.1955285,30259297.804085962
1370,0.0,0.0,1000.0,0.0,0.0,0.0,9427.392357119803,103.1955285,30259297.804085962
1371,0.0,0.0,1000.0,0.0,0.0,0.0,8388.32336293859,103.1955285,30259297.804085962
1372,0.0,0.0,1000.0,0.0,0.0,0.0,7349.254368757377,103.1955285,30259297.804085962
1373,0.0,0.0,1000.0,0.0,0.0,0.0,6310.185374576164,103.1955285,30259297.804085962
1374,0.0,0.0,1000.0,0.0,0.0,0.0,5271.116380394949,103.1955285,30259297.804085962
1375,0.0,0.0,1000.0,0.0,0.0,0.0,4232.047386213736,103.1955285,30259297.804085962
1376,0.0,0.0,1000.0,0.0,0.0,0.0,3192.9783920325226,103.1955285,30259297.804085962
1377,0.0,10.472970139077516,1989.5270298609225,10.472970139077516,1000.0,0.0,1125.7225422185968,106.1225285,30259297.804085962
1378,0.0,2036.9267651410646,0.0,2036.9267651410732,1000.0,36.92676514106449,1161.2608609903573,106.1215285,30259297.804085962
1379,0.0,2000.0,0.0,3808.038259338123,1000.0,0.0,1161.2608609903568,103.1955285,30259297.804085962
1380,0.0,5141.2184317801475,0.0,5141.218431780158,1000.0,3141.2184317801475,4184.369479735571,103.1955285,30259297.804085962
1381,0.0,5286.079237850482,0.0,5838.8212021485615,1000.0,3286.079237850482,7346.892138242875,103.1955285,30259297.804085962
1382,0.0,5332.151403974968,0.0,5332.151403974985,1000.0,3332.151403974968,10553.754649428382,103.1955285,30259297.804085962
1383,0.0,5941.8547870314615,0.0,6371.738631450947,1000.0,3941.854787031462,14347.39569646746,106.1215285,30259297.804085962
1384,0.0,5757.1783134781645,0.0,5757.178313478168,1000.0,3757.1783134781645,17963.304105358846,106.1225285,30259297.804085962
1385,0.0,4366.088444011169,0.0,4366.088444011186,1000.0,2366.0884440111686,20240.427623875195,106.8005285,30259297.804085962
1386,0.0,3193.1636307960803,0.0,3193.1636307961094,1000.0,1193.1636307960803,21388.72830215334,108.0785285,30259297.804085962
1387,0.0,1234.3571210150958,765.6428789849042,1234.3571210150958,1000.0,0.0,20593.172525984486,108.0795285,30259297.804085962
1388,0.0,0.0,2000.0,0.0,1000.0,0.0,18515.034537622058,108.0795285,30259297.804085962
1389,0.0,0.0,2000.0,0.0,1000.0,0.0,16436.896549259633,108.0795285,30259297.804085962
1390,0.0,0.0,1000.0,0.0,0.0,0.0,15397.827555078418,106.8005285,30259297.804085962
1391,0.0,0.0,1000.0,0.0,0.0,0.0,14358.758560897204,106.1215285,30259297.804085962
1392,0.0,0.0,1000.0,0.0,0.0,0.0,13319.68956671599,103.1955285,30259297.804085962
1393,0.0,0.0,1000.0,0.0,0.0,0.0,12280.620572534775,107.6767531,30259297.804085962
1394,0.0,0.0,1000.0,0.0,0.0,0.0,11241.551578353563,107.6767531,30259297.804085962
1395,0.0,0.0,1000.0,0.0,0.0,0.0,10202.482584172349,107.6767531,30259297.804085962
1396,0.0,0.0,1000.0,0.0,0.0,0.0,9163.413589991134,107.6767531,30259297.804085962
1397,0.0,0.0,1000.0,0.0,0.0,0.0,8124.344595809922,107.6767531,30259297.804085962
1398,0.0,0.0,2000.0,0.0,1000.0,0.0,6046.206607447494,110.6027531,30259297.804085962
1399,0.0,0.0,1000.0,0.0,0.0,0.0,5007.137613266281,107.6767531,30259297.804085962
1400,0.0,0.0,1756.5324696977113,0.0,756.5324696977113,0.0,3181.9791867308404,107.6777531,30259297.804085962
1401,0.0,21.05860532141674,1978.9413946785833,21.05860532141674,1000.0,0.0,1125.7225422185968,110.6027531,30259297.804085962
1402,0.0,2347.5338443195637,0.0,2347.533844319592,1000.0,347.53384431956374,1460.189113991745,107.6767531,30259297.804085962
1403,0.0,4224.1162922862395,0.0,4224.116292286257,1000.0,2224.1162922862395,3600.6786336880223,110.6027531,30259297.804085962
1404,0.0,4294.978407237391,0.0,5937.911116150221,1000.0,2294.978407237391,5809.365852813287,111.2817531,30259297.804085962
1405,0.0,5941.8547870314615,0.0,6858.8857714350415,1000.0,3941.854787031462,9603.006899852367,111.2817531,30259297.804085962
1406,0.0,5644.923051423898,0.0,5644.923051423912,1000.0,3644.923051423898,13110.880844542724,112.1927531,30259297.804085962
1407,0.0,5941.8547870314615,0.0,6025.697827151249,1000.0,3941.854787031462,16904.521891581804,112.1927531,30259297.804085962
1408,0.0,5681.080293672595,0.0,5681.080293672594,1000.0,3681.080293672595,20447.19356621231,112.1927531,30259297.804085962
1409,0.0,2000.0,0.0,4623.085317568175,1000.0,0.0,20447.19356621231,112.5597531,30259297.804085962
1410,0.0,2978.3195510609235,0.0,2978.319551060934,1000.0,978.3195510609235,21388.72830215334,112.5607531,30259297.804085962
1411,0.0,1157.0433801531447,842.9566198468553,1157.0433801531447,1000.0,0.0,20512.83821503067,828.6327531,30259297.804085962
1412,0.0,0.0,2000.0,0.0,1000.0,0.0,18434.700226668243,464.2817531,30259297.804085962
1413,0.0,0.0,2000.0,0.0,1000.0,0.0,16356.562238305814,464.2817531,30259297.804085962
1414,0.0,0.0,2000.0,0.0,1000.0,0.0,14278.424249943388,112.5607531,30259297.804085962
1415,0.0,0.0,2000.0,0.0,1000.0,0.0,12200.28626158096,112.1927531,30259297.804085962
1416,0.0,0.0,1685.5582586507844,0.0,685.5582586507844,0.0,10448.874937130857,111.2817531,30259297.804085962
1417,0.0,0.0,1000.0,0.0,0.0,0.0,9409.805942949642,102.7317761,30259297.804085962
1418,0.0,0.0,1000.0,0.0,0.0,0.0,8370.73694876843,102.7317761,30259297.804085962
1419,0.0,0.0,1000.0,0.0,0.0,0.0,7331.667954587216,102.7317761,30259297.804085962
1420,0.0,0.0,1000.0,0.0,0.0,0.0,6292.598960406002,102.7317761,30259297.804085962
1421,0.0,0.0,1000.0,0.0,0.0,0.0,5253.529966224789,102.7317761,30259297.804085962
1422,0.0,0.0,1000.0,0.0,0.0,0.0,4214.460972043575,102.7317761,30259297.804085962
1423,0.0,0.0,1000.0,0.0,0.0,0.0,3175.3919778623613,102.7317761,30259297.804085962
1424,0.0,0.0,1000.0,0.0,0.0,0.0,2136.322983681148,102.7317761,30259297.804085962
1425,0.0,27.398135136440576,972.6018648635594,27.398135136440576,0.0,0.0,1125.7225422185968,103.2217761,30259297.804085962
1426,0.0,1957.8220681203743,0.0,1957.8220681203743,957.8220681203675,0.0,1125.7225422185968,103.2217761,30259297.804085962
1427,0.0,3775.747594838759,0.0,3775.7475948387755,1000.0,1775.7475948387591,2834.7020274914184,103.2217761,30259297.804085962
1428,0.0,5070.018868111403,0.0,5070.018868111445,1000.0,3070.018868111403,5789.288186161833,103.2217761,30259297.804085962
1429,0.0,5799.603907916247,0.0,5799.603907916283,1000.0,3799.603907916247,9446.02698714043,103.2217761,30259297.804085962
1430,0.0,4297.729506478225,0.0,4297.729506478236,1000.0,2297.7295064782243,11657.361864175073,103.2217761,30259297.804085962
1431,0.0,5854.447626183659,0.0,5854.447626183683,1000.0,3854.4476261836585,15366.882259614225,103.2217761,30259297.804085962
1432,0.0,5502.209613517242,0.0,5502.20961351725,1000.0,3502.2096135172424,18737.40879166322,103.2217761,30259297.804085962
1433,0.0,4037.6785077115837,0.0,4037.6785077116047,1000.0,2037.6785077115837,20698.470587484848,103.4107761,30259297.804085962
1434,0.0,2717.2253893064153,0.0,2851.9975530021984,1000.0,717.2253893064153,21388.72830215334,104.6887761,30259297.804085962
1435,0.0,1016.7673111331917,983.2326888668083,1016.7673111331917,1000.0,0.0,20367.08170108642,436.4107761,30259297.804085962
1436,0.0,0.0,2000.0,0.0,1000.0,0.0,18288.943712723994,116.4107761,30259297.804085962
1437,0.0,0.0,1000.0,0.0,0.0,0.0,17249.87471854278,104.6887761,30259297.804085962
1438,0.0,0.0,1000.0,0.0,0.0,0.0,16210.805724361564,103.4107761,30259297.804085962
1439,0.0,0.0,1000.0,0.0,0.0,0.0,15171.73673018035,103.2217761,30259297.804085962
1440,0.0,0.0,1000.0,0.0,0.0,0.0,14132.667735999137,102.7317761,30259297.804085962
1441,0.0,0.0,1000.0,0.0,0.0,0.0,13093.598741817923,103.2481194,30259297.804085962
1442,0.0,0.0,1000.0,0.0,0.0,0.0,12054.52974763671,103.2481194,30259297.804085962
1443,0.0,0.0,1000.0,0.0,0.0,0.0,11015.460753455496,103.2481194,30259297.804085962
1444,0.0,0.0,1558.0442691667458,0.0,558.044269166746,0.0,9396.545261802603,105.2431194,30259297.804085962
1445,0.0,0.0,2000.0,0.0,1000.0,0.0,7318.407273440174,105.2431194,30259297.804085962
1446,0.0,0.0,2000.0,0.0,1000.0,0.0,5240.269285077747,105.2431194,30259297.804085962
1447,0.0,0.0,1000.0,0.0,0.0,0.0,4201.200290896533,105.2431194,30259297.804085962
1448,0.0,0.0,1000.0,0.0,0.0,0.0,3162.1312967153194,105.2431194,30259297.804085962
1449,0.0,40.160214672354044,1959.8397853276458,40.160214672354044,1000.0,0.0,1125.7225422185968,105.2431194,30259297.804085962
1450,0.0,2183.8270294078875,0.0,2183.8270294078893,1000.0,183.8270294078875,1302.6376753207478,105.2431194,30259297.804085962
1451,0.0,3888.4950720895395,0.0,3888.4950720895367,1000.0,1888.4950720895395,3120.12533269972,105.2431194,30259297.804085962
1452,0.0,4572.511445566779,0.0,4572.511445566797,1000.0,2572.511445566779,5595.910347913188,105.2431194,30259297.804085962
1453,0.0,4832.647430345861,0.0,6122.3444454922455,1000.0,2832.647430345861,8322.050234878045,105.2431194,30259297.804085962
1454,0.0,5090.792819268625,0.0,5090.792819268654,1000.0,3090.7928192686245,11296.629244142165,105.2431194,30259297.804085962
1455,0.0,5941.8547870314615,0.0,5976.321873349129,1000.0,3941.854787031462,15090.270291181245,106.1741194,30259297.804085962
1456,0.0,5181.692957021728,0.0,5181.692957021748,1000.0,3181.692957021728,18152.331593018956,106.1751194,30259297.804085962
1457,0.0,4438.764664537053,0.0,4438.764664537042,1000.0,2438.7646645370532,20499.398706169417,108.1311194,30259297.804085962
1458,0.0,2924.0748087946026,0.0,2924.074808794611,1000.0,924.0748087946026,21388.72830215334,108.1311194,30259297.804085962
1459,0.0,1027.0682921513223,972.9317078486777,1027.0682921513223,1000.0,0.0,20377.785131072,119.8531194,30259297.804085962
1460,0.0,0.0,2000.0,0.0,1000.0,0.0,18299.647142709575,119.8531194,30259297.804085962
1461,0.0,0.0,2000.0,0.0,1000.0,0.0,16221.509154347146,119.8531194,30259297.804085962
1462,0.0,0.0,2000.0,0.0,1000.0,0.0,14143.37116598472,106.8531194,30259297.804085962
1463,0.0,0.0,2000.0,0.0,1000.0,0.0,12065.233177622293,106.1741194,30259297.804085962
1464,0.0,0.0,1679.8354851586919,0.0,679.8354851586919,0.0,10319.768209668542,105.2431194,30259297.804085962
1465,0.0,0.0,1000.0,0.0,0.0,0.0,9280.69921548733,104.2316176,30259297.804085962
1466,0.0,0.0,1000.0,0.0,0.0,0.0,8241.630221306114,104.2316176,30259297.804085962
1467,0.0,0.0,1000.0,0.0,0.0,0.0,7202.561227124901,104.2316176,30259297.804085962
1468,0.0,0.0,1000.0,0.0,0.0,0.0,6163.492232943688,101.7666176,30259297.804085962
1469,0.0,0.0,1000.0,0.0,0.0,0.0,5124.423238762474,104.2316176,30259297.804085962
1470,0.0,0.0,1000.0,0.0,0.0,0.0,4085.3542445812604,104.2316176,30259297.804085962
1471,0.0,0.0,1000.0,0.0,0.0,0.0,3046.2852504000466,104.2316176,30259297.804085962
1472,0.0,0.0,1000.0,0.0,0.0,0.0,2007.2162562188332,104.2316176,30259297.804085962
1473,0.0,151.65044964617292,848.3495503538271,151.65044964617292,0.0,0.0,1125.7225422185968,104.2316176,30259297.804085962
1474,0.0,2058.103984814967,0.0,2058.103984814967,1000.0,58.103984814967134,1181.6418172045087,104.2316176,30259297.804085962
1475,0.0,3400.6007191497556,0.0,3400.6007191497556,1000.0,1400.6007191497556,2529.5799493142404,104.2316176,30259297.804085962
1476,0.0,4344.442727504232,0.0,4344.442727504232,1000.0,2344.4427275042317,4785.8716302642715,104.2316176,30259297.804085962
1477,0.0,4791.6372138482675,0.0,4791.6372138482675,1000.0,2791.6372138482675,7472.543284871848,104.2316176,30259297.804085962
1478,0.0,3991.5820317409116,0.0,3991.5820317409116,1000.0,1991.5820317409116,9389.241832219297,104.2316176,30259297.804085962
1479,0.0,5424.302834695807,0.0,5424.302834695807,1000.0,3424.302834695807,12684.790880330489,104.2316176,30259297.804085962
1480,0.0,4908.535923012572,0.0,4908.535923012572,1000.0,2908.5359230125723,15483.965852638055,104.6926176,30259297.804085962
1481,0.0,4180.006479958702,0.0,4180.006479958702,1000.0,2180.0064799587017,17582.004088950343,104.6936176,30259297.804085962
1482,0.0,2469.3606547581526,0.0,2469.3606547581526,1000.0,469.3606547581526,18033.716783089796,104.6936176,30259297.804085962
1483,0.0,1016.0793884522978,983.9206115477022,1016.0793884522978,1000.0,0.0,17011.355382894864,106.6496176,30259297.804085962
1484,0.0,0.0,2000.0,0.0,1000.0,0.0,14933.217394532438,105.3716176,30259297.804085962
1485,0.0,0.0,1503.313520276237,0.0,503.31352027623717,0.0,13371.170927079871,104.6936176,30259297.804085962
1486,0.0,0.0,1000.0,0.0,0.0,0.0,12332.101932898655,104.6936176,30259297.804085962
1487,0.0,0.0,1000.0,0.0,0.0,0.0,11293.032938717442,104.6926176,30259297.804085962
1488,0.0,0.0,1000.0,0.0,0.0,0.0,10253.96394453623,104.2316176,30259297.804085962
1489,0.0,0.0,1000.0,0.0,0.0,0.0,9214.894950355014,98.22275314,30259297.804085962
1490,0.0,0.0,1000.0,0.0,0.0,0.0,8175.825956173801,98.22275314,30259297.804085962
1491,0.0,0.0,1000.0,0.0,0.0,0.0,7136.756961992588,98.22275314,30259297.804085962
1492,0.0,0.0,1000.0,0.0,0.0,0.0,6097.687967811375,98.22275314,30259297.804085962
1493,0.0,0.0,1000.0,0.0,0.0,0.0,5058.618973630161,98.22275314,30259297.804085962
1494,0.0,0.0,1000.0,0.0,0.0,0.0,4019.5499794489474,98.22275314,30259297.804085962
1495,0.0,0.0,1000.0,0.0,0.0,0.0,2980.4809852677336,98.22275314,30259297.804085962
1496,0.0,0.0,1000.0,0.0,0.0,0.0,1941.4119910865202,98.22275314,30259297.804085962
1497,0.0,214.980474409511,785.019525590489,214.980474409511,0.0,0.0,1125.7225422185968,98.22275314,30259297.804085962
1498,0.0,2090.1752234664646,0.0,2090.1752234664823,1000.0,90.17522346646479,1212.5071772827225,98.22275314,30259297.804085962
1499,0.0,3446.788130442222,0.0,3781.642346184181,1000.0,1446.7881304422222,2604.896074020316,98.22275314,30259297.804085962
1500,0.0,4953.920757938882,0.0,4953.920757938928,1000.0,2953.9207579388817,5447.749411460696,98.22275314,30259297.804085962
1501,0.0,5730.9603162190915,0.0,5730.960316219126,1000.0,3730.9603162190915,9038.42561978995,98.22275314,30259297.804085962
1502,0.0,4988.06168013942,0.0,4988.061680139446,1000.0,2988.06168013942,11914.136180756126,98.22275314,30259297.804085962
1503,0.0,5941.8547870314615,0.0,6153.08728677649,1000.0,3941.854787031462,15707.777227795206,98.22275314,30259297.804085962
1504,0.0,5367.810492985548,0.0,5367.810492985582,1000.0,3367.810492985548,18948.958046244497,98.22275314,30259297.804085962
1505,0.0,3922.4758699846134,0.0,3922.475869984645,1000.0,1922.4758699846134,20799.148823517688,101.1497531,30259297.804085962
1506,0.0,2612.613755855834,0.0,2612.6137558558353,1000.0,612.6137558558339,21388.72830215334,106.2457531,30259297.804085962
1507,0.0,1021.5352993696692,978.4647006303308,1021.5352993696692,1000.0,0.0,20372.035969827553,793.3737531,30259297.804085962
1508,0.0,0.0,2000.0,0.0,1000.0,0.0,18293.89798146513,793.3737531,30259297.804085962
1509,0.0,0.0,2000.0,0.0,1000.0,0.0,16215.7599931027,101.1507531,30259297.804085962
1510,0.0,0.0,1818.575618314325,0.0,818.5756183143251,0.0,14326.134454538354,101.1497531,30259297.804085962
1511,0.0,0.0,2000.0,0.0,1000.0,0.0,12247.996466175917,101.1497531,30259297.804085962
1512,0.0,0.0,1000.0,0.0,0.0,0.0,11208.927471994703,98.22275314,30259297.804085962
1513,0.0,0.0,2000.0,0.0,1000.0,0.0,9130.789483632276,101.2304039,30259297.804085962
1514,0.0,0.0,1000.0,0.0,0.0,0.0,8091.720489451062,100.8154039,30259297.804085962
1515,0.0,0.0,1000.0,0.0,0.0,0.0,7052.651495269849,100.8154039,30259297.804085962
1516,0.0,0.0,1000.0,0.0,0.0,0.0,6013.582501088636,100.8154039,30259297.804085962
1517,0.0,0.0,1000.0,0.0,0.0,0.0,4974.513506907422,100.8154039,30259297.804085962
1518,0.0,0.0,1000.0,0.0,0.0,0.0,3935.4445127262084,100.8154039,30259297.804085962
1519,0.0,0.0,1000.0,0.0,0.0,0.0,2896.3755185449945,97.88740393,30259297.804085962
1520,0.0,0.0,1000.0,0.0,0.0,0.0,1857.3065243637811,97.88740393,30259297.804085962
1521,0.0,295.92357558347487,704.0764244165251,295.92357558347487,0.0,0.0,1125.7225422185968,97.88740393,30259297.804085962
1522,0.0,2472.2250105249964,0.0,2472.2250105249896,1000.0,472.2250105249964,1580.1918923478534,97.88740393,30259297.804085962
1523,0.0,4196.777458692208,0.0,4196.77745869224,1000.0,2196.777458692208,3694.3705185932345,97.88740393,30259297.804085962
1524,0.0,5071.465868563566,0.0,5071.465868563562,1000.0,3071.465868563566,6650.34927049881,97.88740393,30259297.804085962
1525,0.0,5492.075241258312,0.0,5650.657689731538,1000.0,3492.0752412583124,10011.12248268581,97.88740393,30259297.804085962
1526,0.0,5140.483072372382,0.0,5140.483072372379,1000.0,3140.4830723723817,13033.523391536992,100.8154039,30259297.804085962
1527,0.0,5915.405510376691,0.0,5915.405510376687,1000.0,3915.405510376691,16801.70965472352,101.2304039,30259297.804085962
1528,0.0,5324.780007040036,0.0,5324.780007040068,1000.0,3324.7800070400363,20001.47793349885,101.2304039,30259297.804085962
1529,0.0,3441.4488452353444,0.0,3441.4488452353726,1000.0,1441.4488452353444,21388.728302153344,104.2304039,30259297.804085962
1530,0.0,2000.0,0.0,2480.69352543144,1000.0,0.0,21388.72830215334,104.2304039,30259297.804085962
1531,0.0,1129.1589678617838,870.8410321382162,1129.1589678617838,1000.0,0.0,20483.864386797744,115.2304039,30259297.804085962
1532,0.0,0.0,2000.0,0.0,1000.0,0.0,18405.726398435316,115.2304039,30259297.804085962
1533,0.0,0.0,2000.0,0.0,1000.0,0.0,16327.588410072887,115.2304039,30259297.804085962
1534,0.0,0.0,2000.0,0.0,1000.0,0.0,14249.45042171046,115.2304039,30259297.804085962
1535,0.0,0.0,2000.0,0.0,1000.0,0.0,12171.312433348034,106.4214039,30259297.804085962
1536,0.0,0.0,1940.72860413765,0.0,940.7286041376501,0.0,10154.761514668004,104.2304039,30259297.804085962
1537,0.0,0.0,1000.0,0.0,0.0,0.0,9115.692520486791,98.27138836,30259297.804085962
1538,0.0,0.0,1000.0,0.0,0.0,0.0,8076.623526305576,98.27138836,30259297.804085962
1539,0.0,0.0,1000.0,0.0,0.0,0.0,7037.554532124363,98.27138836,30259297.804085962
1540,0.0,0.0,1000.0,0.0,0.0,0.0,5998.485537943149,98.27138836,30259297.804085962
1541,0.0,0.0,1000.0,0.0,0.0,0.0,4959.416543761936,98.27138836,30259297.804085962
1542,0.0,0.0,1000.0,0.0,0.0,0.0,3920.347549580722,98.27138836,30259297.804085962
1543,0.0,0.0,1000.0,0.0,0.0,0.0,2881.278555399508,98.27138836,30259297.804085962
1544,0.0,0.0,1000.0,0.0,0.0,0.0,1842.2095612182948,98.27138836,30259297.804085962
1545,0.0,310.4528929146933,689.5471070853067,310.4528929146933,0.0,0.0,1125.7225422185968,98.27138836,30259297.804085962
1546,0.0,2351.204714584526,0.0,2351.2047145845377,1000.0,351.20471458452585,1463.7219595347444,98.27138836,30259297.804085962
1547,0.0,3675.264043885848,0.0,3675.2640438858402,1000.0,1675.264043885848,3075.996075370484,98.27138836,30259297.804085962
1548,0.0,4753.5289024030635,0.0,4753.528902403058,1000.0,2753.5289024030635,5725.992291043192,98.27138836,30259297.804085962
1549,0.0,5744.8023023521955,0.0,5849.513586867841,1000.0,3744.8023023521955,9329.990026826945,98.27138836,30259297.804085962
1550,0.0,5466.485296190276,0.0,5466.485296190279,1000.0,3466.4852961902757,12666.135475880466,100.1143884,30259297.804085962
1551,0.0,5482.461602705967,0.0,5482.461602705983,1000.0,3482.461602705967,16017.656522324689,100.1143884,30259297.804085962
1552,0.0,5313.334460055831,0.0,5313.3344600558885,1000.0,3313.334460055831,19206.40960668242,101.1993884,30259297.804085962
1553,0.0,4267.579691885831,0.0,4267.5796918858505,1000.0,2267.5796918858314,21388.728302153344,110.6143884,30259297.804085962
1554,0.0,2000.0,0.0,2987.7309864074596,1000.0,0.0,21388.72830215334,115.6143884,30259297.804085962
1555,0.0,1236.4861173741533,763.5138826258467,1236.4861173741533,1000.0,0.0,20595.384700089908,116.6143884,30259297.804085962
1556,0.0,0.0,2000.0,0.0,1000.0,0.0,18517.24671172748,116.6143884,30259297.804085962
1557,0.0,0.0,2000.0,0.0,1000.0,0.0,16439.108723365054,116.6143884,30259297.804085962
1558,0.0,0.0,2000.0,0.0,1000.0,0.0,14360.970735002626,116.6143884,30259297.804085962
1559,0.0,0.0,2000.0,0.0,1000.0,0.0,12282.832746640199,110.6143884,30259297.804085962
1560,0.0,0.0,1000.0,0.0,0.0,0.0,11243.763752458985,101.1993884,30259297.804085962
1561,0.0,0.0,1000.0,0.0,0.0,0.0,10204.694758277772,99.32829297,30259297.804085962
1562,0.0,0.0,1000.0,0.0,0.0,0.0,9165.625764096558,99.32829297,30259297.804085962
1563,0.0,0.0,1000.0,0.0,0.0,0.0,8126.556769915344,99.32829297,30259297.804085962
1564,0.0,0.0,1000.0,0.0,0.0,0.0,7087.487775734131,99.32829297,30259297.804085962
1565,0.0,0.0,1000.0,0.0,0.0,0.0,6048.418781552917,99.32829297,30259297.804085962
1566,0.0,0.0,1000.0,0.0,0.0,0.0,5009.349787371703,101.671293,30259297.804085962
1567,0.0,0.0,1000.0,0.0,0.0,0.0,3970.28079319049,101.671293,30259297.804085962
1568,0.0,0.0,1065.9119742719486,0.0,65.91197427194857,0.0,2862.72471019803,102.256293,30259297.804085962
1569,0.0,328.3091135365946,1671.6908864634054,328.3091135365946,1000.0,0.0,1125.7225422185968,111.671293,30259297.804085962
1570,0.0,2564.133297034515,0.0,2564.133297034535,1000.0,564.1332970345152,1668.6444272846143,111.671293,30259297.804085962
1571,0.0,4416.377661848338,0.0,4416.377661848355,1000.0,2416.377661848338,3994.166289047455,116.671293,30259297.804085962
1572,0.0,3342.614497940365,0.0,6097.454845600474,1000.0,1342.6144979403648,5286.298481865262,121.671293,30259297.804085962
1573,0.0,5941.8547870314615,0.0,6438.122770156296,1000.0,3941.854787031462,9079.939528904342,111.671293,30259297.804085962
1574,0.0,5941.8547870314615,0.0,6744.643845737648,1000.0,3941.854787031462,12873.580575943419,116.671293,30259297.804085962
1575,0.0,5941.8547870314615,0.0,6807.309666183535,1000.0,3941.854787031462,16667.2216229825,122.671293,30259297.804085962
1576,0.0,5941.8547870314615,0.0,6108.402239346566,1000.0,3941.854787031462,20460.86267002158,122.671293,30259297.804085962
1577,0.0,2000.0,0.0,4792.847008130692,1000.0,0.0,20460.86267002158,122.671293,30259297.804085962
1578,0.0,2964.116409114468,0.0,2964.1164091144883,1000.0,964.1164091144678,21388.72830215334,122.671293,30259297.804085962
1579,0.0,1085.8971912529014,914.1028087470986,1085.8971912529014,1000.0,0.0,20438.912416090272,794.479293,30259297.804085962
1580,0.0,0.0,2000.0,0.0,1000.0,0.0,18360.774427727843,794.479293,30259297.804085962
1581,0.0,0.0,2000.0,0.0,1000.0,0.0,16282.636439365415,296.671293,30259297.804085962
1582,0.0,0.0,2000.0,0.0,1000.0,0.0,14204.498451002988,122.671293,30259297.804085962
1583,0.0,0.0,2000.0,0.0,1000.0,0.0,12126.360462640561,122.671293,30259297.804085962
1584,0.0,0.0,1966.5967076484958,0.0,966.5967076484958,0.0,10082.930799664151,121.671293,30259297.804085962
1585,0.0,0.0,1000.0,0.0,0.0,0.0,9043.861805482939,105.0980478,30259297.804085962
1586,0.0,0.0,1000.0,0.0,0.0,0.0,8004.792811301723,105.0980478,30259297.804085962
1587,0.0,0.0,1000.0,0.0,0.0,0.0,6965.72381712051,105.0980478,30259297.804085962
1588,0.0,0.0,1000.0,0.0,0.0,0.0,5926.6548229392965,105.0980478,30259297.804085962
1589,0.0,0.0,1000.0,0.0,0.0,0.0,4887.585828758083,105.0980478,30259297.804085962
1590,0.0,0.0,1000.0,0.0,0.0,0.0,3848.5168345768693,113.0980478,30259297.804085962
1591,0.0,0.0,1000.0,0.0,0.0,0.0,2809.4478403956555,113.0980478,30259297.804085962
1592,0.0,0.0,1000.0,0.0,0.0,0.0,1770.378846214442,113.0980478,30259297.804085962
1593,0.0,379.5827730344031,620.4172269655969,379.5827730344031,0.0,0.0,1125.7225422185968,113.0980478,30259297.804085962
1594,0.0,2632.8836382686263,0.0,2632.8836382686336,1000.0,632.8836382686263,1734.8097556883226,107.9460478,30259297.804085962
1595,0.0,4958.445601964143,0.0,4958.445601964129,1000.0,2958.445601964143,4582.017803018614,113.0980478,30259297.804085962
1596,0.0,3594.137668990438,0.0,6151.782619040293,1000.0,1594.137668990438,6116.215895655012,124.0980478,30259297.804085962
1597,0.0,5941.8547870314615,0.0,6549.280914239021,1000.0,3941.854787031462,9909.856942694092,123.0980478,30259297.804085962
1598,0.0,5941.8547870314615,0.0,5992.891229091954,1000.0,3941.854787031462,13703.497989733172,113.0980478,30259297.804085962
1599,0.0,5941.8547870314615,0.0,6279.160225117627,1000.0,3941.854787031462,17497.139036772252,123.0980478,30259297.804085962
1600,0.0,5177.340090849847,0.0,5177.340090849862,1000.0,3177.340090849847,20555.011140206145,124.0980478,30259297.804085962
1601,0.0,2000.0,0.0,4418.672698019144,1000.0,0.0,20555.011140206145,124.0980478,30259297.804085962
1602,0.0,2866.289652896094,0.0,2866.289652896094,1000.0,866.2896528960941,21388.72830215334,124.0980478,30259297.804085962
1603,0.0,1198.745479999018,801.254520000982,1198.745479999018,1000.0,0.0,20556.16957397277,1079.178048,30259297.804085962
1604,0.0,0.0,2000.0,0.0,1000.0,0.0,18478.03158561034,795.9060478,30259297.804085962
1605,0.0,0.0,2000.0,0.0,1000.0,0.0,16399.893597247916,288.0980478,30259297.804085962
1606,0.0,0.0,2000.0,0.0,1000.0,0.0,14321.755608885487,124.0980478,30259297.804085962
1607,0.0,0.0,2000.0,0.0,1000.0,0.0,12243.61762052306,124.0980478,30259297.804085962
1608,0.0,0.0,2000.0,0.0,1000.0,0.0,10165.479632160634,123.0980478,30259297.804085962
1609,0.0,0.0,1127.8839452629825,0.0,127.88394526298255,0.0,8993.530395603084,121.4703043,30259297.804085962
1610,0.0,0.0,1000.0,0.0,0.0,0.0,7954.46140142187,121.4703043,30259297.804085962
1611,0.0,0.0,1000.0,0.0,0.0,0.0,6915.392407240656,121.4703043,30259297.804085962
1612,0.0,0.0,1000.0,0.0,0.0,0.0,5876.323413059443,121.4703043,30259297.804085962
1613,0.0,0.0,1000.0,0.0,0.0,0.0,4837.254418878229,121.4703043,30259297.804085962
1614,0.0,0.0,1000.0,0.0,0.0,0.0,3798.185424697016,121.4703043,30259297.804085962
1615,0.0,0.0,1000.0,0.0,0.0,0.0,2759.1164305158027,121.4703043,30259297.804085962
1616,0.0,0.0,1000.0,0.0,0.0,0.0,1720.047436334589,121.4703043,30259297.804085962
1617,0.0,428.0217219027703,571.9782780972309,428.0217219027703,0.0,0.0,1125.7225422185968,121.4703043,30259297.804085962
1618,0.0,2761.7497547510093,0.0,2761.749754751018,1000.0,761.7497547510093,1858.8305061909682,121.4703043,30259297.804085962
1619,0.0,4665.309277747946,0.0,4665.309277747948,1000.0,2665.309277747946,4423.924155095592,121.4703043,30259297.804085962
1620,0.0,3053.7658228472837,0.0,6427.252469542117,1000.0,1053.7658228472835,5438.068383003818,122.6803043,30259297.804085962
1621,0.0,5941.8547870314615,0.0,7093.869254415002,1000.0,3941.854787031462,9231.709430042898,122.6803043,30259297.804085962
1622,0.0,5941.8547870314615,0.0,6802.749250246984,1000.0,3941.854787031462,13025.350477081975,122.6803043,30259297.804085962
1623,0.0,5941.8547870314615,0.0,7452.369692496914,1000.0,3941.854787031462,16818.991524121055,124.6803043,30259297.804085962
1624,0.0,5941.8547870314615,0.0,6027.625177984333,1000.0,3941.854787031462,20612.632571160135,134.6803043,30259297.804085962
1625,0.0,2000.0,0.0,5006.825249290075,1000.0,0.0,20612.632571160135,134.6803043,30259297.804085962
1626,0.0,2806.4170105914477,0.0,2806.417010591453,1000.0,806.4170105914477,21388.72830215334,134.6803043,30259297.804085962
1627,0.0,1229.0909908081615,770.9090091918385,1229.0909908081615,1000.0,0.0,20587.70065336714,248.3143043,30259297.804085962
1628,0.0,3.4099457318110096,1996.590054268189,3.4099457318110096,1000.0,0.0,18513.10583388648,792.4883043,30259297.804085962
1629,0.0,0.0,2000.0,0.0,1000.0,0.0,16434.96784552405,254.6803043,30259297.804085962
1630,0.0,0.0,1000.0,0.0,0.0,0.0,15395.898851342838,124.6803043,30259297.804085962
1631,0.0,0.0,1000.0,0.0,0.0,0.0,14356.829857161625,124.6803043,30259297.804085962
1632,0.0,0.0,1000.0,0.0,0.0,0.0,13317.76086298041,122.6803043,30259297.804085962
1633,0.0,0.0,1000.0,0.0,0.0,0.0,12278.691868799197,133.5976864,30259297.804085962
1634,0.0,0.0,1000.0,0.0,0.0,0.0,11239.622874617984,140.5976864,30259297.804085962
1635,0.0,0.0,1000.0,0.0,0.0,0.0,10200.55388043677,140.5976864,30259297.804085962
1636,0.0,0.0,1000.0,0.0,0.0,0.0,9161.484886255557,133.5976864,30259297.804085962
1637,0.0,0.0,1000.0,0.0,0.0,0.0,8122.415892074343,140.5976864,30259297.804085962
1638,0.0,0.0,2000.0,0.0,1000.0,0.0,6044.277903711892,155.5976864,30259297.804085962
1639,0.0,0.0,1216.5424216137358,0.0,216.54242161373588,0.0,4780.206393306929,155.5976864,30259297.804085962
1640,0.0,0.0,2000.0,0.0,1000.0,0.0,2702.0684049445026,155.5976864,30259297.804085962
1641,0.0,482.92474171259136,1517.075258287412,482.92474171259136,1000.0,0.0,1125.7225422185968,155.5976864,30259297.804085962
1642,0.0,2733.141825332148,0.0,2733.1418253321526,1000.0,733.1418253321481,1831.2982349182562,155.5976864,30259297.804085962
1643,0.0,5054.54070356618,0.0,5054.540703566199,1000.0,3054.54070356618,4770.988208030349,252.5976864,30259297.804085962
1644,0.0,2000.0,0.0,6236.936253670224,1000.0,0.0,4770.988208030349,253.5976864,30259297.804085962
1645,0.0,5941.8547870314615,0.0,7236.292111383502,1000.0,3941.854787031462,8564.629255069427,252.5976864,30259297.804085962
1646,0.0,5941.8547870314615,0.0,7275.758465333377,1000.0,3941.854787031462,12358.270302108504,155.5976864,30259297.804085962
1647,0.0,5941.8547870314615,0.0,7367.666751842923,1000.0,3941.854787031462,16151.911349147584,252.5976864,30259297.804085962
1648,0.0,5941.8547870314615,0.0,6771.11092524955,1000.0,3941.854787031462,19945.552396186664,262.6276864,30259297.804085962
1649,0.0,2143.596228592649,0.0,5529.904267633437,1000.0,143.59622859264906,20083.74940658423,262.6276864,30259297.804085962
1650,0.0,3355.963108446712,0.0,3355.963108446717,1000.0,1355.9631084467119,21388.72830215334,262.6276864,30259297.804085962
1651,0.0,1324.1957239756382,675.8042760243618,1324.1957239756382,1000.0,0.0,20686.521032801338,791.4056864,30259297.804085962
1652,0.0,2.8346993618099936,1997.16530063819,2.8346993618099936,1000.0,0.0,18611.328492653596,262.6276864,30259297.804085962
1653,0.0,0.0,2000.0,0.0,1000.0,0.0,16533.190504291168,262.6276864,30259297.804085962
1654,0.0,0.0,2000.0,0.0,1000.0,0.0,14455.05251592874,262.6276864,30259297.804085962
1655,0.0,0.0,2000.0,0.0,1000.0,0.0,12376.914527566314,262.6276864,30259297.804085962
1656,0.0,0.0,2000.0,0.0,1000.0,0.0,10298.776539203885,155.5976864,30259297.804085962
1657,0.0,0.0,1000.0,0.0,0.0,0.0,9259.707545022673,135.2969839,30259297.804085962
1658,0.0,0.0,1000.0,0.0,0.0,0.0,8220.638550841459,135.2969839,30259297.804085962
1659,0.0,0.0,1000.0,0.0,0.0,0.0,7181.569556660245,135.2969839,30259297.804085962
1660,0.0,0.0,1000.0,0.0,0.0,0.0,6142.500562479032,135.2969839,30259297.804085962
1661,0.0,0.0,1483.1404886924404,0.0,483.14048869244033,0.0,4601.415266663942,143.2969839,30259297.804085962
1662,0.0,0.0,1000.0,0.0,0.0,0.0,3562.346272482728,143.2969839,30259297.804085962
1663,0.0,0.0,1000.0,0.0,0.0,0.0,2523.2772783015143,135.2969839,30259297.804085962
1664,0.0,0.0,1000.0,0.0,0.0,0.0,1484.208284120301,135.2969839,30259297.804085962
1665,0.0,654.9933219938041,345.0066780061959,654.9933219938041,0.0,0.0,1125.7225422185968,134.2969839,30259297.804085962
1666,0.0,2970.4381360723787,0.0,2970.438136072391,1000.0,970.4381360723787,2059.672204374654,134.2969839,30259297.804085962
1667,0.0,2000.0,0.0,5136.652077802024,1000.0,0.0,2059.672204374654,143.2969839,30259297.804085962
1668,0.0,2000.0,0.0,6284.361115740556,1000.0,0.0,2059.672204374654,143.2969839,30259297.804085962
1669,0.0,5941.8547870314615,0.0,7397.620858950917,1000.0,3941.854787031462,5853.313251413733,155.2969839,30259297.804085962
1670,0.0,5941.8547870314615,0.0,7233.0719350944955,1000.0,3941.854787031462,9646.954298452809,155.2969839,30259297.804085962
1671,0.0,5941.8547870314615,0.0,7435.901159517075,1000.0,3941.854787031462,13440.595345491889,155.2969839,30259297.804085962
1672,0.0,5941.8547870314615,0.0,5978.83633536775,1000.0,3941.854787031462,17234.23639253097,159.2369839,30259297.804085962
1673,0.0,4839.861846698691,0.0,5132.281420040647,1000.0,2839.861846698691,19967.31943379379,159.2369839,30259297.804085962
1674,0.0,3476.941883166619,0.0,3476.941883166605,1000.0,1476.941883166619,21388.72830215334,159.2369839,30259297.804085962
1675,0.0,1269.7137642719924,730.2862357280076,1269.7137642719924,1000.0,0.0,20629.910517731056,248.9309839,30259297.804085962
1676,0.0,3.730183074999439,1996.2698169250007,3.730183074999439,1000.0,0.0,18555.648446944477,275.2969839,30259297.804085962
1677,0.0,0.0,2000.0,0.0,1000.0,0.0,16477.51045858205,159.2369839,30259297.804085962
1678,0.0,0.0,2000.0,0.0,1000.0,0.0,14399.372470219623,159.2369839,30259297.804085962
1679,0.0,0.0,2000.0,0.0,1000.0,0.0,12321.234481857196,159.2369839,30259297.804085962
1680,0.0,0.0,2000.0,0.0,1000.0,0.0,10243.09649349477,155.2969839,30259297.804085962
1681,0.0,0.0,1461.743854438335,0.0,461.7438544383348,0.0,8724.243776912937,142.3933113,30259297.804085962
1682,0.0,0.0,1000.0,0.0,0.0,0.0,7685.174782731723,142.3933113,30259297.804085962
1683,0.0,0.0,1000.0,0.0,0.0,0.0,6646.10578855051,142.3933113,30259297.804085962
1684,0.0,0.0,1000.0,0.0,0.0,0.0,5607.036794369296,142.3933113,30259297.804085962
1685,0.0,0.0,1000.0,0.0,0.0,0.0,4567.967800188083,142.3933113,30259297.804085962
1686,0.0,0.0,1000.0,0.0,0.0,0.0,3528.8988060068696,142.3933113,30259297.804085962
1687,0.0,0.0,1000.0,0.0,0.0,0.0,2489.829811825657,142.3933113,30259297.804085962
1688,0.0,0.0,1000.0,0.0,0.0,0.0,1450.7608176444435,135.3933113,30259297.804085962
1689,0.0,687.1831637301652,312.81683626983477,687.1831637301652,0.0,0.0,1125.7225422185968,135.3933113,30259297.804085962
1690,0.0,3060.3597702064117,0.0,3060.3597702064308,1000.0,1060.3597702064117,2146.2127850652473,135.3933113,30259297.804085962
1691,0.0,4811.793580470858,0.0,4897.244573559849,1000.0,2811.7935804708573,4852.2829269104,135.3933113,30259297.804085962
1692,0.0,2000.0,0.0,6142.531296731548,1000.0,0.0,4852.2829269104,141.3933113,30259297.804085962
1693,0.0,5941.8547870314615,0.0,7391.085632919136,1000.0,3941.854787031462,8645.92397394948,142.3933113,30259297.804085962
1694,0.0,5941.8547870314615,0.0,7396.351774393702,1000.0,3941.854787031462,12439.565020988557,142.3933113,30259297.804085962
1695,0.0,5941.8547870314615,0.0,7918.867411182599,1000.0,3941.854787031462,16233.206068027637,142.3933113,30259297.804085962
1696,0.0,5941.8547870314615,0.0,6789.566121872526,1000.0,3941.854787031462,20026.847115066717,146.3933113,30259297.804085962
1697,0.0,2000.0,0.0,5125.188750495985,1000.0,0.0,20026.847115066717,151.3933113,30259297.804085962
1698,0.0,3415.0885152604187,0.0,3415.08851526041,1000.0,1415.0885152604187,21388.72830215334,152.3933113,30259297.804085962
1699,0.0,1217.46161242276,0.0,1217.46161242276,217.46161242275147,0.0,21388.72830215334,164.3933113,30259297.804085962
1700,0.0,3.706453443925415,1229.1480444446029,3.706453443925415,232.85449788852816,0.0,20111.55867991248,164.3933113,30259297.804085962
1701,0.0,0.0,1000.0,0.0,0.0,0.0,19072.489685731267,164.3933113,30259297.804085962
1702,0.0,0.0,2000.0,0.0,1000.0,0.0,16994.35169736884,164.3933113,30259297.804085962
1703,0.0,0.0,1000.0,0.0,0.0,0.0,15955.282703187624,151.3933113,30259297.804085962
1704,0.0,0.0,1000.0,0.0,0.0,0.0,14916.213709006412,146.3933113,30259297.804085962
1705,0.0,0.0,1000.0,0.0,0.0,0.0,13877.144714825197,149.183834,30259297.804085962
1706,0.0,0.0,1000.0,0.0,0.0,0.0,12838.075720643983,158.183834,30259297.804085962
1707,0.0,0.0,1000.0,0.0,0.0,0.0,11799.006726462769,149.183834,30259297.804085962
1708,0.0,0.0,1000.0,0.0,0.0,0.0,10759.937732281554,158.183834,30259297.804085962
1709,0.0,0.0,2000.0,0.0,1000.0,0.0,8681.799743919128,174.183834,30259297.804085962
1710,0.0,0.0,2000.0,0.0,1000.0,0.0,6603.6617555567,174.183834,30259297.804085962
1711,0.0,0.0,2000.0,0.0,1000.0,0.0,4525.523767194272,174.183834,30259297.804085962
1712,0.0,0.0,2000.0,0.0,1000.0,0.0,2447.3857788318455,174.183834,30259297.804085962
1713,0.0,728.031301083413,1271.968698916587,728.031301083413,1000.0,0.0,1125.7225422185968,174.183834,30259297.804085962
1714,0.0,3052.5613863913873,0.0,3052.5613863913845,1000.0,1052.5613863913873,2138.707620481668,174.183834,30259297.804085962
1715,0.0,4587.466899031184,0.0,5230.327602106874,1000.0,2587.4668990311843,4628.88576410928,174.183834,30259297.804085962
1716,0.0,2000.0,0.0,6854.7582578849415,1000.0,0.0,4628.88576410928,174.183834,30259297.804085962
1717,0.0,5941.8547870314615,0.0,7415.144999949357,1000.0,3941.854787031462,8422.52681114836,174.183834,30259297.804085962
1718,0.0,5941.8547870314615,0.0,7985.304924656418,1000.0,3941.854787031462,12216.167858187437,253.183834,30259297.804085962
1719,0.0,5941.8547870314615,0.0,8025.850604988337,1000.0,3941.854787031462,16009.808905226517,274.183834,30259297.804085962
1720,0.0,5941.8547870314615,0.0,7121.8189062903675,1000.0,3941.854787031462,19803.449952265597,274.183834,30259297.804085962
1721,0.0,2000.0,0.0,5941.012678086749,1000.0,0.0,19803.449952265597,274.183834,30259297.804085962
1722,0.0,3647.2135805151156,0.0,3647.213580515116,1000.0,1647.2135805151156,21388.72830215334,274.183834,30259297.804085962
1723,0.0,1433.5629118996148,566.4370881003852,1433.5629118996148,1000.0,0.0,20800.161086753935,333.183834,30259297.804085962
1724,0.0,5.835449802982708,1994.1645501970172,5.835449802982708,1000.0,0.0,18728.086533348887,285.083834,30259297.804085962
1725,0.0,0.0,2000.0,0.0,1000.0,0.0,16649.948544986462,791.991834,30259297.804085962
1726,0.0,0.0,2000.0,0.0,1000.0,0.0,14571.810556624034,274.183834,30259297.804085962
1727,0.0,0.0,1647.0489491301196,0.0,647.0489491301196,0.0,12860.413061684172,253.183834,30259297.804085962
1728,0.0,0.0,1000.0,0.0,0.0,0.0,11821.344067502958,174.183834,30259297.804085962
1729,0.0,0.0,1000.0,0.0,0.0,0.0,10782.275073321745,181.8672621,30259297.804085962
1730,0.0,0.0,1000.0,0.0,0.0,0.0,9743.206079140531,181.8672621,30259297.804085962
1731,0.0,0.0,1000.0,0.0,0.0,0.0,8704.137084959319,250.8672621,30259297.804085962
1732,0.0,0.0,1000.0,0.0,0.0,0.0,7665.068090778104,212.2052621,30259297.804085962
1733,0.0,0.0,1000.0,0.0,0.0,0.0,6625.999096596891,212.2052621,30259297.804085962
1734,0.0,0.0,1000.0,0.0,0.0,0.0,5586.9301024156775,251.8672621,30259297.804085962
1735,0.0,0.0,1000.0,0.0,0.0,0.0,4547.861108234463,251.8672621,30259297.804085962
1736,0.0,0.0,2000.0,0.0,1000.0,0.0,2469.7231198720365,274.7272621,30259297.804085962
1737,0.0,706.533844066331,1293.4661559336691,706.533844066331,1000.0,0.0,1125.7225422185968,274.7272621,30259297.804085962
1738,0.0,2796.5370784118495,0.0,2796.5370784118663,1000.0,796.5370784118495,1892.3098264821608,274.7272621,30259297.804085962
1739,0.0,4622.812516951871,0.0,4622.812516951873,1000.0,2622.8125169518707,4416.504592796641,274.7272621,30259297.804085962
1740,0.0,2000.0,0.0,6323.198871087224,1000.0,0.0,4416.504592796641,274.7272621,30259297.804085962
1741,0.0,5941.8547870314615,0.0,7037.365047889238,1000.0,3941.854787031462,8210.14563983572,274.7272621,30259297.804085962
1742,0.0,5941.8547870314615,0.0,6861.317202280166,1000.0,3941.854787031462,12003.786686874799,274.7272621,30259297.804085962
1743,0.0,5941.8547870314615,0.0,6417.040446471437,1000.0,3941.854787031462,15797.427733913879,281.8672621,30259297.804085962
1744,0.0,5941.8547870314615,0.0,6427.377010668547,1000.0,3941.854787031462,19591.06878095296,281.8672621,30259297.804085962
1745,0.0,2416.984553265184,0.0,5212.453589895483,1000.0,416.98455326518405,19992.374715015372,282.7672621,30259297.804085962
1746,0.0,3450.9077173087817,0.0,3450.907717308784,1000.0,1450.9077173087817,21388.72830215334,330.8672621,30259297.804085962
1747,0.0,1310.674566668502,689.3254333314981,1310.674566668502,1000.0,0.0,20672.471617478055,789.6752621,30259297.804085962
1748,0.0,5.432181286297373,1994.5678187137025,5.432181286297373,1000.0,0.0,18599.97804026099,330.8672621,30259297.804085962
1749,0.0,0.0,2000.0,0.0,1000.0,0.0,16521.840051898565,330.8672621,30259297.804085962
1750,0.0,0.0,2000.0,0.0,1000.0,0.0,14443.702063536135,281.8672621,30259297.804085962
1751,0.0,0.0,2000.0,0.0,1000.0,0.0,12365.564075173708,274.7272621,30259297.804085962
1752,0.0,0.0,2000.0,0.0,1000.0,0.0,10287.42608681128,274.7272621,30259297.804085962
1753,0.0,0.0,1000.0,0.0,0.0,0.0,9248.357092630067,251.0496603,30259297.804085962
1754,0.0,0.0,1000.0,0.0,0.0,0.0,8209.288098448853,251.0496603,30259297.804085962
1755,0.0,0.0,1000.0,0.0,0.0,0.0,7170.2191042676395,212.3876603,30259297.804085962
1756,0.0,0.0,1000.0,0.0,0.0,0.0,6131.150110086426,212.3876603,30259297.804085962
1757,0.0,0.0,1000.0,0.0,0.0,0.0,5092.081115905193,273.0496603,30259297.804085962
1758,0.0,0.0,1000.0,0.0,0.0,0.0,4053.0121217239794,273.0496603,30259297.804085962
1759,0.0,0.0,1609.8064537254318,0.0,609.8064537254318,0.0,2380.3121490250687,273.0496603,30259297.804085962
1760,0.0,0.0,1000.0,0.0,0.0,0.0,1341.2431548438553,273.0496603,30259297.804085962
1761,0.0,792.5829624094509,207.41703759054872,792.5829624094509,0.0,0.0,1125.7225422185968,273.0496603,30259297.804085962
1762,0.0,3076.7156268753783,0.0,3076.7156268753756,1000.0,1076.7156268753783,2161.953661523461,273.0496603,30259297.804085962
1763,0.0,4682.346290844531,0.0,5055.7682781704825,1000.0,2682.3462908445313,4743.443731832238,282.0496603,30259297.804085962
1764,0.0,2000.0,0.0,6383.124876892703,1000.0,0.0,4743.443731832238,282.0496603,30259297.804085962
1765,0.0,5941.8547870314615,0.0,7168.188171609733,1000.0,3941.854787031462,8537.084778871318,282.0496603,30259297.804085962
1766,0.0,5941.8547870314615,0.0,7781.752194373967,1000.0,3941.854787031462,12330.725825910395,282.0496603,30259297.804085962
1767,0.0,5941.8547870314615,0.0,7740.228010422993,1000.0,3941.854787031462,16124.366872949475,282.0496603,30259297.804085962
1768,0.0,5941.8547870314615,0.0,6745.355486781985,1000.0,3941.854787031462,19918.007919988555,295.0496603,30259297.804085962
1769,0.0,2000.0,0.0,5131.6943201227405,1000.0,0.0,19918.007919988555,295.0496603,30259297.804085962
1770,0.0,3528.179948217778,0.0,3528.179948217802,1000.0,1528.179948217778,21388.72830215334,402.0496603,30259297.804085962
1771,0.0,1392.1691958490242,607.8308041509758,1392.1691958490242,1000.0,0.0,20757.150159851823,789.8576603,30259297.804085962
1772,0.0,6.3573214045138045,1993.6426785954861,6.3573214045138045,1000.0,0.0,18685.61786704687,402.0496603,30259297.804085962
1773,0.0,0.0,2000.0,0.0,1000.0,0.0,16607.47987868444,295.0496603,30259297.804085962
1774,0.0,0.0,2000.0,0.0,1000.0,0.0,14529.341890322014,295.0496603,30259297.804085962
1775,0.0,0.0,2000.0,0.0,1000.0,0.0,12451.203901959587,282.0496603,30259297.804085962
1776,0.0,0.0,2000.0,0.0,1000.0,0.0,10373.06591359716,282.0496603,30259297.804085962
1777,0.0,0.0,1000.0,0.0,0.0,0.0,9333.996919415946,181.3062688,30259297.804085962
1778,0.0,0.0,1000.0,0.0,0.0,0.0,8294.927925234733,181.3062688,30259297.804085962
1779,0.0,0.0,1000.0,0.0,0.0,0.0,7255.858931053519,181.3062688,30259297.804085962
1780,0.0,0.0,1000.0,0.0,0.0,0.0,6216.789936872306,181.3062688,30259297.804085962
1781,0.0,0.0,1000.0,0.0,0.0,0.0,5177.720942691092,181.3062688,30259297.804085962
1782,0.0,0.0,1749.2878730628145,0.0,749.2878730628145,0.0,3360.090151894316,281.3062688,30259297.804085962
1783,0.0,0.0,1000.0,0.0,0.0,0.0,2321.021157713102,181.3062688,30259297.804085962
1784,0.0,0.0,1000.0,0.0,0.0,0.0,1281.9521635318888,265.2062688,30259297.804085962
1785,0.0,849.6446124480941,150.3553875519059,849.6446124480941,0.0,0.0,1125.7225422185968,265.2062688,30259297.804085962
1786,0.0,3121.774286416939,0.0,3121.7742864169595,1000.0,1121.774286416939,2205.318115466259,181.3062688,30259297.804085962
1787,0.0,4845.9285758974665,0.0,5175.833788855322,1000.0,2845.9285758974665,4944.239776909981,281.3062688,30259297.804085962
1788,0.0,2000.0,0.0,6126.424511047829,1000.0,0.0,4944.239776909981,281.3062688,30259297.804085962
1789,0.0,5941.8547870314615,0.0,6906.636808890146,1000.0,3941.854787031462,8737.88082394906,281.3062688,30259297.804085962
1790,0.0,5941.8547870314615,0.0,7482.436475915802,1000.0,3941.854787031462,12531.521870988137,281.3062688,30259297.804085962
1791,0.0,5941.8547870314615,0.0,7295.085416038469,1000.0,3941.854787031462,16325.162918027218,286.3062688,30259297.804085962
1792,0.0,5941.8547870314615,0.0,6078.620110091886,1000.0,3941.854787031462,20118.803965066298,315.5062688,30259297.804085962
1793,0.0,2000.0,0.0,4738.282017253549,1000.0,0.0,20118.803965066298,315.5062688,30259297.804085962
1794,0.0,3319.5390036232825,0.0,3319.5390036233152,1000.0,1319.5390036232825,21388.72830215334,315.5062688,30259297.804085962
1795,0.0,1262.7278329966389,737.2721670033611,1262.7278329966389,1000.0,0.0,20622.651653147346,739.5852688,30259297.804085962
1796,0.0,5.930334524385535,1994.0696654756146,5.930334524385535,1000.0,0.0,18550.67569151433,739.5852688,30259297.804085962
1797,0.0,0.0,2000.0,0.0,1000.0,0.0,16472.537703151902,315.5062688,30259297.804085962
1798,0.0,0.0,2000.0,0.0,1000.0,0.0,14394.399714789475,315.5062688,30259297.804085962
1799,0.0,0.0,2000.0,0.0,1000.0,0.0,12316.261726427048,286.3062688,30259297.804085962
1800,0.0,0.0,1000.0,0.0,0.0,0.0,11277.192732245834,281.3062688,30259297.804085962
1801,0.0,0.0,1000.0,0.0,0.0,0.0,10238.12373806462,278.9795443,30259297.804085962
1802,0.0,0.0,1000.0,0.0,0.0,0.0,9199.054743883407,266.1935443,30259297.804085962
1803,0.0,0.0,1000.0,0.0,0.0,0.0,8159.985749702193,220.3175443,30259297.804085962
1804,0.0,0.0,1000.0,0.0,0.0,0.0,7120.91675552098,180.9795443,30259297.804085962
1805,0.0,0.0,1000.0,0.0,0.0,0.0,6081.847761339766,220.3175443,30259297.804085962
1806,0.0,0.0,2000.0,0.0,1000.0,0.0,4003.709772977327,282.4795443,30259297.804085962
1807,0.0,0.0,1000.0,0.0,0.0,0.0,2964.6407787961134,282.4795443,30259297.804085962
1808,0.0,0.0,1460.8305904032818,0.0,460.83059040328175,0.0,1446.7370065566272,282.4795443,30259297.804085962
1809,0.0,691.0556795210845,308.9443204789204,691.0556795210845,0.0,0.0,1125.7225422185968,282.4795443,30259297.804085962
1810,0.0,2656.1483330809983,0.0,2656.1483330810206,1000.0,656.1483330809983,1757.1996979757496,282.4795443,30259297.804085962
1811,0.0,4613.2706137049845,0.0,4613.270613704964,1000.0,2613.2706137049845,4272.211336605427,282.4795443,30259297.804085962
1812,0.0,2964.9709518221803,0.0,5424.812852749433,1000.0,964.9709518221803,5200.899380639094,282.4795443,30259297.804085962
1813,0.0,5941.8547870314615,0.0,6080.778751588339,1000.0,3941.854787031462,8994.540427678174,282.4795443,30259297.804085962
1814,0.0,5941.8547870314615,0.0,6454.5675847726925,1000.0,3941.854787031462,12788.181474717254,282.4795443,30259297.804085962
1815,0.0,5941.8547870314615,0.0,6544.756070213817,1000.0,3941.854787031462,16581.822521756334,288.9795443,30259297.804085962
1816,0.0,5913.122327753786,0.0,5913.122327753804,1000.0,3913.1223277537856,20347.811449986577,315.5795443,30259297.804085962
1817,0.0,2000.0,0.0,4941.751716362505,1000.0,0.0,20347.811449986577,315.5795443,30259297.804085962
1818,0.0,3081.5844266071963,0.0,3081.58442660721,1000.0,1081.5844266071963,21388.72830215334,315.5795443,30259297.804085962
1819,0.0,1343.8429120239184,656.1570879760816,1343.8429120239184,1000.0,0.0,20706.935816725156,609.9795443,30259297.804085962
1820,0.0,8.124559199818671,1991.8754408001814,8.124559199818671,1000.0,0.0,18637.23980591864,315.5795443,30259297.804085962
1821,0.0,0.0,2000.0,0.0,1000.0,0.0,16559.101817556213,315.5795443,30259297.804085962
1822,0.0,0.0,2000.0,0.0,1000.0,0.0,14480.963829193786,315.5795443,30259297.804085962
1823,0.0,0.0,2000.0,0.0,1000.0,0.0,12402.82584083136,288.9795443,30259297.804085962
1824,0.0,0.0,2000.0,0.0,1000.0,0.0,10324.687852468933,285.9795443,30259297.804085962
1825,0.0,0.0,1000.0,0.0,0.0,0.0,9285.618858287718,181.5015783,30259297.804085962
1826,0.0,0.0,1000.0,0.0,0.0,0.0,8246.549864106506,181.5015783,30259297.804085962
1827,0.0,0.0,1000.0,0.0,0.0,0.0,7207.480869925292,181.5015783,30259297.804085962
1828,0.0,0.0,1000.0,0.0,0.0,0.0,6168.411875744078,181.5015783,30259297.804085962
1829,0.0,0.0,1000.0,0.0,0.0,0.0,5129.342881562865,181.5015783,30259297.804085962
1830,0.0,0.0,1000.0,0.0,0.0,0.0,4090.273887381659,214.4015783,30259297.804085962
1831,0.0,0.0,1000.0,0.0,0.0,0.0,3051.2048932004454,181.5015783,30259297.804085962
1832,0.0,0.0,1000.0,0.0,0.0,0.0,2012.1358990192316,181.5015783,30259297.804085962
1833,0.0,855.343667576741,853.084214584931,855.343667576741,708.4278821616779,0.0,1125.7225422185968,214.4015783,30259297.804085962
1834,0.0,2954.272060113853,0.0,2954.2720601138817,1000.0,954.2720601138531,2044.1139728721691,259.5015783,30259297.804085962
1835,0.0,4822.297035226628,0.0,4822.297035226647,1000.0,2822.2970352266284,4760.292639574276,270.5015783,30259297.804085962
1836,0.0,2009.4105958672487,0.0,5538.325334545369,1000.0,9.410595867248789,4769.349397036916,270.5015783,30259297.804085962
1837,0.0,5941.8547870314615,0.0,6262.229122078681,1000.0,3941.854787031462,8562.990444075996,270.5015783,30259297.804085962
1838,0.0,5941.8547870314615,0.0,6650.683667268589,1000.0,3941.854787031462,12356.631491115073,271.0015783,30259297.804085962
1839,0.0,5941.8547870314615,0.0,6897.34990340242,1000.0,3941.854787031462,16150.272538154153,281.9015783,30259297.804085962
1840,0.0,5941.8547870314615,0.0,5979.245530658388,1000.0,3941.854787031462,19943.913585193233,271.0015783,30259297.804085962
1841,0.0,2000.0,0.0,5165.2422156314,1000.0,0.0,19943.913585193233,281.9015783,30259297.804085962
1842,0.0,3501.2621747299577,0.0,3501.26217472996,1000.0,1501.2621747299577,21388.72830215334,281.9015783,30259297.804085962
1843,0.0,1340.1364585799931,659.8635414200069,1340.1364585799931,1000.0,0.0,20703.084555873196,299.5015783,30259297.804085962
1844,0.0,10.55599004494333,1989.4440099550566,10.55599004494333,1000.0,0.0,18635.914969469348,281.9015783,30259297.804085962
1845,0.0,0.0,2000.0,0.0,1000.0,0.0,16557.776981106923,281.9015783,30259297.804085962
1846,0.0,0.0,2000.0,0.0,1000.0,0.0,14479.638992744492,281.9015783,30259297.804085962
1847,0.0,0.0,2000.0,0.0,1000.0,0.0,12401.501004382066,271.0015783,30259297.804085962
1848,0.0,0.0,2000.0,0.0,1000.0,0.0,10323.363016019639,270.5015783,30259297.804085962
1849,0.0,0.0,1000.0,0.0,0.0,0.0,9284.294021838425,112.1784281,30259297.804085962
1850,0.0,0.0,1000.0,0.0,0.0,0.0,8245.225027657205,183.4994281,30259297.804085962
1851,0.0,0.0,1540.4512209839315,0.0,540.4512209839315,0.0,6644.5899268842095,183.4994281,30259297.804085962
1852,0.0,0.0,1000.0,0.0,0.0,0.0,5605.520932702996,183.4994281,30259297.804085962
1853,0.0,0.0,1000.0,0.0,0.0,0.0,4566.451938521783,183.4994281,30259297.804085962
1854,0.0,0.0,1000.0,0.0,0.0,0.0,3527.382944340569,183.4994281,30259297.804085962
1855,0.0,0.0,1000.0,0.0,0.0,0.0,2488.313950159355,108.0844281,30259297.804085962
1856,0.0,0.0,1000.0,0.0,0.0,0.0,1449.2449559781417,108.0844281,30259297.804085962
1857,0.0,688.6420289978187,311.35797100218133,688.6420289978187,0.0,0.0,1125.7225422185968,108.0844281,30259297.804085962
1858,0.0,2650.08753065624,0.0,2650.0875306562525,1000.0,650.0875306562398,1751.366781722162,108.0844281,30259297.804085962
1859,0.0,4377.3797934638715,0.0,4377.379793463909,1000.0,2377.3797934638715,4039.3570949517916,183.4994281,30259297.804085962
1860,0.0,4406.8244740010705,0.0,5585.103795155372,1000.0,2406.8244740010705,6355.684968730422,108.0844281,30259297.804085962
1861,0.0,5597.083067288994,0.0,5597.083067288988,1000.0,3597.0830672889942,9817.51771268935,183.4994281,30259297.804085962
1862,0.0,5941.8547870314615,0.0,6452.361495281722,1000.0,3941.8547870314615,13611.158759728427,183.4994281,30259297.804085962
1863,0.0,5565.539627012909,0.0,5565.539627012957,1000.0,3565.5396270129086,17042.63409676565,183.4994281,30259297.804085962
1864,0.0,5274.965212809902,0.0,5274.965212809913,1000.0,3274.9652128099024,20194.460617573903,222.4994281,30259297.804085962
1865,0.0,2000.0,0.0,4675.1417732006485,1000.0,0.0,20194.460617573903,222.4994281,30259297.804085962
1866,0.0,3240.926521799088,0.0,3240.92652179912,1000.0,1240.9265217990878,21388.72830215334,223.6994281,30259297.804085962
1867,0.0,1432.0447450895385,567.9552549104615,1432.0447450895385,1000.0,0.0,20798.583606693595,227.4994281,30259297.804085962
1868,0.0,15.750965161549178,1984.2490348384508,15.750965161549178,1000.0,0.0,18736.811957858965,227.4994281,30259297.804085962
1869,0.0,0.0,2000.0,0.0,1000.0,0.0,16658.673969496536,223.6994281,30259297.804085962
1870,0.0,0.0,2000.0,0.0,1000.0,0.0,14580.53598113411,223.6994281,30259297.804085962
1871,0.0,0.0,2000.0,0.0,1000.0,0.0,12502.397992771683,223.6994281,30259297.804085962
1872,0.0,0.0,2000.0,0.0,1000.0,0.0,10424.260004409256,222.4994281,30259297.804085962
1873,0.0,0.0,1000.0,0.0,0.0,0.0,9385.191010228042,154.3529918,30259297.804085962
1874,0.0,0.0,1000.0,0.0,0.0,0.0,8346.12201604683,154.3529918,30259297.804085962
1875,0.0,0.0,1000.0,0.0,0.0,0.0,7307.053021865615,154.3529918,30259297.804085962
1876,0.0,0.0,1000.0,0.0,0.0,0.0,6267.984027684402,154.3529918,30259297.804085962
1877,0.0,0.0,1000.0,0.0,0.0,0.0,5228.915033503188,154.3529918,30259297.804085962
1878,0.0,0.0,1801.012226536579,0.0,801.012226536579,0.0,3357.539070767753,175.3529918,30259297.804085962
1879,0.0,0.0,1000.0,0.0,0.0,0.0,2318.470076586539,105.0499918,30259297.804085962
1880,0.0,0.0,1000.0,0.0,0.0,0.0,1279.4010824053257,99.93799176,30259297.804085962
1881,0.0,852.0997729242926,147.90022707570745,852.0997729242926,0.0,0.0,1125.7225422185968,99.93799176,30259297.804085962
1882,0.0,2889.388296629118,0.0,2889.388296629118,1000.0,889.388296629118,1981.66983889446,99.93799176,30259297.804085962
1883,0.0,2274.4371439026677,0.0,4791.483027584442,1000.0,274.4371439026678,2245.7881461863876,154.3529918,30259297.804085962
1884,0.0,5614.322542855576,0.0,5614.322542855586,1000.0,3614.322542855576,5724.212161430594,175.3529918,30259297.804085962
1885,0.0,5941.8547870314615,0.0,6371.875037392912,1000.0,3941.854787031462,9517.853208469674,175.3529918,30259297.804085962
1886,0.0,5941.8547870314615,0.0,6671.261922209038,1000.0,3941.854787031462,13311.494255508755,175.3529918,30259297.804085962
1887,0.0,5941.8547870314615,0.0,6079.936642643618,1000.0,3941.854787031462,17105.135302547835,175.3529918,30259297.804085962
1888,0.0,5722.0826060220015,0.0,5722.082606022037,1000.0,3722.0826060220015,20687.267602583408,209.7529918,30259297.804085962
1889,0.0,2000.0,0.0,4483.621689820283,1000.0,0.0,20687.267602583408,209.7529918,30259297.804085962
1890,0.0,2728.866063559784,0.0,2728.8660635598103,1000.0,728.8660635597839,21388.72830215334,226.3529918,30259297.804085962
1891,0.0,1167.0122702801812,832.9877297198188,1167.0122702801812,1000.0,0.0,20523.196579668074,319.3529918,30259297.804085962
1892,0.0,13.965935776754339,1986.0340642232457,13.965935776754339,1000.0,0.0,18459.570162146,374.3529918,30259297.804085962
1893,0.0,0.0,2000.0,0.0,1000.0,0.0,16381.432173783573,319.3529918,30259297.804085962
1894,0.0,0.0,2000.0,0.0,1000.0,0.0,14303.294185421146,226.3529918,30259297.804085962
1895,0.0,0.0,2000.0,0.0,1000.0,0.0,12225.156197058719,209.7529918,30259297.804085962
1896,0.0,0.0,2000.0,0.0,1000.0,0.0,10147.018208696292,209.7529918,30259297.804085962
1897,0.0,0.0,1000.0,0.0,0.0,0.0,9107.94921451508,103.227589,30259297.804085962
1898,0.0,0.0,1000.0,0.0,0.0,0.0,8068.8802203338655,103.227589,30259297.804085962
1899,0.0,0.0,1000.0,0.0,0.0,0.0,7029.811226152652,103.227589,30259297.804085962
1900,0.0,0.0,1000.0,0.0,0.0,0.0,5990.742231971439,103.227589,30259297.804085962
1901,0.0,0.0,1000.0,0.0,0.0,0.0,4951.673237790224,103.227589,30259297.804085962
1902,0.0,0.0,1000.0,0.0,0.0,0.0,3912.604243609011,103.227589,30259297.804085962
1903,0.0,0.0,1000.0,0.0,0.0,0.0,2873.5352494277977,103.227589,30259297.804085962
1904,0.0,0.0,1000.0,0.0,0.0,0.0,1834.4662552465823,106.155589,30259297.804085962
1905,0.0,762.7652499757918,682.0949494181332,762.7652499757918,444.86019939392855,0.0,1125.7225422185968,106.155589,30259297.804085962
1906,0.0,2439.370964471189,0.0,2439.370964471178,1000.0,439.3709644711889,1548.5731584256691,106.155589,30259297.804085962
1907,0.0,4112.436276601985,0.0,4112.436276602001,1000.0,2112.436276601985,3581.581831027419,106.155589,30259297.804085962
1908,0.0,5688.244129575209,0.0,5688.244129575217,1000.0,3688.2441295752083,7131.1479813306,106.155589,30259297.804085962
1909,0.0,5503.406714772434,0.0,6367.40355686855,1000.0,3503.4067147724336,10502.826603627589,106.155589,30259297.804085962
1910,0.0,5941.8547870314615,0.0,6615.694709349397,1000.0,3941.854787031462,14296.467650666666,109.041589,30259297.804085962
1911,0.0,5941.8547870314615,0.0,6815.309684256923,1000.0,3941.854787031462,18090.108697705746,200.570589,30259297.804085962
1912,0.0,5427.4933545797985,0.0,5427.493354579786,1000.0,3427.4933545797985,21388.728302153344,259.570589,30259297.804085962
1913,0.0,2000.0,0.0,4269.127515100955,1000.0,0.0,21388.728302153344,380.570589,30259297.804085962
1914,0.0,2000.0,0.0,2841.921913338222,1000.0,0.0,21388.72830215334,380.570589,30259297.804085962
1915,0.0,1169.0404438762514,830.9595561237486,1169.0404438762514,1000.0,0.0,20525.30399196657,798.378589,30259297.804085962
1916,0.0,21.313614348229326,1978.6863856517707,21.313614348229326,1000.0,0.0,18469.31231942733,798.378589,30259297.804085962
1917,0.0,0.0,2000.0,0.0,1000.0,0.0,16391.174331064904,627.050589,30259297.804085962
1918,0.0,0.0,2000.0,0.0,1000.0,0.0,14313.036342702475,259.570589,30259297.804085962
1919,0.0,0.0,1000.0,0.0,0.0,0.0,13273.967348521262,214.470589,30259297.804085962
1920,0.0,0.0,1000.0,0.0,0.0,0.0,12234.898354340048,106.155589,30259297.804085962
1921,0.0,0.0,1000.0,0.0,0.0,0.0,11195.829360158834,188.5662724,30259297.804085962
1922,0.0,0.0,1000.0,0.0,0.0,0.0,10156.760365977621,188.5662724,30259297.804085962
1923,0.0,0.0,1000.0,0.0,0.0,0.0,9117.691371796407,188.5662724,30259297.804085962
1924,0.0,0.0,1000.0,0.0,0.0,0.0,8078.622377615194,188.5662724,30259297.804085962
1925,0.0,0.0,1000.0,0.0,0.0,0.0,7039.55338343398,192.5662724,30259297.804085962
1926,0.0,0.0,2000.0,0.0,1000.0,0.0,4961.415395071552,248.7662724,30259297.804085962
1927,0.0,0.0,1691.4708015856838,0.0,691.4708015856838,0.0,3203.8605305810242,248.7662724,30259297.804085962
1928,0.0,0.0,2000.0,0.0,1000.0,0.0,1125.7225422185968,248.7662724,30259297.804085962
1929,0.0,1040.2336289362902,0.0,1040.2336289362902,40.233628936285506,0.0,1125.7225422185968,248.7662724,30259297.804085962
1930,0.0,3110.909923844355,0.0,3110.9099238443646,1000.0,1110.909923844355,2194.862252926404,152.5662724,30259297.804085962
1931,0.0,5062.979562067577,0.0,5062.979562067622,1000.0,3062.979562067577,5142.67378346024,248.7662724,30259297.804085962
1932,0.0,2000.0,0.0,5919.325451626861,1000.0,0.0,5142.67378346024,248.7662724,30259297.804085962
1933,0.0,5941.8547870314615,0.0,6754.885536480987,1000.0,3941.854787031462,8936.31483049932,248.7662724,30259297.804085962
1934,0.0,5941.8547870314615,0.0,6388.835785569257,1000.0,3941.854787031462,12729.955877538396,248.7662724,30259297.804085962
1935,0.0,5941.8547870314615,0.0,6162.480930533526,1000.0,3941.854787031462,16523.596924577476,248.7662724,30259297.804085962
1936,0.0,5578.1949570118895,0.0,5578.1949570119305,1000.0,3578.1949570118895,19967.25175120572,791.3742724,30259297.804085962
1937,0.0,2481.737837582009,0.0,4178.013889541611,1000.0,481.73783758200875,20430.876246094645,791.3742724,30259297.804085962
1938,0.0,2995.2743724633174,0.0,2995.274372463324,1000.0,995.2743724633174,21388.72830215334,519.4662724,30259297.804085962
1939,0.0,1189.0019424937673,810.9980575062327,1189.0019424937673,1000.0,0.0,20546.045366257422,791.3742724,30259297.804085962
1940,0.0,26.55009941776808,1973.449900582232,26.55009941776808,1000.0,0.0,18495.49476299243,619.5262724,30259297.804085962
1941,0.0,0.0,2000.0,0.0,1000.0,0.0,16417.356774630003,619.5262724,30259297.804085962
1942,0.0,0.0,2000.0,0.0,1000.0,0.0,14339.218786267576,248.7662724,30259297.804085962
1943,0.0,0.0,2000.0,0.0,1000.0,0.0,12261.08079790515,248.7662724,30259297.804085962
1944,0.0,0.0,2000.0,0.0,1000.0,0.0,10182.942809542723,248.7662724,30259297.804085962
1945,0.0,0.0,1000.0,0.0,0.0,0.0,9143.873815361509,106.7733028,30259297.804085962
1946,0.0,0.0,1000.0,0.0,0.0,0.0,8104.804821180296,106.7733028,30259297.804085962
1947,0.0,0.0,1000.0,0.0,0.0,0.0,7065.735826999082,106.7733028,30259297.804085962
1948,0.0,0.0,1000.0,0.0,0.0,0.0,6026.666832817868,106.7733028,30259297.804085962
1949,0.0,0.0,1000.0,0.0,0.0,0.0,4987.597838636655,106.7733028,30259297.804085962
1950,0.0,0.0,1618.2148006262887,0.0,618.2148006262886,0.0,3306.1610133805716,106.7743028,30259297.804085962
1951,0.0,0.0,1000.0,0.0,0.0,0.0,2267.092019199358,106.7743028,30259297.804085962
1952,0.0,0.0,1000.0,0.0,0.0,0.0,1228.0230250181448,106.7743028,30259297.804085962
1953,0.0,1013.5767912492133,0.0,1013.5767912492133,13.576791249208327,0.0,1228.0230250181448,106.7743028,30259297.804085962
1954,0.0,2798.992238888065,0.0,2798.992238888065,1000.0,798.992238888065,1996.9731557240157,106.7743028,30259297.804085962
1955,0.0,4832.87081686108,0.0,4832.87081686108,1000.0,2832.87081686108,4723.328029871074,106.7743028,30259297.804085962
1956,0.0,5352.243370492884,0.0,5352.243370492884,1000.0,3352.2433704928844,7949.527049633432,110.1633028,30259297.804085962
1957,0.0,5941.8547870314615,0.0,6110.8158786022,1000.0,3941.854787031461,11743.16809667251,110.1633028,30259297.804085962
1958,0.0,5941.8547870314615,0.0,5972.520535183799,1000.0,3941.854787031461,15536.80914371158,131.1893028,30259297.804085962
1959,0.0,4776.746149220928,0.0,4776.746149220928,1000.0,2776.7461492209277,18209.14963772177,170.1893028,30259297.804085962
1960,0.0,3828.9011684427815,0.0,3828.9011684427815,1000.0,1828.9011684427815,19969.284122231038,215.0893028,30259297.804085962
1961,0.0,3175.0642546953013,0.0,3175.0642546953013,1000.0,1175.0642546953013,21100.165960949787,215.0893028,30259297.804085962
1962,0.0,2299.8361816329575,0.0,2299.8361816329575,1000.0,299.8361816329575,21388.72830215334,260.1893028,30259297.804085962
1963,0.0,990.1341918095577,1009.8658081904423,990.1341918095577,1000.0,0.0,20339.408052578896,798.9973028,30259297.804085962
1964,0.0,18.30101035915069,1981.6989896408493,18.30101035915069,1000.0,0.0,18280.286076642853,798.9973028,30259297.804085962
1965,0.0,0.0,2000.0,0.0,1000.0,0.0,16202.148088280426,740.5443028,30259297.804085962
1966,0.0,0.0,2000.0,0.0,1000.0,0.0,14124.010099918,260.1893028,30259297.804085962
1967,0.0,0.0,1386.0906243700156,0.0,386.0906243700156,0.0,12683.76630900983,170.1893028,30259297.804085962
1968,0.0,0.0,1000.0,0.0,0.0,0.0,11644.697314828616,131.1893028,30259297.804085962
1969,0.0,0.0,1000.0,0.0,0.0,0.0,10605.628320647404,104.7101332,30259297.804085962
1970,0.0,0.0,1000.0,0.0,0.0,0.0,9566.55932646619,104.7101332,30259297.804085962
1971,0.0,0.0,1000.0,0.0,0.0,0.0,8527.490332284975,104.7091332,30259297.804085962
1972,0.0,0.0,1000.0,0.0,0.0,0.0,7488.421338103762,104.7091332,30259297.804085962
1973,0.0,0.0,1000.0,0.0,0.0,0.0,6449.352343922548,108.5241332,30259297.804085962
1974,0.0,0.0,1000.0,0.0,0.0,0.0,5410.283349741335,129.1251332,30259297.804085962
1975,0.0,0.0,2000.0,0.0,1000.0,0.0,3332.1453613789076,178.1251332,30259297.804085962
1976,0.0,0.0,2000.0,0.0,1000.0,0.0,1254.0073730164804,178.1251332,30259297.804085962
1977,0.0,876.5386788401245,123.46132115987552,876.5386788401245,0.0,0.0,1125.7225422185968,129.1251332,30259297.804085962
1978,0.0,2800.972964489617,0.0,2800.9729644896183,1000.0,800.972964489617,1896.5789232434042,108.5241332,30259297.804085962
1979,0.0,4404.659325515485,0.0,4404.659325515504,1000.0,2404.659325515485,4210.823058119507,258.1251332,30259297.804085962
1980,0.0,5212.773827238674,0.0,5212.773827238671,1000.0,3212.773827238674,7302.796589454007,259.1251332,30259297.804085962
1981,0.0,5573.971730528757,0.0,6383.445114235892,1000.0,3573.971730528757,10742.386982914883,258.1251332,30259297.804085962
1982,0.0,5941.8547870314615,0.0,6426.2680391491085,1000.0,3941.854787031462,14536.028029953959,259.1251332,30259297.804085962
1983,0.0,5941.8547870314615,0.0,6065.8402389664825,1000.0,3941.854787031462,18329.66907699304,259.1251332,30259297.804085962
1984,0.0,5178.573592228081,0.0,5178.573592228099,1000.0,3178.573592228081,21388.728302153344,259.1251332,30259297.804085962
1985,0.0,2000.0,0.0,3732.853503567598,1000.0,0.0,21388.728302153344,259.1251332,30259297.804085962
1986,0.0,2000.0,0.0,2880.931635270574,1000.0,0.0,21388.72830215334,259.1251332,30259297.804085962
1987,0.0,1258.2622905138599,741.7377094861401,1258.2622905138599,1000.0,0.0,20618.011646411298,796.9331332,30259297.804085962
1988,0.0,37.900750412913986,1962.099249587086,37.900750412913986,1000.0,0.0,18579.255152659134,796.9331332,30259297.804085962
1989,0.0,0.0,2000.0,0.0,1000.0,0.0,16501.117164296706,796.9331332,30259297.804085962
1990,0.0,0.0,2000.0,0.0,1000.0,0.0,14422.979175934277,259.1251332,30259297.804085962
1991,0.0,0.0,2000.0,0.0,1000.0,0.0,12344.84118757185,259.1251332,30259297.804085962
1992,0.0,0.0,2000.0,0.0,1000.0,0.0,10266.703199209423,259.1251332,30259297.804085962
1993,0.0,0.0,1797.2797842879663,0.0,797.2797842879663,0.0,8399.205501487091,257.774354,30259297.804085962
1994,0.0,0.0,1000.0,0.0,0.0,0.0,7360.136507305878,139.774354,30259297.804085962
1995,0.0,0.0,1000.0,0.0,0.0,0.0,6321.067513124664,139.774354,30259297.804085962
1996,0.0,0.0,1000.0,0.0,0.0,0.0,5281.998518943451,177.774354,30259297.804085962
1997,0.0,0.0,1000.0,0.0,0.0,0.0,4242.929524762238,177.774354,30259297.804085962
1998,0.0,0.0,1000.0,0.0,0.0,0.0,3203.8605305810242,212.674354,30259297.804085962
1999,0.0,0.0,1000.0,0.0,0.0,0.0,2164.7915363998104,139.774354,30259297.804085962
2000,0.0,0.0,1000.0,0.0,0.0,0.0,1125.7225422185968,138.774354,30259297.804085962
2001,0.0,1174.460771614643,0.0,1174.460771614643,174.46077161463472,-0.0,1125.7225422185968,138.774354,30259297.804085962
2002,0.0,3073.157421653677,0.0,3073.157421653693,1000.0,1073.157421653677,2158.5292448180953,138.774354,30259297.804085962
2003,0.0,4608.413667521029,0.0,4608.413667521037,1000.0,2608.4136675210293,4668.866558440333,138.774354,30259297.804085962
2004,0.0,3776.7029603094934,0.0,6031.355361059332,1000.0,1776.7029603094932,6378.76548744219,138.774354,30259297.804085962
2005,0.0,5941.8547870314615,0.0,6280.559777575228,1000.0,3941.854787031462,10172.40653448127,138.774354,30259297.804085962
2006,0.0,5941.8547870314615,0.0,6693.216011243643,1000.0,3941.854787031462,13966.047581520346,139.774354,30259297.804085962
2007,0.0,5941.8547870314615,0.0,6267.216536162991,1000.0,3941.854787031462,17759.688628559426,139.774354,30259297.804085962
2008,0.0,5061.058138008462,0.0,5061.0581380084905,1000.0,3061.0581380084623,20705.650980578772,257.774354,30259297.804085962
2009,0.0,2000.0,0.0,4446.047103524511,1000.0,0.0,20705.650980578772,258.774354,30259297.804085962
2010,0.0,2709.7644654764863,0.0,2709.764465476504,1000.0,709.7644654764863,21388.72830215334,258.774354,30259297.804085962
2011,0.0,1185.5326952195333,814.4673047804667,1185.5326952195333,1000.0,0.0,20542.44057898162,312.849354,30259297.804085962
2012,0.0,32.5693806219724,1967.4306193780276,32.5693806219724,1000.0,0.0,18498.144424183163,319.469354,30259297.804085962
2013,0.0,0.0,2000.0,0.0,1000.0,0.0,16420.00643582074,258.774354,30259297.804085962
2014,0.0,0.0,2000.0,0.0,1000.0,0.0,14341.86844745831,258.774354,30259297.804085962
2015,0.0,0.0,2000.0,0.0,1000.0,0.0,12263.730459095883,258.774354,30259297.804085962
2016,0.0,0.0,2000.0,0.0,1000.0,0.0,10185.592470733456,258.774354,30259297.804085962
2017,0.0,0.0,1000.0,0.0,0.0,0.0,9146.52347655223,166.1155241,30259297.804085962
2018,0.0,0.0,1000.0,0.0,0.0,0.0,8107.454482371016,166.1155241,30259297.804085962
2019,0.0,0.0,1000.0,0.0,0.0,0.0,7068.385488189802,166.1155241,30259297.804085962
2020,0.0,0.0,1719.2188192026883,0.0,719.2188192026885,0.0,5281.998518943451,166.1155241,30259297.804085962
2021,0.0,0.0,1000.0,0.0,0.0,0.0,4242.929524762238,166.1155241,30259297.804085962
2022,0.0,0.0,1000.0,0.0,-0.0,0.0,3203.8605305810242,166.1155241,30259297.804085962
2023,0.0,0.0,1000.0,0.0,0.0,0.0,2164.7915363998104,166.1155241,30259297.804085962
2024,0.0,0.0,1000.0,0.0,0.0,0.0,1125.7225422185968,141.1155241,30259297.804085962
2025,0.0,1124.1774805514267,0.0,1124.1774805514267,124.17748055142147,0.0,1125.7225422185968,141.1155241,30259297.804085962
2026,0.0,3251.328325580216,0.0,3251.3283255802376,1000.0,1251.3283255802162,2330.000922756997,141.1155241,30259297.804085962
2027,0.0,4841.861203369045,0.0,4841.8612033690615,1000.0,2841.861203369045,5065.008144879366,141.1155241,30259297.804085962
2028,0.0,2000.0,0.0,6164.307481138883,1000.0,0.0,5065.008144879366,166.1155241,30259297.804085962
2029,0.0,5941.8547870314615,0.0,6640.732568731042,1000.0,3941.854787031462,8858.649191918445,166.1155241,30259297.804085962
2030,0.0,5941.8547870314615,0.0,6823.487618225211,1000.0,3941.854787031462,12652.290238957528,166.1155241,30259297.804085962
2031,0.0,5941.8547870314615,0.0,7082.399989067378,1000.0,3941.854787031462,16445.93128599661,166.1155241,30259297.804085962
2032,0.0,5294.618338899726,0.0,5294.618338899777,1000.0,3294.618338899726,19616.671975353704,166.1155241,30259297.804085962
2033,0.0,2578.8292231249766,0.0,4458.987098955324,1000.0,578.8292231249766,20173.73721968918,210.0155241,30259297.804085962
2034,0.0,3262.4595619951815,0.0,3262.459561995182,1000.0,1262.4595619951815,21388.72830215334,247.1155241,30259297.804085962
2035,0.0,1331.086770529589,668.9132294704109,1331.086770529589,1000.0,0.0,20693.681305613016,255.1155241,30259297.804085962
2036,0.0,50.64503835933749,1949.3549616406626,50.64503835933749,1000.0,0.0,18668.16700631889,255.6155241,30259297.804085962
2037,0.0,0.0,2000.0,0.0,1000.0,0.0,16590.02901795646,255.1155241,30259297.804085962
2038,0.0,0.0,2000.0,0.0,1000.0,0.0,14511.891029594037,247.1155241,30259297.804085962
2039,0.0,0.0,2000.0,0.0,1000.0,0.0,12433.75304123161,247.1155241,30259297.804085962
2040,0.0,0.0,2000.0,0.0,1000.0,0.0,10355.615052869183,247.1155241,30259297.804085962
2041,0.0,0.0,1000.0,0.0,0.0,0.0,9316.54605868797,126.0118663,30259297.804085962
2042,0.0,0.0,1000.0,0.0,0.0,0.0,8277.477064506757,126.0118663,30259297.804085962
2043,0.0,0.0,1000.0,0.0,0.0,0.0,7238.408070325543,126.0118663,30259297.804085962
2044,0.0,0.0,1000.0,0.0,0.0,0.0,6199.33907614433,126.0118663,30259297.804085962
2045,0.0,0.0,1000.0,0.0,0.0,0.0,5160.270081963115,126.0118663,30259297.804085962
2046,0.0,0.0,1000.0,0.0,0.0,0.0,4121.201087781902,142.0118663,30259297.804085962
2047,0.0,0.0,1000.0,0.0,0.0,0.0,3082.1320936006887,168.0118663,30259297.804085962
2048,0.0,0.0,1882.8485522501187,0.0,882.8485522501186,0.0,1125.7225422186043,172.0118663,30259297.804085962
2049,0.0,1063.2670443529385,0.0,1063.2670443529385,63.26704435294232,0.0,1125.7225422185968,172.0118663,30259297.804085962
2050,0.0,2937.554444881182,0.0,2937.5544448811834,1000.0,937.554444881182,2028.0249399722466,172.0118663,30259297.804085962
2051,0.0,4481.623172629216,0.0,4481.623172629239,1000.0,2481.6231726292162,4416.339081310604,172.0118663,30259297.804085962
2052,0.0,3814.9654692861304,0.0,5530.420201193382,1000.0,1814.9654692861304,6163.061848951576,224.0118663,30259297.804085962
2053,0.0,5941.8547870314615,0.0,6232.779094982727,1000.0,3941.854787031462,9956.702895990657,224.0118663,30259297.804085962
2054,0.0,5941.8547870314615,0.0,6424.399989858449,1000.0,3941.854787031462,13750.343943029737,224.0118663,30259297.804085962
2055,0.0,5941.8547870314615,0.0,6452.367433323307,1000.0,3941.854787031462,17543.984990068817,224.0118663,30259297.804085962
2056,0.0,5088.479991508359,0.0,5088.479991508374,1000.0,3088.4799915083586,20516.33813389646,224.0118663,30259297.804085962
2057,0.0,2000.0,0.0,4426.530383376613,1000.0,0.0,20516.33813389646,250.2818663,30259297.804085962
2058,0.0,2906.473574664258,0.0,2906.47357466426,1000.0,906.4735746642582,21388.72830215334,224.0118663,30259297.804085962
2059,0.0,1411.9765082027143,588.0234917972857,1411.9765082027143,1000.0,0.0,20777.731323976608,288.4578663,30259297.804085962
2060,0.0,53.91265137522871,1946.0873486247713,53.91265137522871,1000.0,0.0,18755.612300052286,836.0118663,30259297.804085962
2061,0.0,0.0,2000.0,0.0,1000.0,0.0,16677.47431168986,522.9118663,30259297.804085962
2062,0.0,0.0,2000.0,0.0,1000.0,0.0,14599.336323327432,224.0118663,30259297.804085962
2063,0.0,0.0,2000.0,0.0,1000.0,0.0,12521.198334965005,224.0118663,30259297.804085962
2064,0.0,0.0,2000.0,0.0,1000.0,0.0,10443.060346602579,224.0118663,30259297.804085962
2065,0.0,0.0,1000.0,0.0,0.0,0.0,9403.991352421355,146.2686816,30259297.804085962
2066,0.0,0.0,1000.0,0.0,0.0,0.0,8364.922358240143,143.2686816,30259297.804085962
2067,0.0,0.0,1000.0,0.0,0.0,0.0,7325.8533640589285,143.2686816,30259297.804085962
2068,0.0,0.0,1000.0,0.0,0.0,0.0,6286.784369877715,143.2686816,30259297.804085962
2069,0.0,0.0,1000.0,0.0,0.0,0.0,5247.715375696502,146.2686816,30259297.804085962
2070,0.0,0.0,1967.0059029391357,0.0,967.0059029391357,0.0,3203.8605305810242,146.2686816,30259297.804085962
2071,0.0,0.0,1000.0,0.0,0.0,0.0,2164.7915363998104,146.2686816,30259297.804085962
2072,0.0,0.0,1000.0,0.0,0.0,0.0,1125.7225422185968,143.2686816,30259297.804085962
2073,0.0,1266.588483972021,0.0,1266.588483972021,266.5884839720211,0.0,1125.7225422185968,143.2686816,30259297.804085962
2074,0.0,3467.067877760953,0.0,3467.067877760971,1000.0,1467.0678777609528,2537.628667775738,143.2686816,30259297.804085962
2075,0.0,4479.333235020742,0.0,5575.686433034893,1000.0,2479.3332350207415,4923.7389731596995,146.2686816,30259297.804085962
2076,0.0,2000.0,0.0,7117.904891814148,1000.0,0.0,4923.7389731596995,146.2686816,30259297.804085962
2077,0.0,5941.8547870314615,0.0,7269.602778187207,1000.0,3941.854787031462,8717.38002019878,146.2686816,30259297.804085962
2078,0.0,5941.8547870314615,0.0,7201.498849681067,1000.0,3941.854787031462,12511.021067237856,146.2686816,30259297.804085962
2079,0.0,5941.8547870314615,0.0,6777.474173428017,1000.0,3941.854787031462,16304.662114276936,146.2686816,30259297.804085962
2080,0.0,5941.8547870314615,0.0,6183.462453990661,1000.0,3941.854787031462,20098.303161316016,146.2686816,30259297.804085962
2081,0.0,2000.0,0.0,5235.658971897816,1000.0,0.0,20098.303161316016,172.2686816,30259297.804085962
2082,0.0,3340.8407531559933,0.0,3340.840753156007,1000.0,1340.8407531559933,21388.72830215334,172.2686816,30259297.804085962
2083,0.0,1340.5159974656042,659.4840025343958,1340.5159974656042,1000.0,0.0,20703.478922961323,795.0766816,30259297.804085962
2084,0.0,53.533112489617395,1946.4668875103825,53.533112489617395,1000.0,0.0,18680.96553194887,523.1686816,30259297.804085962
2085,0.0,0.0,2000.0,0.0,1000.0,0.0,16602.82754358644,172.2686816,30259297.804085962
2086,0.0,0.0,2000.0,0.0,1000.0,0.0,14524.689555224015,172.2686816,30259297.804085962
2087,0.0,0.0,2000.0,0.0,1000.0,0.0,12446.551566861588,172.2686816,30259297.804085962
2088,0.0,0.0,2000.0,0.0,1000.0,0.0,10368.413578499161,168.2686816,30259297.804085962
2089,0.0,0.0,1000.0,0.0,0.0,0.0,9329.344584317947,103.5568403,30259297.804085962
2090,0.0,0.0,1000.0,0.0,0.0,0.0,8290.275590136735,147.5568403,30259297.804085962
2091,0.0,0.0,1000.0,0.0,0.0,0.0,7251.20659595552,147.5568403,30259297.804085962
2092,0.0,0.0,1000.0,0.0,0.0,0.0,6212.137601774307,147.5568403,30259297.804085962
2093,0.0,0.0,1000.0,0.0,0.0,0.0,5173.0686075930935,147.5568403,30259297.804085962
2094,0.0,0.0,1000.0,0.0,0.0,0.0,4133.999613411865,166.5568403,30259297.804085962
2095,0.0,0.0,1000.0,0.0,0.0,0.0,3094.9306192306512,166.5568403,30259297.804085962
2096,0.0,0.0,1000.0,0.0,0.0,0.0,2055.8616250494374,166.5568403,30259297.804085962
2097,0.0,986.5581949983839,895.1658533164009,986.5581949983839,881.7240483147932,0.0,1125.7225422185968,166.5568403,30259297.804085962
2098,0.0,2955.7664972928746,0.0,2955.7664972928837,1000.0,955.7664972928746,2045.5522192132594,166.5568403,30259297.804085962
2099,0.0,5061.775705826731,0.0,5061.775705826781,1000.0,3061.7757058267307,4992.205158500905,166.5568403,30259297.804085962
2100,0.0,2000.0,0.0,6317.138068662453,1000.0,0.0,4992.205158500905,170.5568403,30259297.804085962
2101,0.0,5941.8547870314615,0.0,7311.482793927979,1000.0,3941.854787031462,8785.846205539983,170.5568403,30259297.804085962
2102,0.0,5941.8547870314615,0.0,7472.088046903154,1000.0,3941.854787031462,12579.487252579063,170.5568403,30259297.804085962
2103,0.0,5941.8547870314615,0.0,6888.768712185076,1000.0,3941.854787031462,16373.128299618144,170.5568403,30259297.804085962
2104,0.0,5941.8547870314615,0.0,6239.705724715658,1000.0,3941.854787031462,20166.769346657224,197.5568403,30259297.804085962
2105,0.0,2322.6210950118502,0.0,4621.644243890011,1000.0,322.6210950118502,20477.25988849663,367.8638403,30259297.804085962
2106,0.0,2947.0785678062307,0.0,2947.0785678062325,1000.0,947.0785678062307,21388.72830215334,281.4568403,30259297.804085962
2107,0.0,1169.4555659408427,830.5444340591573,1169.4555659408427,1000.0,0.0,20525.735332432683,795.3648403,30259297.804085962
2108,0.0,58.14097642068522,1941.8590235793147,58.14097642068522,1000.0,0.0,18508.00982996041,795.3648403,30259297.804085962
2109,0.0,0.0,2000.0,0.0,1000.0,0.0,16429.871841597982,630.7518403,30259297.804085962
2110,0.0,0.0,2000.0,0.0,1000.0,0.0,14351.733853235555,197.5568403,30259297.804085962
2111,0.0,0.0,1000.0,0.0,0.0,0.0,13312.664859054343,170.5568403,30259297.804085962
2112,0.0,0.0,1000.0,0.0,0.0,0.0,12273.595864873128,170.5568403,30259297.804085962
2113,0.0,0.0,1000.0,0.0,0.0,0.0,11234.526870691892,182.8341863,30259297.804085962
2114,0.0,0.0,1883.5861708314892,0.0,883.5861708314891,0.0,9277.350882712373,182.8341863,30259297.804085962
2115,0.0,0.0,1000.0,0.0,0.0,0.0,8238.281888531159,182.8341863,30259297.804085962
2116,0.0,0.0,1000.0,0.0,0.0,0.0,7199.212894349945,182.8341863,30259297.804085962
2117,0.0,0.0,2000.0,0.0,1000.0,0.0,5121.074905987518,182.8341863,30259297.804085962
2118,0.0,0.0,1000.0,0.0,0.0,0.0,4082.0059118063045,182.8341863,30259297.804085962
2119,0.0,0.0,1000.0,0.0,0.0,0.0,3042.936917625091,182.8341863,30259297.804085962
2120,0.0,0.0,1000.0,0.0,0.0,0.0,2003.867923443875,182.8341863,30259297.804085962
2121,0.0,1154.8728851087856,845.1271148912144,1154.8728851087856,1000.0,0.0,1125.7225422185968,200.9341863,30259297.804085962
2122,0.0,3040.6117593951353,0.0,3040.6117593951626,1000.0,1040.6117593951353,2127.207299460475,200.9341863,30259297.804085962
2123,0.0,4452.410351702952,0.0,4452.410351702977,1000.0,2452.4103517029516,4487.407021939395,205.9341863,30259297.804085962
2124,0.0,5050.525038115362,0.0,5358.754878161224,1000.0,3050.5250381153623,7423.23231862162,210.9341863,30259297.804085962
2125,0.0,5941.854787031462,0.0,6456.880412532971,1000.0,3941.8547870314624,11216.8733656607,210.9341863,30259297.804085962
2126,0.0,5941.8547870314615,0.0,6491.412738434638,1000.0,3941.854787031462,15010.514412699777,210.9341863,30259297.804085962
2127,0.0,5260.228345714027,0.0,5260.228345714031,1000.0,3260.2283457140265,18148.158172614956,210.9341863,30259297.804085962
2128,0.0,5367.175945073137,0.0,5367.175945073157,1000.0,3367.175945073137,21388.728302153344,210.9341863,30259297.804085962
2129,0.0,2000.0,0.0,3824.951559519949,1000.0,0.0,21388.728302153344,210.9341863,30259297.804085962
2130,0.0,2000.0,0.0,2573.307514943738,1000.0,0.0,21388.72830215334,270.8341863,30259297.804085962
2131,0.0,1121.9476839646447,878.0523160353553,1121.9476839646447,1000.0,0.0,20476.371365291998,258.8291863,30259297.804085962
2132,0.0,68.86894431894423,1931.1310556810558,68.86894431894423,1000.0,0.0,18469.792961633375,723.4751863,30259297.804085962
2133,0.0,0.0,1000.0,0.0,0.0,0.0,17430.723967452162,210.9341863,30259297.804085962
2134,0.0,0.0,1000.0,0.0,0.0,0.0,16391.65497327095,210.9341863,30259297.804085962
2135,0.0,0.0,1000.0,0.0,0.0,0.0,15352.585979089736,210.9341863,30259297.804085962
2136,0.0,0.0,1000.0,0.0,0.0,0.0,14313.516984908521,205.9341863,30259297.804085962
2137,0.0,0.0,2000.0,0.0,1000.0,0.0,12235.378996546062,248.8665526,30259297.804085962
2138,0.0,0.0,1691.9333716447616,0.0,691.9333716447616,0.0,10477.34348984951,248.8665526,30259297.804085962
2139,0.0,0.0,2000.0,0.0,1000.0,0.0,8399.205501487084,248.8665526,30259297.804085962
2140,0.0,0.0,2000.0,0.0,1000.0,0.0,6321.067513124657,248.8665526,30259297.804085962
2141,0.0,0.0,1000.0,0.0,0.0,0.0,5281.998518943444,248.8665526,30259297.804085962
2142,0.0,0.0,1000.0,0.0,0.0,0.0,4242.92952476223,248.8665526,30259297.804085962
2143,0.0,0.0,1000.0,0.0,0.0,0.0,3203.8605305810165,248.8665526,30259297.804085962
2144,0.0,0.0,2000.0,0.0,1000.0,0.0,1125.7225422185893,248.8665526,30259297.804085962
2145,0.0,1123.1396753899485,0.0,1123.1396753899485,123.13967538993907,0.0,1125.7225422185968,248.8665526,30259297.804085962
2146,0.0,3008.22622144204,0.0,3008.2262214420434,1000.0,1008.2262214420398,2096.039457734416,248.8665526,30259297.804085962
2147,0.0,4813.188045633767,0.0,4813.1880456338195,1000.0,2813.1880456337667,4803.451632852353,268.8665526,30259297.804085962
2148,0.0,2000.0,0.0,5701.723776929421,1000.0,0.0,4803.451632852353,268.8665526,30259297.804085962
2149,0.0,5941.8547870314615,0.0,6477.826341543496,1000.0,3941.854787031462,8597.092679891433,268.8665526,30259297.804085962
2150,0.0,5941.8547870314615,0.0,7314.080275852467,1000.0,3941.854787031462,12390.733726930514,268.8665526,30259297.804085962
2151,0.0,5941.8547870314615,0.0,6569.930335537431,1000.0,3941.854787031462,16184.374773969592,268.8665526,30259297.804085962
2152,0.0,5796.88188486536,0.0,5796.881884865366,1000.0,3796.88188486536,19838.493899964014,268.8665526,30259297.804085962
2153,0.0,2490.0699465464686,0.0,4032.9520294280596,1000.0,490.06994654646843,20310.137216520336,268.8665526,30259297.804085962
2154,0.0,3120.7305544815113,0.0,3120.730554481528,1000.0,1120.7305544815113,21388.72830215334,268.8665526,30259297.804085962
2155,0.0,1273.0406788303067,726.9593211696933,1273.0406788303067,1000.0,0.0,20633.367411494895,268.8665526,30259297.804085962
2156,0.0,74.34264682580562,1925.6573531741944,74.34264682580562,1000.0,0.0,18632.476562394528,268.8665526,30259297.804085962
2157,0.0,0.0,2000.0,0.0,1000.0,0.0,16554.338574032103,268.8665526,30259297.804085962
2158,0.0,0.0,2000.0,0.0,1000.0,0.0,14476.200585669674,268.8665526,30259297.804085962
2159,0.0,0.0,2000.0,0.0,1000.0,0.0,12398.062597307247,248.8665526,30259297.804085962
2160,0.0,0.0,2000.0,0.0,1000.0,0.0,10319.92460894482,248.8665526,30259297.804085962
2161,0.0,0.0,1000.0,0.0,0.0,0.0,9280.85561476359,238.8621971,30259297.804085962
2162,0.0,0.0,1000.0,0.0,0.0,0.0,8241.786620582376,238.8621971,30259297.804085962
2163,0.0,0.0,1000.0,0.0,0.0,0.0,7202.717626401161,238.8621971,30259297.804085962
2164,0.0,0.0,1000.0,0.0,0.0,0.0,6163.648632219948,238.8621971,30259297.804085962
2165,0.0,0.0,1000.0,0.0,0.0,0.0,5124.579638038735,238.8621971,30259297.804085962
2166,0.0,0.0,1848.5000690172928,0.0,848.500069017293,0.0,3203.8605305810315,238.8621971,30259297.804085962
2167,0.0,0.0,1000.0,0.0,0.0,0.0,2164.791536399818,238.8621971,30259297.804085962
2168,0.0,0.0,1000.0,0.0,0.0,0.0,1125.7225422186043,238.8621971,30259297.804085962
2169,0.0,1218.9857060067893,0.0,1218.9857060067893,218.9857060067864,0.0,1125.7225422185968,238.8621971,30259297.804085962
2170,0.0,3322.3381198061397,0.0,3322.338119806145,1000.0,1322.3381198061397,2398.3407487200257,238.8621971,30259297.804085962
2171,0.0,4560.750759801709,0.0,5196.074003595462,1000.0,2560.7507598017096,4862.807279953191,238.8621971,30259297.804085962
2172,0.0,2000.0,0.0,6681.47395654735,1000.0,0.0,4862.807279953191,238.8621971,30259297.804085962
2173,0.0,5941.8547870314615,0.0,7270.059421472361,1000.0,3941.854787031462,8656.448326992271,238.8621971,30259297.804085962
2174,0.0,5941.8547870314615,0.0,7511.447662583721,1000.0,3941.854787031462,12450.089374031348,238.8621971,30259297.804085962
2175,0.0,5941.8547870314615,0.0,7195.704909831019,1000.0,3941.854787031462,16243.730421070428,238.8621971,30259297.804085962
2176,0.0,5941.8547870314615,0.0,6384.957343004384,1000.0,3941.854787031462,20037.371468109508,238.8621971,30259297.804085962
2177,0.0,2000.0,0.0,4805.78105425229,1000.0,0.0,20037.371468109508,256.8621971,30259297.804085962
2178,0.0,3404.152986329839,0.0,3404.152986329856,1000.0,1404.1529863298392,21388.72830215334,256.8621971,30259297.804085962
2179,0.0,1326.526343325407,673.473656674593,1326.526343325407,1000.0,0.0,20688.94270710492,287.8621971,30259297.804085962
2180,0.0,80.61101028286954,1919.3889897171305,80.61101028286954,1000.0,0.0,18694.565120117044,287.8621971,30259297.804085962
2181,0.0,0.0,2000.0,0.0,1000.0,0.0,16616.42713175462,287.8621971,30259297.804085962
2182,0.0,0.0,2000.0,0.0,1000.0,0.0,14538.28914339219,256.8621971,30259297.804085962
2183,0.0,0.0,2000.0,0.0,1000.0,0.0,12460.15115502976,238.8621971,30259297.804085962
2184,0.0,0.0,1908.4735194370076,0.0,908.4735194370076,0.0,10477.11549476687,238.8621971,30259297.804085962
2185,0.0,0.0,2000.0,0.0,1000.0,0.0,8398.97750640444,258.4706876,30259297.804085962
2186,0.0,0.0,1000.0,0.0,0.0,0.0,7359.908512223227,236.4706876,30259297.804085962
2187,0.0,0.0,1000.0,0.0,0.0,0.0,6320.839518042014,236.4706876,30259297.804085962
2188,0.0,0.0,1000.0,0.0,0.0,0.0,5281.7705238608005,236.4706876,30259297.804085962
2189,0.0,0.0,1000.0,0.0,0.0,0.0,4242.701529679587,236.4706876,30259297.804085962
2190,0.0,0.0,1000.0,0.0,0.0,0.0,3203.632535498373,236.4706876,30259297.804085962
2191,0.0,0.0,1000.0,0.0,0.0,0.0,2164.5635413171594,236.4706876,30259297.804085962
2192,0.0,0.21942246754331354,999.7805775324567,0.21942246754331354,0.0,0.0,1125.7225422185968,236.4706876,30259297.804085962
2193,0.0,1216.6550866570203,0.0,1216.6550866570203,216.65508665701782,0.0,1125.7225422185968,236.4706876,30259297.804085962
2194,0.0,3365.2737210302266,0.0,3365.273721030255,1000.0,1365.2737210302266,2439.661971338087,236.4706876,30259297.804085962
2195,0.0,4901.858364264871,0.0,4901.85836426487,1000.0,2901.858364264871,5232.410461106599,236.4706876,30259297.804085962
2196,0.0,2125.8645490971767,0.0,6369.55627159105,1000.0,125.86454909717672,5353.5425031577215,236.4706876,30259297.804085962
2197,0.0,5941.8547870314615,0.0,6863.659686445472,1000.0,3941.854787031462,9147.183550196802,236.4706876,30259297.804085962
2198,0.0,5941.8547870314615,0.0,6387.1100577268835,1000.0,3941.854787031462,12940.824597235878,236.4706876,30259297.804085962
2199,0.0,5941.8547870314615,0.0,6714.067055532765,1000.0,3941.854787031462,16734.46564427496,236.4706876,30259297.804085962
2200,0.0,5941.8547870314615,0.0,6052.805370081897,1000.0,3941.854787031462,20528.10669131404,289.4706876,30259297.804085962
2201,0.0,2000.0,0.0,4668.582817537792,1000.0,0.0,20528.10669131404,289.4706876,30259297.804085962
2202,0.0,2894.245231545412,0.0,2894.2452315454143,1000.0,894.245231545412,21388.72830215334,294.4706876,30259297.804085962
2203,0.0,1224.0502132230122,0.0,1224.0502132230122,224.05021322300226,0.0,21388.728302153348,294.4706876,30259297.804085962
2204,0.0,108.98171099678133,1891.0182890032193,108.98171099678133,1000.0,0.0,19423.82983062047,294.4706876,30259297.804085962
2205,0.0,0.0,2000.0,0.0,1000.0,0.0,17345.691842258042,294.4706876,30259297.804085962
2206,0.0,0.0,2000.0,0.0,1000.0,0.0,15267.553853895615,294.4706876,30259297.804085962
2207,0.0,0.0,1000.0,0.0,0.0,0.0,14228.484859714401,294.4706876,30259297.804085962
2208,0.0,0.0,1867.4178244317532,0.0,867.4178244317533,0.0,12288.10889916603,294.4706876,30259297.804085962
2209,0.0,0.0,1000.0,0.0,0.0,0.0,11249.039904984817,274.7885455,30259297.804085962
2210,0.0,0.0,1000.0,0.0,0.0,0.0,10209.970910803604,274.7885455,30259297.804085962
2211,0.0,0.0,1000.0,0.0,0.0,0.0,9170.90191662239,274.7885455,30259297.804085962
2212,0.0,0.0,1000.0,0.0,0.0,0.0,8131.832922441176,274.7885455,30259297.804085962
2213,0.0,0.0,1000.0,0.0,0.0,0.0,7092.763928259963,274.7885455,30259297.804085962
2214,0.0,0.0,1000.0,0.0,0.0,0.0,6053.694934078749,274.7885455,30259297.804085962
2215,0.0,0.0,2000.0,0.0,1000.0,0.0,3975.556945716322,294.7885455,30259297.804085962
2216,0.0,1.618978305432119,1998.3810216945678,1.618978305432119,1000.0,0.0,1899.1011875133263,294.7885455,30259297.804085962
2217,0.0,1255.7003917683523,744.2996082316477,1255.7003917683523,1000.0,0.0,1125.7225422185968,294.7885455,30259297.804085962
2218,0.0,3353.5672495129406,0.0,3353.56724951294,1000.0,1353.5672495129406,2428.395663149851,294.7885455,30259297.804085962
2219,0.0,5065.9091461508115,0.0,5065.909146150835,1000.0,3065.9091461508115,5379.026625405391,294.7885455,30259297.804085962
2220,0.0,5197.983574106672,0.0,5197.983574106687,1000.0,3197.9835741066718,8456.766017125652,297.7885455,30259297.804085962
2221,0.0,5941.8547870314615,0.0,6329.313037012831,1000.0,3941.854787031462,12250.40706416473,294.7885455,30259297.804085962
2222,0.0,5941.8547870314615,0.0,7046.402871124105,1000.0,3941.854787031462,16044.04811120381,297.7885455,30259297.804085962
2223,0.0,5941.8547870314615,0.0,6155.732216695495,1000.0,3941.854787031462,19837.68915824289,297.7885455,30259297.804085962
2224,0.0,2954.669970804076,0.0,5315.599851089281,1000.0,954.6699708040759,20756.463538144733,297.7885455,30259297.804085962
2225,0.0,2000.0,0.0,4018.31004705358,1000.0,0.0,20756.463538144733,304.7885455,30259297.804085962
2226,0.0,2656.966712394651,0.0,2656.966712394666,1000.0,656.966712394651,21388.72830215334,304.7885455,30259297.804085962
2227,0.0,1147.6082264431764,852.3917735568236,1147.6082264431764,1000.0,0.0,20503.03443935531,304.7885455,30259297.804085962
2228,0.0,100.88680820198964,1899.1131917980103,100.88680820198964,1000.0,0.0,18529.724805317477,304.7885455,30259297.804085962
2229,0.0,0.0,2000.0,0.0,1000.0,0.0,16451.586816955052,304.7885455,30259297.804085962
2230,0.0,0.0,2000.0,0.0,1000.0,0.0,14373.448828592624,304.7885455,30259297.804085962
2231,0.0,0.0,2000.0,0.0,1000.0,0.0,12295.310840230197,297.7885455,30259297.804085962
2232,0.0,0.0,2000.0,0.0,1000.0,0.0,10217.17285186777,297.7885455,30259297.804085962
2233,0.0,0.0,1000.0,0.0,0.0,0.0,9178.103857686558,118.4822071,30259297.804085962
2234,0.0,0.0,1000.0,0.0,0.0,0.0,8139.034863505343,112.0412071,30259297.804085962
2235,0.0,0.0,1000.0,0.0,0.0,0.0,7099.96586932413,112.0412071,30259297.804085962
2236,0.0,0.0,1000.0,0.0,0.0,0.0,6060.8968751429165,112.0402071,30259297.804085962
2237,0.0,0.0,1000.0,0.0,0.0,0.0,5021.827880961702,118.3362071,30259297.804085962
2238,0.0,0.0,1000.0,0.0,0.0,0.0,3982.758886780489,118.4822071,30259297.804085962
2239,0.0,0.0,1000.0,0.0,0.0,0.0,2943.6898925992755,164.9342071,30259297.804085962
2240,0.0,5.918469708848524,1195.2013987664832,5.918469708848524,201.11986847533174,0.0,1701.7931773390083,286.4782071,30259297.804085962
2241,0.0,1445.5896207601174,554.4103792398826,1445.5896207601174,1000.0,0.0,1125.7225422185968,297.3382071,30259297.804085962
2242,0.0,3295.7820936144044,0.0,3295.7820936144235,1000.0,1295.7820936144044,2372.7832291131,297.3382071,30259297.804085962
2243,0.0,4969.908929270111,0.0,4969.908929270168,1000.0,2969.908929270111,5231.023582642654,297.3382071,30259297.804085962
2244,0.0,2002.8813078770875,0.0,6137.069459040222,1000.0,2.8813078770873854,5233.796553343564,297.3382071,30259297.804085962
2245,0.0,5941.8547870314615,0.0,6961.0476022358325,1000.0,3941.854787031462,9027.437600382644,297.3382071,30259297.804085962
2246,0.0,5941.8547870314615,0.0,7427.9782345755975,1000.0,3941.854787031462,12821.07864742172,297.3382071,30259297.804085962
2247,0.0,5941.8547870314615,0.0,7048.11673415094,1000.0,3941.854787031462,16614.7196944608,303.4782071,30259297.804085962
2248,0.0,5941.8547870314615,0.0,6452.883366883253,1000.0,3941.854787031462,20408.36074149988,322.4782071,30259297.804085962
2249,0.0,2000.0,0.0,5200.106632424161,1000.0,0.0,20408.36074149988,327.4782071,30259297.804085962
2250,0.0,3018.669535176083,0.0,3018.669535176094,1000.0,1018.6695351760832,21388.72830215334,327.4782071,30259297.804085962
2251,0.0,1381.1269173815297,618.8730826184703,1381.1269173815297,1000.0,0.0,20745.67647067114,327.4782071,30259297.804085962
2252,0.0,116.19893293550463,1883.8010670644953,116.19893293550463,1000.0,0.0,18788.27719067893,327.4782071,30259297.804085962
2253,0.0,0.0,2000.0,0.0,1000.0,0.0,16710.139202316503,322.4782071,30259297.804085962
2254,0.0,0.0,2000.0,0.0,1000.0,0.0,14632.001213954076,317.4782071,30259297.804085962
2255,0.0,0.0,2000.0,0.0,1000.0,0.0,12553.86322559165,302.4782071,30259297.804085962
2256,0.0,0.0,2000.0,0.0,1000.0,0.0,10475.725237229222,297.3382071,30259297.804085962
2257,0.0,0.0,1000.0,0.0,0.0,0.0,9436.656243048008,116.7799715,30259297.804085962
2258,0.0,0.0,1000.0,0.0,0.0,0.0,8397.587248866796,116.7799715,30259297.804085962
2259,0.0,0.0,1000.0,0.0,0.0,0.0,7358.518254685581,114.8139715,30259297.804085962
2260,0.0,0.0,1000.0,0.0,0.0,0.0,6319.449260504368,116.7799715,30259297.804085962
2261,0.0,0.0,1000.0,0.0,0.0,0.0,5280.3802663231545,117.3569715,30259297.804085962
2262,0.0,0.0,2000.0,0.0,1000.0,0.0,3202.242277960726,216.3529715,30259297.804085962
2263,0.0,0.0,1013.3040019005373,0.0,13.304001900537287,0.0,2149.349507906136,216.3529715,30259297.804085962
2264,0.0,14.861408222312695,985.1385917776873,14.861408222312695,0.0,0.0,1125.7225422185968,216.3529715,30259297.804085962
2265,0.0,1398.840816555142,0.0,1398.840816555142,398.8408165551373,0.0,1125.7225422185968,117.3569715,30259297.804085962
2266,0.0,3572.1118559180686,0.0,3572.111855918088,1000.0,1572.1118559180686,2638.7229923541463,117.3569715,30259297.804085962
2267,0.0,5003.313652583609,0.0,5477.735135690069,1000.0,3003.3136525836094,5529.112051600612,216.3529715,30259297.804085962
2268,0.0,2000.0,0.0,6597.773249143489,1000.0,0.0,5529.112051600612,287.5829715,30259297.804085962
2269,0.0,5941.8547870314615,0.0,7298.54873653875,1000.0,3941.854787031462,9322.753098639692,287.5829715,30259297.804085962
2270,0.0,5941.8547870314615,0.0,6717.862466924142,1000.0,3941.854787031462,13116.394145678769,287.5829715,30259297.804085962
2271,0.0,5941.8547870314615,0.0,6616.732514510875,1000.0,3941.854787031462,16910.03519271785,287.5829715,30259297.804085962
2272,0.0,5666.189229045246,0.0,5666.189229045255,1000.0,3666.189229045246,20438.375706750994,287.5829715,30259297.804085962
2273,0.0,2000.0,0.0,4799.180599904133,1000.0,0.0,20438.375706750994,327.3529715,30259297.804085962
2274,0.0,2987.4819154222237,0.0,2987.4819154222314,1000.0,987.4819154222237,21388.72830215334,304.3529715,30259297.804085962
2275,0.0,1473.5096274980892,526.4903725019108,1473.5096274980892,1000.0,0.0,20841.66848035169,304.3529715,30259297.804085962
2276,0.0,130.53846955628623,1869.4615304437139,130.53846955628623,1000.0,0.0,18899.16896825307,366.3529715,30259297.804085962
2277,0.0,0.0,2000.0,0.0,1000.0,0.0,16821.030979890646,304.3529715,30259297.804085962
2278,0.0,0.0,2000.0,0.0,1000.0,0.0,14742.892991528215,304.3529715,30259297.804085962
2279,0.0,0.0,2000.0,0.0,1000.0,0.0,12664.755003165788,287.5829715,30259297.804085962
2280,0.0,0.0,1000.0,0.0,0.0,0.0,11625.686008984574,216.3529715,30259297.804085962
2281,0.0,0.0,1000.0,0.0,0.0,0.0,10586.61701480336,112.2970832,30259297.804085962
2282,0.0,0.0,1000.0,0.0,0.0,0.0,9547.548020622147,112.2970832,30259297.804085962
2283,0.0,0.0,1000.0,0.0,0.0,0.0,8508.479026440933,112.2970832,30259297.804085962
2284,0.0,0.0,1000.0,0.0,0.0,0.0,7469.41003225972,112.2970832,30259297.804085962
2285,0.0,0.0,1000.0,0.0,0.0,0.0,6430.341038078506,112.2970832,30259297.804085962
2286,0.0,0.0,2000.0,0.0,1000.0,0.0,4352.203049716082,251.2930832,30259297.804085962
2287,0.0,0.0,2000.0,0.0,1000.0,0.0,2274.065061353655,270.4160832,30259297.804085962
2288,0.0,19.9081238490458,1105.16484041558,19.9081238490458,125.07296426462585,0.0,1125.7225422185968,251.2930832,30259297.804085962
2289,0.0,1313.9896276789102,0.0,1313.9896276789102,313.98962767890816,0.0,1125.7225422185968,251.2930832,30259297.804085962
2290,0.0,3238.3527582380502,0.0,3238.3527582380752,1000.0,1238.3527582380502,2317.5132367468964,112.2970832,30259297.804085962
2291,0.0,4765.389560184142,0.0,4765.389560184198,1000.0,2765.3895601841423,4978.9241494681155,251.2930832,30259297.804085962
2292,0.0,2000.0,0.0,5854.7204155323525,1000.0,0.0,4978.9241494681155,251.2930832,30259297.804085962
2293,0.0,5941.8547870314615,0.0,6684.225624735663,1000.0,3941.854787031462,8772.565196507196,270.4160832,30259297.804085962
2294,0.0,5941.8547870314615,0.0,6869.6671141017705,1000.0,3941.854787031462,12566.206243546272,270.4160832,30259297.804085962
2295,0.0,5941.8547870314615,0.0,6629.613197131634,1000.0,3941.854787031462,16359.847290585352,270.4160832,30259297.804085962
2296,0.0,5941.8547870314615,0.0,5989.072088069504,1000.0,3941.854787031462,20153.488337624432,275.2930832,30259297.804085962
2297,0.0,2197.538536372957,0.0,4526.581020675467,1000.0,197.538536372957,20343.599425029766,299.2930832,30259297.804085962
2298,0.0,3085.961011142536,0.0,3085.9610111425386,1000.0,1085.9610111425359,21388.72830215334,275.2930832,30259297.804085962
2299,0.0,1312.6375119481966,687.3624880518034,1312.6375119481966,1000.0,0.0,20674.511253055458,341.2930832,30259297.804085962
2300,0.0,111.54954778387281,1888.4504522161271,111.54954778387281,1000.0,0.0,18712.28094111019,299.2930832,30259297.804085962
2301,0.0,0.0,2000.0,0.0,1000.0,0.0,16634.142952747767,299.2930832,30259297.804085962
2302,0.0,0.0,2000.0,0.0,1000.0,0.0,14556.004964385336,270.4160832,30259297.804085962
2303,0.0,0.0,2000.0,0.0,1000.0,0.0,12477.86697602291,270.4160832,30259297.804085962
2304,0.0,0.0,2000.0,0.0,1000.0,0.0,10399.728987660481,251.2930832,30259297.804085962
2305,0.0,0.0,1000.0,0.0,0.0,0.0,9360.659993479268,110.2134761,30259297.804085962
2306,0.0,0.0,1000.0,0.0,0.0,0.0,8321.590999298054,110.2134761,30259297.804085962
2307,0.0,0.0,1000.0,0.0,0.0,0.0,7282.522005116841,110.2134761,30259297.804085962
2308,0.0,0.0,1000.0,0.0,0.0,0.0,6243.453010935627,110.2134761,30259297.804085962
2309,0.0,0.0,1955.2697750167913,0.0,955.2697750167913,0.0,4211.79281245599,116.6554761,30259297.804085962
2310,0.0,0.0,1000.0,0.0,0.0,0.0,3172.723818274777,116.6554761,30259297.804085962
2311,0.0,0.0,1000.0,0.0,0.0,0.0,2133.6548240935635,116.6554761,30259297.804085962
2312,0.0,29.96597192353206,970.0340280764678,29.96597192353206,0.0,0.0,1125.7225422185968,116.6554761,30259297.804085962
2313,0.0,1385.7407193541815,0.0,1385.7407193541815,385.7407193541723,0.0,1125.7225422185968,116.6554761,30259297.804085962
2314,0.0,3273.98811761758,0.0,3273.9881176175963,1000.0,1273.98811761758,2351.808706613756,114.1124761,30259297.804085962
2315,0.0,4797.14648826642,0.0,4797.146488266478,1000.0,2797.1464882664204,5043.782486921359,116.6024761,30259297.804085962
2316,0.0,2000.0,0.0,5878.63151180507,1000.0,0.0,5043.782486921359,116.6024761,30259297.804085962
2317,0.0,5879.888742814336,0.0,5879.888742814382,1000.0,3879.888742814336,8777.787413005877,114.1124761,30259297.804085962
2318,0.0,5941.8547870314615,0.0,6334.614750398746,1000.0,3941.854787031462,12571.428460044957,116.6554761,30259297.804085962
2319,0.0,5941.8547870314615,0.0,6350.626651361059,1000.0,3941.854787031462,16365.069507084036,275.6514761,30259297.804085962
2320,0.0,5627.61834754093,0.0,5627.618347540937,1000.0,3627.61834754093,19856.289404757426,275.6514761,30259297.804085962
2321,0.0,2231.2821393660633,0.0,4559.76123084642,1000.0,231.28213936606343,20078.875335683326,303.6514761,30259297.804085962
2322,0.0,3361.0276043952817,0.0,3361.0276043953086,1000.0,1361.0276043952817,21388.72830215334,303.6514761,30259297.804085962
2323,0.0,1372.6702672906165,627.3297327093835,1372.6702672906165,1000.0,0.0,20736.889427767033,465.6514761,30259297.804085962
2324,0.0,143.10484160781002,1856.89515839219,143.10484160781002,1000.0,0.0,18807.44724323649,303.6514761,30259297.804085962
2325,0.0,0.0,2000.0,0.0,1000.0,0.0,16729.30925487406,303.6514761,30259297.804085962
2326,0.0,0.0,2000.0,0.0,1000.0,0.0,14651.171266511636,303.6514761,30259297.804085962
2327,0.0,0.0,2000.0,0.0,1000.0,0.0,12573.033278149209,275.6514761,30259297.804085962
2328,0.0,0.0,1000.0,0.0,0.0,0.0,11533.964283967995,116.6554761,30259297.804085962
2329,0.0,0.0,1000.0,0.0,0.0,0.0,10494.895289786764,125.4062845,30259297.804085962
2330,0.0,0.0,2000.0,0.0,1000.0,0.0,8416.757301424337,125.4062845,30259297.804085962
2331,0.0,0.0,1000.0,0.0,0.0,0.0,7377.688307243124,114.9682845,30259297.804085962
2332,0.0,0.0,1000.0,0.0,0.0,0.0,6338.619313061909,125.4062845,30259297.804085962
2333,0.0,0.0,1000.0,0.0,0.0,0.0,5299.550318880696,125.4062845,30259297.804085962
2334,0.0,0.0,2000.0,0.0,1000.0,0.0,3221.4123305182684,125.4062845,30259297.804085962
2335,0.0,0.0,1000.0,0.0,0.0,0.0,2182.343336337055,125.4062845,30259297.804085962
2336,0.0,40.907427628039656,1016.8918522596043,40.907427628039656,57.79927988764369,0.0,1125.7225422185968,125.4062845,30259297.804085962
2337,0.0,1415.1255068661285,0.0,1415.1255068661285,415.12550686612667,0.0,1125.7225422185968,114.9682845,30259297.804085962
2338,0.0,3262.8094444757708,0.0,3262.8094444757667,1000.0,1262.8094444757708,2341.0503515820783,114.9682845,30259297.804085962
2339,0.0,4404.9727966054215,0.0,4950.220231268955,1000.0,2404.972796605422,4655.596171035137,114.9692845,30259297.804085962
2340,0.0,2000.0,0.0,6151.723317497871,1000.0,0.0,4655.596171035137,118.8672845,30259297.804085962
2341,0.0,5941.8547870314615,0.0,6897.676067519561,1000.0,3941.854787031462,8449.237218074217,118.8672845,30259297.804085962
2342,0.0,5941.8547870314615,0.0,7054.1004434437955,1000.0,3941.854787031462,12242.878265113293,118.8672845,30259297.804085962
2343,0.0,5941.8547870314615,0.0,6795.834474061959,1000.0,3941.854787031462,16036.519312152373,125.4062845,30259297.804085962
2344,0.0,5941.8547870314615,0.0,6183.770826518312,1000.0,3941.854787031462,19830.160359191454,125.4062845,30259297.804085962
2345,0.0,2000.0,0.0,5045.259724852425,1000.0,0.0,19830.160359191454,234.6592845,30259297.804085962
2346,0.0,3619.459624856495,0.0,3619.459624856508,1000.0,1619.4596248564949,21388.72830215334,260.4062845,30259297.804085962
2347,0.0,1524.474903200615,475.525096799385,1524.474903200615,1000.0,0.0,20894.62491811408,260.4062845,30259297.804085962
2348,0.0,148.5192425722485,1851.4807574277515,148.5192425722485,1000.0,0.0,18970.808669747763,260.4062845,30259297.804085962
2349,0.0,0.0,2000.0,0.0,1000.0,0.0,16892.670681385338,260.4062845,30259297.804085962
2350,0.0,0.0,2000.0,0.0,1000.0,0.0,14814.53269302291,260.4062845,30259297.804085962
2351,0.0,0.0,2000.0,0.0,1000.0,0.0,12736.394704660483,240.4062845,30259297.804085962
2352,0.0,0.0,2000.0,0.0,1000.0,0.0,10658.256716298056,234.6592845,30259297.804085962
2353,0.0,0.0,2000.0,0.0,1000.0,0.0,8580.118727935624,226.7112847,30259297.804085962
2354,0.0,0.0,1217.0761467632046,0.0,217.07614676320463,0.0,7315.492640276434,226.7112847,30259297.804085962
2355,0.0,0.0,1000.0,0.0,0.0,0.0,6276.423646095221,114.6492847,30259297.804085962
2356,0.0,0.0,1000.0,0.0,0.0,0.0,5237.354651914007,110.7502847,30259297.804085962
2357,0.0,0.0,1000.0,0.0,0.0,0.0,4198.285657732793,110.7502847,30259297.804085962
2358,0.0,0.0,1000.0,0.0,0.0,0.0,3159.2166635515796,110.7502847,30259297.804085962
2359,0.0,0.0,1000.0,0.0,0.0,0.0,2120.147669370366,110.7502847,30259297.804085962
2360,0.0,42.96525762913706,957.0347423708629,42.96525762913706,0.0,0.0,1125.7225422185968,110.7502847,30259297.804085962
2361,0.0,1270.8523921964575,0.0,1270.8523921964575,270.85239219645155,0.0,1125.7225422185968,110.7502847,30259297.804085962
2362,0.0,3017.00903565008,0.0,3017.0090356500978,1000.0,1017.00903565008,2104.4920381282336,110.7502847,30259297.804085962
2363,0.0,4562.097776970126,0.0,4562.097776970142,1000.0,2562.097776970126,4570.254938684283,110.7502847,30259297.804085962
2364,0.0,3525.233164027817,0.0,5620.472291960174,1000.0,1525.233164027817,6038.139335744654,110.7502847,30259297.804085962
2365,0.0,5941.8547870314615,0.0,5943.954126985499,1000.0,3941.854787031462,9831.780382783734,110.7502847,30259297.804085962
2366,0.0,5941.8547870314615,0.0,6255.3677319297585,1000.0,3941.854787031462,13625.421429822813,110.7502847,30259297.804085962
2367,0.0,5845.43944808618,0.0,5845.43944808621,1000.0,3845.43944808618,17326.272354660952,110.7502847,30259297.804085962
2368,0.0,5204.447633780516,0.0,5204.44763378051,1000.0,3204.4476337805163,20410.232757411322,215.1882847,30259297.804085962
2369,0.0,2000.0,0.0,4397.750487372063,1000.0,0.0,20410.232757411322,226.7112847,30259297.804085962
2370,0.0,3016.724381485892,0.0,3016.72438148589,1000.0,1016.7243814858921,21388.72830215334,226.7112847,30259297.804085962
2371,0.0,1416.8097247555675,583.1902752444325,1416.8097247555675,1000.0,0.0,20782.75336943884,236.1882847,30259297.804085962
2372,0.0,131.54662958036846,1868.4533704196315,131.54662958036846,1000.0,0.0,18841.301405162412,236.1882847,30259297.804085962
2373,0.0,0.0,2000.0,0.0,1000.0,0.0,16763.163416799987,226.7112847,30259297.804085962
2374,0.0,0.0,2000.0,0.0,1000.0,0.0,14685.025428437559,226.7112847,30259297.804085962
2375,0.0,0.0,2000.0,0.0,1000.0,0.0,12606.887440075132,226.7112847,30259297.804085962
2376,0.0,0.0,2000.0,0.0,1000.0,0.0,10528.749451712705,226.7112847,30259297.804085962
2377,0.0,0.0,2000.0,0.0,1000.0,0.0,8450.611463350262,110.7163103,30259297.804085962
2378,0.0,0.0,1000.0,0.0,0.0,0.0,7411.542469169048,108.1753103,30259297.804085962
2379,0.0,0.0,1000.0,0.0,0.0,0.0,6372.473474987834,108.1753103,30259297.804085962
2380,0.0,0.0,1000.0,0.0,0.0,0.0,5333.404480806621,110.7163103,30259297.804085962
2381,0.0,0.0,1101.950602168132,0.0,101.9506021681321,0.0,4188.401776974397,110.7163103,30259297.804085962
2382,0.0,0.0,1000.0,0.0,0.0,0.0,3149.332782793183,110.7163103,30259297.804085962
2383,0.0,0.0,1000.0,0.0,0.0,0.0,2110.263788611969,108.1753103,30259297.804085962
2384,0.0,52.4775044710182,947.5224955289818,52.4775044710182,0.0,0.0,1125.7225422185968,108.1753103,30259297.804085962
2385,0.0,1399.0720959508808,0.0,1399.0720959508808,399.0720959508835,0.0,1125.7225422185968,108.1753103,30259297.804085962
2386,0.0,2803.4518433292437,0.0,2803.45184332926,1000.0,803.4518433292437,1898.964596238661,108.1753103,30259297.804085962
2387,0.0,4317.67914028021,0.0,4317.679140280214,1000.0,2317.67914028021,4129.499000844335,108.1753103,30259297.804085962
2388,0.0,4903.240136400598,0.0,4903.240136400611,1000.0,2903.2401364005977,6923.57730811627,108.1753103,30259297.804085962
2389,0.0,5829.08951819122,0.0,5829.089518191217,1000.0,3829.08951819122,10608.6930604235,110.7163103,30259297.804085962
2390,0.0,5941.8547870314615,0.0,6786.808515642629,1000.0,3941.854787031462,14402.334107462575,110.7163103,30259297.804085962
2391,0.0,5602.177219642544,0.0,5602.177219642606,1000.0,3602.1772196425436,17869.06946364656,113.0673103,30259297.804085962
2392,0.0,5342.363438313291,0.0,5342.3634383132985,1000.0,3342.363438313291,21085.760036679272,114.7123103,30259297.804085962
2393,0.0,2000.0,0.0,4163.490498984346,1000.0,0.0,21085.760036679272,200.2353103,30259297.804085962
2394,0.0,2314.8049308749705,0.0,2807.994478943952,1000.0,314.8049308749707,21388.72830215334,200.2353103,30259297.804085962
2395,0.0,1280.4951069387214,719.5048930612786,1280.4951069387214,1000.0,0.0,20641.113076611695,203.7123103,30259297.804085962
2396,0.0,173.05894871580503,1826.941051284195,173.05894871580503,1000.0,0.0,18742.795276025456,203.7123103,30259297.804085962
2397,0.0,0.0,1560.7114864871824,0.0,560.7114864871825,0.0,17121.10836155416,200.2353103,30259297.804085962
2398,0.0,0.0,2000.0,0.0,1000.0,0.0,15042.970373191733,200.2353103,30259297.804085962
2399,0.0,0.0,1000.0,0.0,0.0,0.0,14003.90137901052,200.2353103,30259297.804085962
2400,0.0,0.0,1000.0,0.0,0.0,0.0,12964.832384829306,114.7123103,30259297.804085962
2401,0.0,0.0,1000.0,0.0,0.0,0.0,11925.763390648093,116.6658367,30259297.804085962
2402,0.0,0.0,1000.0,0.0,0.0,0.0,10886.694396466879,116.6658367,30259297.804085962
2403,0.0,0.0,1000.0,0.0,0.0,0.0,9847.625402285666,116.6658367,30259297.804085962
2404,0.0,0.0,1000.0,0.0,0.0,0.0,8808.556408104452,116.6658367,30259297.804085962
2405,0.0,0.0,1000.0,0.0,0.0,0.0,7769.487413923239,116.6658367,30259297.804085962
2406,0.0,0.0,2000.0,0.0,1000.0,0.0,5691.349425560811,205.6658367,30259297.804085962
2407,0.0,0.0,2000.0,0.0,1000.0,0.0,3613.2114371983844,219.1888367,30259297.804085962
2408,0.0,69.80593798506659,1930.1940620149335,69.80593798506659,1000.0,0.0,1607.606634605967,219.1888367,30259297.804085962
2409,0.0,1536.234749486399,463.7652505136009,1536.234749486399,1000.0,0.0,1125.7225422185968,219.1888367,30259297.804085962
2410,0.0,3654.5019575441615,0.0,3654.501957544169,1000.0,1654.5019575441615,2718.015226159098,219.1888367,30259297.804085962
2411,0.0,4777.510325554387,0.0,5357.663698231276,1000.0,2777.510325554387,5391.09116347264,219.1888367,30259297.804085962
2412,0.0,2000.0,0.0,6361.633346649574,1000.0,0.0,5391.09116347264,219.1888367,30259297.804085962
2413,0.0,5941.8547870314615,0.0,6340.711136002493,1000.0,3941.854787031462,9184.73221051172,219.1888367,30259297.804085962
2414,0.0,5941.8547870314615,0.0,6378.433981788137,1000.0,3941.854787031462,12978.3732575508,223.0658367,30259297.804085962
2415,0.0,5941.8547870314615,0.0,6087.717234869176,1000.0,3941.854787031462,16772.01430458988,273.6658367,30259297.804085962
2416,0.0,5802.580939994018,0.0,5802.5809399940135,1000.0,3802.580939994018,20431.618201240122,273.6658367,30259297.804085962
2417,0.0,2000.0,0.0,4307.645021836802,1000.0,0.0,20431.618201240122,273.6658367,30259297.804085962
2418,0.0,2994.503429876582,0.0,2994.503429876565,1000.0,994.5034298765818,21388.72830215334,273.6658367,30259297.804085962
2419,0.0,1380.4212031111458,619.5787968888542,1380.4212031111458,1000.0,0.0,20744.943184854033,313.6658367,30259297.804085962
2420,0.0,167.58525747657475,1832.4147425234253,167.58525747657475,1000.0,0.0,18840.937841417388,313.6658367,30259297.804085962
2421,0.0,0.0,2000.0,0.0,1000.0,0.0,16762.79985305496,273.6658367,30259297.804085962
2422,0.0,0.0,2000.0,0.0,1000.0,0.0,14684.661864692534,273.6658367,30259297.804085962
2423,0.0,0.0,2000.0,0.0,1000.0,0.0,12606.523876330108,243.6658367,30259297.804085962
2424,0.0,0.0,2000.0,0.0,1000.0,0.0,10528.38588796768,219.1888367,30259297.804085962
2425,0.0,0.0,1000.0,0.0,0.0,0.0,9489.316893786468,110.390231,30259297.804085962
2426,0.0,0.0,1000.0,0.0,0.0,0.0,8450.247899605254,110.390231,30259297.804085962
2427,0.0,0.0,1000.0,0.0,0.0,0.0,7411.178905424041,110.390231,30259297.804085962
2428,0.0,0.0,1000.0,0.0,0.0,0.0,6372.109911242827,110.390231,30259297.804085962
2429,0.0,0.0,1000.0,0.0,0.0,0.0,5333.040917061613,110.390231,30259297.804085962
2430,0.0,0.0,1000.0,0.0,0.0,0.0,4293.9719228804,110.390231,30259297.804085962
2431,0.0,0.0,1000.0,0.0,0.0,0.0,3254.9029286991863,117.114231,30259297.804085962
2432,0.0,78.86749085100762,1718.2270536090045,78.86749085100762,797.094544460012,0.0,1469.546472330724,205.828231,30259297.804085962
2433,0.0,1669.1038496600854,330.8961503399114,1669.1038496600854,1000.0,0.0,1125.7225422185968,205.828231,30259297.804085962
2434,0.0,3920.690840599822,0.0,3920.69084059985,1000.0,1920.690840599822,2974.1954072118656,116.832231,30259297.804085962
2435,0.0,5653.949021110874,0.0,5653.949021110872,1000.0,3653.949021110874,6490.755945128971,205.828231,30259297.804085962
2436,0.0,2445.8889791285337,0.0,6497.740403434123,1000.0,445.88897912853383,6919.879498642272,205.828231,30259297.804085962
2437,0.0,5941.8547870314615,0.0,6616.975658722151,1000.0,3941.854787031462,10713.520545681351,205.828231,30259297.804085962
2438,0.0,5941.8547870314615,0.0,6889.557446361326,1000.0,3941.854787031462,14507.16159272043,205.828231,30259297.804085962
2439,0.0,5941.8547870314615,0.0,6676.97283088559,1000.0,3941.854787031462,18300.80263975951,205.828231,30259297.804085962
2440,0.0,2000.0,0.0,5241.22755912608,1000.0,0.0,18300.80263975951,275.828231,30259297.804085962
2441,0.0,4411.366529400616,0.0,4411.366529400602,1000.0,2411.366529400616,20621.501787654663,285.728231,30259297.804085962
2442,0.0,2797.201282729299,0.0,2797.2012827293174,1000.0,797.2012827292988,21388.72830215334,305.828231,30259297.804085962
2443,0.0,1354.6657759112113,645.3342240887887,1354.6657759112113,1000.0,0.0,20718.18151901869,315.828231,30259297.804085962
2444,0.0,179.1553343195533,1820.8446656804467,179.1553343195533,1000.0,0.0,18826.198283689875,315.828231,30259297.804085962
2445,0.0,0.0,2000.0,0.0,1000.0,0.0,16748.06029532745,305.828231,30259297.804085962
2446,0.0,0.0,2000.0,0.0,1000.0,0.0,14669.922306965022,285.728231,30259297.804085962
2447,0.0,0.0,1000.0,0.0,0.0,0.0,13630.853312783809,205.828231,30259297.804085962
2448,0.0,0.0,1000.0,0.0,0.0,0.0,12591.784318602595,205.828231,30259297.804085962
2449,0.0,0.0,1000.0,0.0,0.0,0.0,11552.71532442138,116.2056037,30259297.804085962
2450,0.0,0.0,1000.0,0.0,0.0,0.0,10513.646330240168,116.2056037,30259297.804085962
2451,0.0,0.0,1000.0,0.0,0.0,0.0,9474.577336058954,116.2056037,30259297.804085962
2452,0.0,0.0,1000.0,0.0,0.0,0.0,8435.508341877741,116.2056037,30259297.804085962
2453,0.0,0.0,1000.0,0.0,0.0,0.0,7396.439347696527,116.2056037,30259297.804085962
2454,0.0,0.0,2000.0,0.0,1000.0,0.0,5318.301359334098,244.2056037,30259297.804085962
2455,0.0,0.0,2000.0,0.0,1000.0,0.0,3240.1633709716716,244.2056037,30259297.804085962
2456,0.0,84.9875948181988,1679.513839388767,84.9875948181988,764.501434206966,0.0,1495.0326151645572,244.2056037,30259297.804085962
2457,0.0,1644.5759857968037,355.4240142031922,1644.5759857968037,1000.0,0.0,1125.7225422185968,244.2056037,30259297.804085962
2458,0.0,3562.4216931812925,0.0,3562.421693181307,1000.0,1562.4216931812925,2629.397179736273,244.2056037,30259297.804085962
2459,0.0,4605.815346117257,0.0,5307.623551379336,1000.0,2605.815346117257,5137.233868839521,244.2056037,30259297.804085962
2460,0.0,2000.0,0.0,6469.423066221051,1000.0,0.0,5137.233868839521,244.2056037,30259297.804085962
2461,0.0,5941.8547870314615,0.0,7014.634078226288,1000.0,3941.854787031462,8930.874915878601,244.2056037,30259297.804085962
2462,0.0,5941.8547870314615,0.0,7393.487418626864,1000.0,3941.854787031462,12724.515962917678,244.2056037,30259297.804085962
2463,0.0,5941.8547870314615,0.0,7207.52999570081,1000.0,3941.854787031462,16518.157009956758,244.2056037,30259297.804085962
2464,0.0,5941.8547870314615,0.0,6099.222083395779,1000.0,3941.854787031462,20311.798056995838,274.2056037,30259297.804085962
2465,0.0,2000.0,0.0,5080.521483387918,1000.0,0.0,20311.798056995838,304.2056037,30259297.804085962
2466,0.0,3119.0048266391354,0.0,3119.0048266391564,1000.0,1119.0048266391354,21388.72830215334,313.2056037,30259297.804085962
2467,0.0,1407.943879374016,592.056120625984,1407.943879374016,1000.0,0.0,20773.54114439567,314.2056037,30259297.804085962
2468,0.0,179.64162274210443,1820.3583772578957,179.64162274210443,1000.0,0.0,18882.063196288953,313.2056037,30259297.804085962
2469,0.0,0.0,2000.0,0.0,1000.0,0.0,16803.925207926528,313.2056037,30259297.804085962
2470,0.0,0.0,2000.0,0.0,1000.0,0.0,14725.7872195641,304.2056037,30259297.804085962
2471,0.0,0.0,2000.0,0.0,1000.0,0.0,12647.649231201673,244.2056037,30259297.804085962
2472,0.0,0.0,2000.0,0.0,1000.0,0.0,10569.511242839246,244.2056037,30259297.804085962
2473,0.0,0.0,1000.0,0.0,0.0,0.0,9530.44224865801,237.8653247,30259297.804085962
2474,0.0,0.0,1000.0,0.0,0.0,0.0,8491.373254476795,227.8653247,30259297.804085962
2475,0.0,0.0,1000.0,0.0,0.0,0.0,7452.304260295582,227.8653247,30259297.804085962
2476,0.0,0.0,1000.0,0.0,0.0,0.0,6413.235266114369,227.8653247,30259297.804085962
2477,0.0,0.0,1000.0,0.0,0.0,0.0,5374.166271933155,237.8653247,30259297.804085962
2478,0.0,0.0,1000.0,0.0,0.0,0.0,4335.097277751942,237.8653247,30259297.804085962
2479,0.0,0.0,1188.741017960615,0.0,188.74101796061495,0.0,3099.9133438776535,237.8653247,30259297.804085962
2480,0.0,100.03877248331713,1899.9612275166833,100.03877248331713,1000.0,0.0,1125.7225422185893,237.8653247,30259297.804085962
2481,0.0,1494.443702960707,0.0,1494.443702960707,494.4437029607028,0.0,1125.7225422185968,237.8653247,30259297.804085962
2482,0.0,3395.791209692691,0.0,3395.791209692714,1000.0,1395.7912096926912,2469.032002426843,237.8653247,30259297.804085962
2483,0.0,4532.742634595577,0.0,4532.742634595592,1000.0,2532.7426345955773,4906.543513961627,237.8653247,30259297.804085962
2484,0.0,2755.1854637969764,0.0,5855.402400171663,1000.0,755.1854637969766,5633.334004319837,237.8653247,30259297.804085962
2485,0.0,5941.8547870314615,0.0,6653.974998647922,1000.0,3941.854787031462,9426.975051358917,237.8653247,30259297.804085962
2486,0.0,5941.8547870314615,0.0,6699.170064131473,1000.0,3941.854787031462,13220.616098397997,237.8653247,30259297.804085962
2487,0.0,5941.8547870314615,0.0,6492.076931484457,1000.0,3941.854787031462,17014.257145437077,253.8653247,30259297.804085962
2488,0.0,5534.607016285862,0.0,5534.607016285906,1000.0,3534.6070162858623,20415.96293791059,253.8653247,30259297.804085962
2489,0.0,2000.0,0.0,4028.6762676557178,1000.0,0.0,20415.96293791059,253.8653247,30259297.804085962
2490,0.0,3010.77032859804,0.0,3010.770328598061,1000.0,1010.7703285980401,21388.72830215334,267.8653247,30259297.804085962
2491,0.0,1275.5017660804583,724.4982339195417,1275.5017660804583,1000.0,0.0,20635.924650948495,356.8653247,30259297.804085962
2492,0.0,200.824769189951,1799.175230810049,200.824769189951,1000.0,0.0,18766.45745351494,356.8653247,30259297.804085962
2493,0.0,0.0,2000.0,0.0,1000.0,0.0,16688.319465152512,267.8653247,30259297.804085962
2494,0.0,0.0,2000.0,0.0,1000.0,0.0,14610.181476790087,253.8653247,30259297.804085962
2495,0.0,0.0,2000.0,0.0,1000.0,0.0,12532.04348842766,253.8653247,30259297.804085962
2496,0.0,0.0,1000.0,0.0,0.0,0.0,11492.974494246446,237.8653247,30259297.804085962
2497,0.0,0.0,1000.0,0.0,0.0,0.0,10453.905500065202,243.6625181,30259297.804085962
2498,0.0,0.0,1000.0,0.0,0.0,0.0,9414.836505883988,243.6625181,30259297.804085962
2499,0.0,0.0,1000.0,0.0,0.0,0.0,8375.767511702774,243.6625181,30259297.804085962
2500,0.0,0.0,2000.0,0.0,1000.0,0.0,6297.629523340347,243.6625181,30259297.804085962
2501,0.0,0.0,1000.0,0.0,0.0,0.0,5258.560529159134,243.6625181,30259297.804085962
2502,0.0,0.0,1000.0,0.0,0.0,0.0,4219.49153497792,243.6625181,30259297.804085962
2503,0.0,0.0,1065.6273201077029,0.0,65.62732010770287,0.0,3112.231227301587,243.6625181,30259297.804085962
2504,0.0,88.18404147613013,1911.8159585238698,88.18404147613013,1000.0,0.0,1125.7225422185968,243.7725181,30259297.804085962
2505,0.0,1388.2018066043331,0.0,1388.2018066043331,388.20180660432686,0.0,1125.7225422185968,243.6625181,30259297.804085962
2506,0.0,3003.369275258113,0.0,3003.3692752581155,1000.0,1003.3692752581128,2091.3651327270045,243.6625181,30259297.804085962
2507,0.0,4570.6078018294875,0.0,4570.607801829525,1000.0,2570.6078018294875,4565.3180812077035,243.6625181,30259297.804085962
2508,0.0,2000.0,0.0,5561.619685762782,1000.0,0.0,4565.3180812077035,243.7725181,30259297.804085962
2509,0.0,5941.8547870314615,0.0,7075.402192976489,1000.0,3941.854787031462,8358.959128246783,243.7725181,30259297.804085962
2510,0.0,5941.8547870314615,0.0,7835.670783790778,1000.0,3941.854787031462,12152.600175285861,243.7725181,30259297.804085962
2511,0.0,5941.8547870314615,0.0,6903.570818864966,1000.0,3941.854787031462,15946.241222324941,243.7725181,30259297.804085962
2512,0.0,5941.8547870314615,0.0,6033.8342398989735,1000.0,3941.854787031462,19739.88226936402,243.7725181,30259297.804085962
2513,0.0,2650.6337008363234,0.0,4844.950900490052,1000.0,650.6337008363232,20366.0521430489,243.7725181,30259297.804085962
2514,0.0,3062.631088013763,0.0,3062.631088013776,1000.0,1062.631088013763,21388.72830215334,248.7725181,30259297.804085962
2515,0.0,1316.4447881551089,683.5552118448911,1316.4447881551089,1000.0,0.0,20678.467275714338,273.7725181,30259297.804085962
2516,0.0,143.18193473972283,1856.818065260277,143.18193473972283,1000.0,0.0,18749.105196266835,273.7725181,30259297.804085962
2517,0.0,0.0,1000.0,0.0,0.0,0.0,17710.036202085623,248.7725181,30259297.804085962
2518,0.0,0.0,1000.0,0.0,0.0,0.0,16670.96720790441,243.7725181,30259297.804085962
2519,0.0,0.0,1000.0,0.0,0.0,0.0,15631.898213723196,243.7725181,30259297.804085962
2520,0.0,0.0,1000.0,0.0,0.0,0.0,14592.829219541982,243.7725181,30259297.804085962
2521,0.0,0.0,2000.0,0.0,1000.0,0.0,12514.691231179555,255.1037774,30259297.804085962
2522,0.0,0.0,2000.0,0.0,1000.0,0.0,10436.553242817128,255.1037774,30259297.804085962
2523,0.0,0.0,2000.0,0.0,1000.0,0.0,8358.4152544547,250.1037774,30259297.804085962
2524,0.0,0.0,1087.5102427843788,0.0,87.51024278437876,0.0,7228.417080322967,250.1037774,30259297.804085962
2525,0.0,0.0,2000.0,0.0,1000.0,0.0,5150.2790919605395,255.1037774,30259297.804085962
2526,0.0,0.0,2000.0,0.0,1000.0,0.0,3072.1411035981127,255.1037774,30259297.804085962
2527,0.0,0.0,1000.0,0.0,0.0,0.0,2033.0721094168994,118.0437774,30259297.804085962
2528,0.0,126.76677652835387,873.2332234716462,126.76677652835387,0.0,0.0,1125.7225422185968,116.1077774,30259297.804085962
2529,0.0,1744.9172153014504,0.0,1744.9172153014504,744.9172153014515,0.0,1125.7225422185968,116.1077774,30259297.804085962
2530,0.0,3772.5926581337626,0.0,3772.592658133777,1000.0,1772.5926581337626,2831.66571640653,116.1077774,30259297.804085962
2531,0.0,4393.598415979229,0.0,5060.6430159439005,1000.0,2393.598415979229,5135.26483194494,116.1077774,30259297.804085962
2532,0.0,2000.0,0.0,6186.991002807317,1000.0,0.0,5135.26483194494,250.1037774,30259297.804085962
2533,0.0,5941.8547870314615,0.0,7241.937780476046,1000.0,3941.854787031462,8928.90587898402,250.1037774,30259297.804085962
2534,0.0,5941.8547870314615,0.0,7302.670312047266,1000.0,3941.854787031462,12722.546926023097,250.1037774,30259297.804085962
2535,0.0,5941.8547870314615,0.0,6377.846881870231,1000.0,3941.854787031462,16516.187973062177,255.1037774,30259297.804085962
2536,0.0,5941.8547870314615,0.0,6197.766407432463,1000.0,3941.854787031462,20309.829020101257,255.1037774,30259297.804085962
2537,0.0,2000.0,0.0,4915.628603824865,1000.0,0.0,20309.829020101257,255.1037774,30259297.804085962
2538,0.0,3121.0507918246967,0.0,3121.050791824717,1000.0,1121.0507918246967,21388.72830215334,280.1037774,30259297.804085962
2539,0.0,1365.3522338565374,634.6477661434626,1365.3522338565374,1000.0,0.0,20729.285486127308,306.1037774,30259297.804085962
2540,0.0,198.553451382605,1801.446548617395,198.553451382605,1000.0,0.0,18857.458232784207,306.1037774,30259297.804085962
2541,0.0,0.0,2000.0,0.0,1000.0,0.0,16779.320244421782,306.1037774,30259297.804085962
2542,0.0,0.0,2000.0,0.0,1000.0,0.0,14701.182256059354,306.1037774,30259297.804085962
2543,0.0,0.0,2000.0,0.0,1000.0,0.0,12623.044267696927,280.1037774,30259297.804085962
2544,0.0,0.0,2000.0,0.0,1000.0,0.0,10544.9062793345,275.1037774,30259297.804085962
2545,0.0,0.0,1000.0,0.0,0.0,0.0,9505.837285153293,272.1616221,30259297.804085962
2546,0.0,0.0,1000.0,0.0,0.0,0.0,8466.768290972079,253.6416221,30259297.804085962
2547,0.0,0.0,1000.0,0.0,0.0,0.0,7427.699296790866,246.6416221,30259297.804085962
2548,0.0,0.0,1000.0,0.0,0.0,0.0,6388.630302609652,253.6416221,30259297.804085962
2549,0.0,0.0,1000.0,0.0,0.0,0.0,5349.561308428439,253.6416221,30259297.804085962
2550,0.0,0.0,1000.0,0.0,0.0,0.0,4310.492314247225,272.1616221,30259297.804085962
2551,0.0,0.0,2000.0,0.0,1000.0,0.0,2232.3543258847976,272.1616221,30259297.804085962
2552,0.0,145.8802394271971,1065.0224286003513,145.8802394271971,210.90266802754854,0.0,1125.7225422185968,272.1616221,30259297.804085962
2553,0.0,1783.553325122144,0.0,1783.553325122144,783.5533251221328,0.0,1125.7225422185968,272.1616221,30259297.804085962
2554,0.0,3764.420662207057,0.0,3764.420662207073,1000.0,1764.420662207057,2823.8009875266685,272.1616221,30259297.804085962
2555,0.0,5477.846972521704,0.0,5497.548374817712,1000.0,3477.8469725217033,6170.880913881556,272.1616221,30259297.804085962
2556,0.0,2000.0,0.0,6298.890433071774,1000.0,0.0,6170.880913881556,311.6416221,30259297.804085962
2557,0.0,5941.8547870314615,0.0,6989.44795935477,1000.0,3941.854787031462,9964.521960920636,272.1616221,30259297.804085962
2558,0.0,5941.8547870314615,0.0,7147.9005088750755,1000.0,3941.854787031462,13758.163007959716,322.6416221,30259297.804085962
2559,0.0,5941.8547870314615,0.0,6614.787372088302,1000.0,3941.854787031462,17551.804054998796,322.6416221,30259297.804085962
2560,0.0,5112.907032608632,0.0,5112.90703260867,1000.0,3112.907032608632,20547.665783181343,322.6416221,30259297.804085962
2561,0.0,2000.0,0.0,4367.221133894067,1000.0,0.0,20547.665783181343,322.6416221,30259297.804085962
2562,0.0,2873.921985631757,0.0,2873.9219856317777,1000.0,873.9219856317568,21388.72830215334,327.6416221,30259297.804085962
2563,0.0,1323.9941009849265,676.0058990150735,1323.9941009849265,1000.0,0.0,20686.31153260318,332.6416221,30259297.804085962
2564,0.0,181.08862319422087,1818.9113768057791,181.08862319422087,1000.0,0.0,18796.337117800824,327.6416221,30259297.804085962
2565,0.0,0.0,2000.0,0.0,1000.0,0.0,16718.1991294384,327.6416221,30259297.804085962
2566,0.0,0.0,2000.0,0.0,1000.0,0.0,14640.06114107597,327.6416221,30259297.804085962
2567,0.0,0.0,1000.0,0.0,0.0,0.0,13600.992146894758,322.6416221,30259297.804085962
2568,0.0,0.0,1000.0,0.0,0.0,0.0,12561.923152713543,311.6416221,30259297.804085962
2569,0.0,0.0,1000.0,0.0,0.0,0.0,11522.85415853233,277.08006,30259297.804085962
2570,0.0,0.0,1000.0,0.0,0.0,0.0,10483.785164351117,311.08006,30259297.804085962
2571,0.0,0.0,1000.0,0.0,0.0,0.0,9444.716170169902,311.08006,30259297.804085962
2572,0.0,0.0,1000.0,0.0,0.0,0.0,8405.64717598869,311.08006,30259297.804085962
2573,0.0,0.0,1000.0,0.0,0.0,0.0,7366.578181807476,311.08006,30259297.804085962
2574,0.0,0.0,1745.6251887454223,0.0,745.6251887454223,0.0,5552.753172720373,327.08006,30259297.804085962
2575,0.0,0.0,2000.0,0.0,1000.0,0.0,3474.615184357946,327.08006,30259297.804085962
2576,0.0,157.31392159583993,1842.68607840416,157.31392159583993,1000.0,0.0,1559.9372142788102,330.08006,30259297.804085962
2577,0.0,1582.1117996092594,417.88820039074926,1582.1117996092594,1000.0,0.0,1125.7225422185968,327.08006,30259297.804085962
2578,0.0,3266.966614430885,0.0,3266.966614430894,1000.0,1266.9666144308849,2345.0512119468804,327.08006,30259297.804085962
2579,0.0,4736.627455769135,0.0,4736.627455769138,1000.0,2736.627455769135,4978.781475379095,327.08006,30259297.804085962
2580,0.0,2561.9396413065524,0.0,6171.429807088574,1000.0,561.9396413065524,5519.592186172522,330.08006,30259297.804085962
2581,0.0,5941.8547870314615,0.0,6852.682647561985,1000.0,3941.854787031462,9313.233233211602,330.08006,30259297.804085962
2582,0.0,5941.8547870314615,0.0,6477.826341543496,1000.0,3941.854787031462,13106.874280250679,330.08006,30259297.804085962
2583,0.0,5941.8547870314615,0.0,6669.542121140619,1000.0,3941.854787031462,16900.51532728976,332.08006,30259297.804085962
2584,0.0,5638.435273386624,0.0,5638.435273386646,1000.0,3638.4352733866244,20402.145434397047,332.08006,30259297.804085962
2585,0.0,2000.0,0.0,4368.336032187458,1000.0,0.0,20402.145434397047,332.08006,30259297.804085962
2586,0.0,3025.1276680759524,0.0,3025.1276680759634,1000.0,1025.1276680759524,21388.72830215334,336.58006,30259297.804085962
2587,0.0,1396.765206232186,0.0,1396.765206232186,396.7652062321861,0.0,21388.72830215334,337.08006,30259297.804085962
2588,0.0,206.62463581395374,793.3753641860462,206.62463581395374,0.0,0.0,20564.35656048039,337.08006,30259297.804085962
2589,0.0,0.0,1000.0,0.0,0.0,0.0,19525.28756629918,332.08006,30259297.804085962
2590,0.0,0.0,1000.0,0.0,0.0,0.0,18486.218572117963,332.08006,30259297.804085962
2591,0.0,0.0,1000.0,0.0,0.0,0.0,17447.14957793675,332.08006,30259297.804085962
2592,0.0,0.0,1000.0,0.0,0.0,0.0,16408.080583755538,330.08006,30259297.804085962
2593,0.0,0.0,2000.0,0.0,1000.0,0.0,14329.94259539311,341.1523227,30259297.804085962
2594,0.0,0.0,2000.0,0.0,1000.0,0.0,12251.804607030683,341.1523227,30259297.804085962
2595,0.0,0.0,2000.0,0.0,1000.0,0.0,10173.666618668256,340.8193227,30259297.804085962
2596,0.0,0.0,2000.0,0.0,1000.0,0.0,8095.528630305821,340.8193227,30259297.804085962
2597,0.0,0.0,1000.0,0.0,0.0,0.0,7056.459636124608,340.8193227,30259297.804085962
2598,0.0,0.0,1368.584263693438,0.0,368.5842636934381,0.0,5634.406161796425,340.8193227,30259297.804085962
2599,0.0,0.0,2000.0,0.0,1000.0,0.0,3556.268173433998,341.1523227,30259297.804085962
2600,0.0,177.02041118654301,1822.979588813457,177.02041118654301,1000.0,0.0,1662.0666056727132,341.1523227,30259297.804085962
2601,0.0,1483.822473331757,516.177526668243,1483.822473331757,1000.0,0.0,1125.7225422185968,341.1523227,30259297.804085962
2602,0.0,3178.136160226788,0.0,3178.136160226803,1000.0,1178.136160226788,2259.5607828208576,341.1523227,30259297.804085962
2603,0.0,4264.430681954771,0.0,4264.4306819548065,1000.0,2264.430681954771,4438.848871134129,341.1523227,30259297.804085962
2604,0.0,5298.277355616826,0.0,5298.277355616817,1000.0,3298.277355616826,7613.110998179762,341.1523227,30259297.804085962
2605,0.0,4446.184089681605,0.0,5654.037979058322,1000.0,2446.1840896816047,9967.318566089338,341.1523227,30259297.804085962
2606,0.0,5391.027751071046,0.0,5391.027751071082,1000.0,3391.0277510710457,13230.843673720108,341.1523227,30259297.804085962
2607,0.0,5941.8547870314615,0.0,6028.473213703004,1000.0,3941.854787031462,17024.48472075919,355.8193227,30259297.804085962
2608,0.0,4520.994641857715,0.0,4520.994641857713,1000.0,2520.9946418577147,19450.689964083052,355.8193227,30259297.804085962
2609,0.0,4013.7555466233266,0.0,4013.7555466233507,1000.0,2013.7555466233266,21388.728302153344,355.8193227,30259297.804085962
2610,0.0,2000.0,0.0,2694.97421234452,1000.0,0.0,21388.72830215334,355.8193227,30259297.804085962
2611,0.0,1216.127288281536,783.872711718464,1216.127288281536,1000.0,0.0,20574.23047202193,355.8193227,30259297.804085962
2612,0.0,203.99749748443938,1796.0025025155605,203.99749748443938,1000.0,0.0,18708.059958186142,355.8193227,30259297.804085962
2613,0.0,0.0,2000.0,0.0,1000.0,0.0,16629.921969823714,355.8193227,30259297.804085962
2614,0.0,0.0,2000.0,0.0,1000.0,0.0,14551.783981461289,355.8193227,30259297.804085962
2615,0.0,0.0,2000.0,0.0,1000.0,0.0,12473.645993098862,355.8193227,30259297.804085962
2616,0.0,0.0,1000.0,0.0,0.0,0.0,11434.576998917648,341.1523227,30259297.804085962
2617,0.0,0.0,1000.0,0.0,0.0,0.0,10395.50800473641,349.4032369,30259297.804085962
2618,0.0,0.0,1000.0,0.0,0.0,0.0,9356.439010555196,349.4032369,30259297.804085962
2619,0.0,0.0,1000.0,0.0,0.0,0.0,8317.370016373981,349.4032369,30259297.804085962
2620,0.0,0.0,1000.0,0.0,0.0,0.0,7278.301022192767,349.4032369,30259297.804085962
2621,0.0,0.0,2000.0,0.0,1000.0,0.0,5200.163033830339,349.4032369,30259297.804085962
2622,0.0,0.0,1000.0,0.0,0.0,0.0,4161.094039649126,349.4032369,30259297.804085962
2623,0.0,0.0,2000.0,0.0,1000.0,0.0,2082.9560512866983,349.4032369,30259297.804085962
2624,0.0,159.35396000744734,921.2415291271409,159.35396000744734,80.5954891345882,0.0,1125.7225422185968,349.4032369,30259297.804085962
2625,0.0,1404.3678825628424,0.0,1404.3678825628424,404.3678825628353,0.0,1125.7225422185968,349.4032369,30259297.804085962
2626,0.0,3312.452260852581,0.0,3312.452260852606,1000.0,1312.4522608525808,2388.8265980631204,349.4032369,30259297.804085962
2627,0.0,5119.798079162626,0.0,5119.7980791626205,1000.0,3119.798079162626,5391.320269449232,349.4032369,30259297.804085962
2628,0.0,2000.0,0.0,5811.8085326716855,1000.0,0.0,5391.320269449232,390.8922369,30259297.804085962
2629,0.0,5941.8547870314615,0.0,6647.214419994354,1000.0,3941.854787031462,9184.961316488312,349.4032369,30259297.804085962
2630,0.0,5941.8547870314615,0.0,7307.545049820684,1000.0,3941.854787031462,12978.602363527389,390.8922369,30259297.804085962
2631,0.0,5941.8547870314615,0.0,6872.246804436768,1000.0,3941.854787031462,16772.24341056647,390.8922369,30259297.804085962
2632,0.0,5387.42803589646,0.0,5387.428035896465,1000.0,3387.4280358964597,20032.304152313223,416.8922369,30259297.804085962
2633,0.0,2055.6671848757073,0.0,4806.949327314152,1000.0,55.66718487570734,20085.878251037604,416.8922369,30259297.804085962
2634,0.0,3353.751092181774,0.0,3353.7510921817934,1000.0,1353.7510921817739,21388.72830215334,416.8922369,30259297.804085962
2635,0.0,1392.8037437614478,607.1962562385522,1392.8037437614478,1000.0,0.0,20757.809498912946,431.8922369,30259297.804085962
2636,0.0,245.09469455528472,1754.9053054447154,245.09469455528472,1000.0,0.0,18934.34180830123,416.8922369,30259297.804085962
2637,0.0,0.0,2000.0,0.0,1000.0,0.0,16856.203819938804,416.8922369,30259297.804085962
2638,0.0,0.0,2000.0,0.0,1000.0,0.0,14778.065831576376,416.8922369,30259297.804085962
2639,0.0,0.0,2000.0,0.0,1000.0,0.0,12699.927843213949,416.8922369,30259297.804085962
2640,0.0,0.0,2000.0,0.0,1000.0,0.0,10621.789854851522,390.8922369,30259297.804085962
2641,0.0,0.0,2000.0,0.0,1000.0,0.0,8543.651866489086,379.8532117,30259297.804085962
2642,0.0,0.0,1000.0,0.0,0.0,0.0,7504.582872307872,379.8532117,30259297.804085962
2643,0.0,0.0,1000.0,0.0,0.0,0.0,6465.513878126659,344.8532117,30259297.804085962
2644,0.0,0.0,1000.0,0.0,0.0,0.0,5426.444883945444,344.8532117,30259297.804085962
2645,0.0,0.0,1000.0,0.0,0.0,0.0,4387.375889764231,344.8532117,30259297.804085962
2646,0.0,0.0,1000.0,0.0,0.0,0.0,3348.3068955830176,379.8532117,30259297.804085962
2647,0.0,0.0,1000.0,0.0,0.0,0.0,2309.2379014018043,344.8532117,30259297.804085962
2648,0.0,201.96932388836896,1139.015181677919,201.96932388836896,340.9845055662873,0.0,1125.7225422185968,379.8532117,30259297.804085962
2649,0.0,1605.2163813838677,0.0,1605.2163813838677,605.2163813838633,0.0,1125.7225422185968,344.8532117,30259297.804085962
2650,0.0,3121.798004780384,0.0,3121.798004780402,1000.0,1121.798004780384,2205.3409420192384,344.8532117,30259297.804085962
2651,0.0,4459.354773025383,0.0,4459.354773025398,1000.0,2459.354773025383,4572.223975578867,344.8532117,30259297.804085962
2652,0.0,3816.7386338554297,0.0,5428.543024556801,1000.0,1816.7386338554295,6320.653236801332,379.8532117,30259297.804085962
2653,0.0,5941.854787031462,0.0,6035.791247137084,1000.0,3941.8547870314624,10114.294283840412,379.8532117,30259297.804085962
2654,0.0,5941.8547870314615,0.0,6356.27825849519,1000.0,3941.854787031462,13907.935330879489,379.8532117,30259297.804085962
2655,0.0,5941.8547870314615,0.0,6486.033931916811,1000.0,3941.854787031462,17701.57637791857,409.9642117,30259297.804085962
2656,0.0,5320.403422504695,0.0,5320.403422504739,1000.0,3320.4034225046953,20897.132631737088,409.9642117,30259297.804085962
2657,0.0,2000.0,0.0,4173.850792812531,1000.0,0.0,20897.132631737088,421.8532117,30259297.804085962
2658,0.0,2510.8018188032584,0.0,2510.8018188032606,1000.0,510.80181880325836,21388.72830215334,421.8532117,30259297.804085962
2659,0.0,1174.8877584947713,825.1122415052287,1174.8877584947713,1000.0,0.0,20531.3797552859,421.8532117,30259297.804085962
2660,0.0,229.9842153477435,1770.0157846522566,229.9842153477435,1000.0,0.0,18692.2112342424,421.8532117,30259297.804085962
2661,0.0,0.0,2000.0,0.0,1000.0,0.0,16614.073245879976,421.8532117,30259297.804085962
2662,0.0,0.0,2000.0,0.0,1000.0,0.0,14535.935257517547,421.8532117,30259297.804085962
2663,0.0,0.0,2000.0,0.0,1000.0,0.0,12457.79726915512,409.9642117,30259297.804085962
2664,0.0,0.0,2000.0,0.0,1000.0,0.0,10379.659280792694,409.9642117,30259297.804085962
2665,0.0,0.0,2000.0,0.0,1000.0,0.0,8301.521292430218,381.252752,30259297.804085962
2666,0.0,0.0,1000.0,0.0,0.0,0.0,7262.452298249003,381.252752,30259297.804085962
2667,0.0,0.0,1000.0,0.0,0.0,0.0,6223.38330406779,381.252752,30259297.804085962
2668,0.0,0.0,1000.0,0.0,0.0,0.0,5184.314309886577,381.252752,30259297.804085962
2669,0.0,0.0,1100.5866328895063,0.0,100.58663288950629,0.0,4040.7288642407893,381.252752,30259297.804085962
2670,0.0,0.0,1000.0,0.0,0.0,0.0,3001.6598700595755,381.252752,30259297.804085962
2671,0.0,0.0,1000.0,0.0,0.0,0.0,1962.5908758783619,381.252752,30259297.804085962
2672,0.0,194.59791568582,805.4020843141798,194.59791568582,0.0,0.0,1125.722542218574,381.252752,30259297.804085962
2673,0.0,1641.6997764820608,0.0,1641.6997764820608,641.699776482051,0.0,1125.7225422185968,381.252752,30259297.804085962
2674,0.0,3448.6897742698825,0.0,3448.689774269908,1000.0,1448.6897742698825,2519.941580975932,381.252752,30259297.804085962
2675,0.0,3124.3723485565124,0.0,5290.56791848159,1000.0,1124.3723485565126,3602.03752922672,381.252752,30259297.804085962
2676,0.0,2000.0,0.0,6158.068762819216,1000.0,0.0,3602.03752922672,381.252752,30259297.804085962
2677,0.0,5941.8547870314615,0.0,6532.681924626431,1000.0,3941.854787031462,7395.678576265799,381.252752,30259297.804085962
2678,0.0,5941.8547870314615,0.0,6802.482376404633,1000.0,3941.854787031462,11189.31962330488,381.252752,30259297.804085962
2679,0.0,5941.8547870314615,0.0,6714.766843029196,1000.0,3941.854787031462,14982.96067034396,381.252752,30259297.804085962
2680,0.0,5116.494882967768,0.0,5116.49488296775,1000.0,3116.494882967768,17982.27534571214,381.252752,30259297.804085962
2681,0.0,4490.744027037587,0.0,4490.744027037604,1000.0,2490.7440270375873,20379.367397333113,416.141752,30259297.804085962
2682,0.0,3048.7956201373954,0.0,3048.7956201374045,1000.0,1048.7956201373954,21388.72830215334,419.141752,30259297.804085962
2683,0.0,1342.6331290091246,0.0,1342.6331290091246,342.6331290091275,0.0,21388.728302153333,419.141752,30259297.804085962
2684,0.0,232.05982567069975,1727.4063588129275,232.05982567069975,959.466184483627,0.0,19593.83391435937,419.141752,30259297.804085962
2685,0.0,0.0,2000.0,0.0,1000.0,0.0,17515.69592599694,419.141752,30259297.804085962
2686,0.0,0.0,2000.0,0.0,1000.0,0.0,15437.557937634512,419.141752,30259297.804085962
2687,0.0,0.0,2000.0,0.0,1000.0,0.0,13359.419949272085,419.141752,30259297.804085962
2688,0.0,0.0,1000.0,0.0,0.0,0.0,12320.350955090871,416.141752,30259297.804085962
2689,0.0,0.0,2000.0,0.0,1000.0,0.0,10242.212966728444,424.1106844,30259297.804085962
2690,0.0,0.0,2000.0,0.0,1000.0,0.0,8164.074978366018,424.1106844,30259297.804085962
2691,0.0,0.0,2000.0,0.0,1000.0,0.0,6085.93699000359,424.1106844,30259297.804085962
2692,0.0,0.0,1000.0,0.0,0.0,0.0,5046.8679958223765,411.1106844,30259297.804085962
2693,0.0,0.0,1000.0,0.0,0.0,0.0,4007.7990016411627,411.1106844,30259297.804085962
2694,0.0,0.0,1000.0,0.0,0.0,0.0,2968.730007459949,411.1106844,30259297.804085962
2695,0.0,0.0,1000.0,0.0,0.0,0.0,1929.6610132787355,411.1106844,30259297.804085962
2696,0.0,226.289615451724,773.710384548276,226.289615451724,0.0,0.0,1125.7225422185968,411.1106844,30259297.804085962
2697,0.0,1617.22529865488,0.0,1617.22529865488,617.2252986548847,0.0,1125.7225422185968,267.3736844,30259297.804085962
2698,0.0,3392.8319804720954,0.0,3392.831980472105,1000.0,1392.8319804720954,2466.184040224942,256.7286844,30259297.804085962
2699,0.0,4637.3892710099635,0.0,4637.389271009976,1000.0,2637.3892710099635,5004.407474644931,267.3736844,30259297.804085962
2700,0.0,2816.178931168947,0.0,5517.361613945355,1000.0,816.1789311689474,5789.8980780019265,411.1106844,30259297.804085962
2701,0.0,5941.8547870314615,0.0,6562.523355423532,1000.0,3941.854787031462,9583.539125041007,411.1106844,30259297.804085962
2702,0.0,5941.8547870314615,0.0,6997.0091370001255,1000.0,3941.854787031462,13377.180172080087,411.1106844,30259297.804085962
2703,0.0,5941.8547870314615,0.0,6239.498163683363,1000.0,3941.854787031462,17170.821219119167,411.1106844,30259297.804085962
2704,0.0,5249.577459680014,0.0,5249.577459680054,1000.0,3249.577459680014,20298.21456631521,418.1106844,30259297.804085962
2705,0.0,2000.0,0.0,5061.0759295979815,1000.0,0.0,20298.21456631521,424.1106844,30259297.804085962
2706,0.0,3133.1190106381264,0.0,3133.1190106381523,1000.0,1133.1190106381264,21388.72830215334,434.1106844,30259297.804085962
2707,0.0,1571.7870889600545,0.0,1571.7870889600545,571.7870889600454,0.0,21388.72830215334,434.1106844,30259297.804085962
2708,0.0,264.2140842280809,735.7859157719191,264.2140842280809,0.0,0.0,20624.19597071951,434.1106844,30259297.804085962
2709,0.0,0.0,1000.0,0.0,0.0,0.0,19585.126976538297,434.1106844,30259297.804085962
2710,0.0,0.0,1000.0,0.0,0.0,0.0,18546.057982357084,434.1106844,30259297.804085962
2711,0.0,0.0,1000.0,0.0,0.0,0.0,17506.988988175868,434.1106844,30259297.804085962
2712,0.0,0.0,1000.0,0.0,0.0,0.0,16467.919993994656,434.1106844,30259297.804085962
2713,0.0,0.0,2000.0,0.0,1000.0,0.0,14389.782005632227,435.1112146,30259297.804085962
2714,0.0,0.0,1992.9191840032522,0.0,992.9191840032522,0.0,12319.001473625529,435.1112146,30259297.804085962
2715,0.0,0.0,1000.0,0.0,0.0,0.0,11279.932479444315,435.1112146,30259297.804085962
2716,0.0,0.0,2000.0,0.0,1000.0,0.0,9201.794491081888,435.1112146,30259297.804085962
2717,0.0,0.0,2000.0,0.0,1000.0,0.0,7123.656502719461,435.1112146,30259297.804085962
2718,0.0,0.0,2000.0,0.0,1000.0,0.0,5045.518514357034,435.1112146,30259297.804085962
2719,0.0,0.0,2000.0,0.0,1000.0,0.0,2967.3805259946075,435.1112146,30259297.804085962
2720,0.0,227.5883564139677,1772.4116435860324,227.5883564139677,1000.0,0.0,1125.7225422185968,435.1112146,30259297.804085962
2721,0.0,1953.3209424586153,0.0,1953.3209424586153,953.3209424586049,0.0,1125.7225422185968,435.1112146,30259297.804085962
2722,0.0,3964.029710340631,0.0,3964.029710340646,1000.0,1964.029710340631,3015.90473545042,435.1112146,30259297.804085962
2723,0.0,5652.3173497782245,0.0,5763.636446378036,1000.0,3652.3173497782245,6530.894952876984,435.1112146,30259297.804085962
2724,0.0,2000.0,0.0,6621.186192178117,1000.0,0.0,6530.894952876984,439.1112146,30259297.804085962
2725,0.0,5941.8547870314615,0.0,7161.605508851064,1000.0,3941.854787031462,10324.535999916063,435.1112146,30259297.804085962
2726,0.0,5941.8547870314615,0.0,7641.920892556,1000.0,3941.854787031462,14118.177046955141,439.1112146,30259297.804085962
2727,0.0,5941.8547870314615,0.0,7071.233169473453,1000.0,3941.854787031462,17911.81809399422,439.1112146,30259297.804085962
2728,0.0,2000.0,0.0,6133.4223071387205,1000.0,0.0,17911.81809399422,440.2222146,30259297.804085962
2729,0.0,4767.287265879885,0.0,4767.287265879886,1000.0,2767.287265879885,20575.055358677022,440.2222146,30259297.804085962
2730,0.0,2845.4623269704066,0.0,2845.462326970416,1000.0,845.4623269704066,21388.72830215334,444.1112146,30259297.804085962
2731,0.0,1259.2941689013849,740.7058310986151,1259.2941689013849,1000.0,0.0,20619.083839249546,444.1112146,30259297.804085962
2732,0.0,244.10433738832353,1755.8956626116765,244.10433738832353,1000.0,0.0,18794.58709921247,444.1112146,30259297.804085962
2733,0.0,0.0,2000.0,0.0,1000.0,0.0,16716.449110850044,444.1112146,30259297.804085962
2734,0.0,0.0,2000.0,0.0,1000.0,0.0,14638.311122487616,444.1112146,30259297.804085962
2735,0.0,0.0,2000.0,0.0,1000.0,0.0,12560.173134125189,440.2222146,30259297.804085962
2736,0.0,0.0,2000.0,0.0,1000.0,0.0,10482.035145762762,440.2222146,30259297.804085962
2737,0.0,0.0,1000.0,0.0,0.0,0.0,9442.966151581555,435.0415955,30259297.804085962
2738,0.0,0.0,1000.0,0.0,0.0,0.0,8403.89715740034,433.3305955,30259297.804085962
2739,0.0,0.0,1000.0,0.0,0.0,0.0,7364.828163219128,433.3305955,30259297.804085962
2740,0.0,0.0,1000.0,0.0,0.0,0.0,6325.759169037914,433.3305955,30259297.804085962
2741,0.0,0.0,1000.0,0.0,0.0,0.0,5286.690174856701,433.3305955,30259297.804085962
2742,0.0,0.0,1000.0,0.0,0.0,0.0,4247.621180675487,433.3305955,30259297.804085962
2743,0.0,0.0,2000.0,0.0,1000.0,0.0,2169.4831923130596,435.0415955,30259297.804085962
2744,0.0,247.38380395212067,1004.5152496509108,247.38380395212067,251.89905360303226,0.0,1125.7225422185968,435.0415955,30259297.804085962
2745,0.0,1944.5143986194864,0.0,1944.5143986194864,944.5143986194744,0.0,1125.7225422185968,433.3305955,30259297.804085962
2746,0.0,3681.7340416012075,0.0,3681.7340416012466,1000.0,1681.7340416012075,2744.223383855599,433.3305955,30259297.804085962
2747,0.0,4532.534245351648,0.0,5349.770429694828,1000.0,2532.5342453516473,5181.534341582024,433.3305955,30259297.804085962
2748,0.0,2000.0,0.0,6427.181314451787,1000.0,0.0,5181.534341582024,435.0415955,30259297.804085962
2749,0.0,5941.8547870314615,0.0,6825.753009258606,1000.0,3941.854787031462,8975.175388621105,435.0415955,30259297.804085962
2750,0.0,5941.8547870314615,0.0,6358.4072435866165,1000.0,3941.854787031462,12768.816435660185,435.0415955,30259297.804085962
2751,0.0,5941.8547870314615,0.0,6630.2951817709445,1000.0,3941.854787031462,16562.457482699265,435.0415955,30259297.804085962
2752,0.0,5859.6840999855785,0.0,5859.6840999855895,1000.0,3859.6840999855785,20277.017460525385,435.0415955,30259297.804085962
2753,0.0,2000.0,0.0,4436.113807844085,1000.0,0.0,20277.017460525385,438.8305955,30259297.804085962
2754,0.0,3155.144266030713,0.0,3155.144266030719,1000.0,1155.144266030713,21388.72830215334,438.8305955,30259297.804085962
2755,0.0,1418.9446478885775,581.0553521114225,1418.9446478885775,1000.0,0.0,20784.971701871313,438.8305955,30259297.804085962
2756,0.0,212.35333607999664,1787.6466639200034,212.35333607999664,1000.0,0.0,18927.48348084055,438.8305955,30259297.804085962
2757,0.0,0.0,2000.0,0.0,1000.0,0.0,16849.345492478125,438.8305955,30259297.804085962
2758,0.0,0.0,2000.0,0.0,1000.0,0.0,14771.207504115697,438.8305955,30259297.804085962
2759,0.0,0.0,2000.0,0.0,1000.0,0.0,12693.06951575327,438.8305955,30259297.804085962
2760,0.0,0.0,2000.0,0.0,1000.0,0.0,10614.931527390843,438.3305955,30259297.804085962
2761,0.0,0.0,1000.0,0.0,0.0,0.0,9575.862533209605,248.6992398,30259297.804085962
2762,0.0,0.0,2000.0,0.0,1000.0,0.0,7497.724544847178,248.6992398,30259297.804085962
2763,0.0,0.0,1372.5516642057476,0.0,372.55166420574756,0.0,6071.548667659161,248.6992398,30259297.804085962
2764,0.0,0.0,1000.0,0.0,0.0,0.0,5032.4796734779475,248.6992398,30259297.804085962
2765,0.0,0.0,1000.0,0.0,0.0,0.0,3993.410679296734,248.6992398,30259297.804085962
2766,0.0,0.0,1000.0,0.0,0.0,0.0,2954.3416851155207,248.6992398,30259297.804085962
2767,0.0,0.0,1000.0,0.0,0.0,0.0,1915.2726909343069,248.6992398,30259297.804085962
2768,0.0,240.1369368760015,759.8630631239994,240.1369368760015,0.0,0.0,1125.7225422185968,248.6992398,30259297.804085962
2769,0.0,1590.6040328791523,0.0,1590.6040328791523,590.6040328791496,0.0,1125.7225422185968,241.5992398,30259297.804085962
2770,0.0,3278.57227445283,0.0,3278.572274452853,1000.0,1278.5722744528298,2356.2204991520002,241.5992398,30259297.804085962
2771,0.0,4521.415701963875,0.0,4521.415701963889,1000.0,2521.415701963875,4782.830970722034,241.5992398,30259297.804085962
2772,0.0,2000.0,0.0,5366.8794373610435,1000.0,0.0,4782.830970722034,248.6992398,30259297.804085962
2773,0.0,5941.8547870314615,0.0,6151.195507854755,1000.0,3941.854787031462,8576.472017761113,248.6992398,30259297.804085962
2774,0.0,5941.8547870314615,0.0,6150.128057555881,1000.0,3941.854787031462,12370.113064800196,248.6992398,30259297.804085962
2775,0.0,5941.8547870314615,0.0,6232.9629376515795,1000.0,3941.854787031462,16163.754111839275,248.6992398,30259297.804085962
2776,0.0,5837.830833713978,0.0,5837.83083371397,1000.0,3837.830833713978,19857.282506205607,248.6992398,30259297.804085962
2777,0.0,2452.762222825366,0.0,4483.3251821081685,1000.0,452.76222282536565,20293.02086945274,248.6992398,30259297.804085962
2778,0.0,3138.5156200130978,0.0,3138.5156200131014,1000.0,1138.5156200130978,21388.72830215334,388.6992398,30259297.804085962
2779,0.0,1297.05259786601,702.94740213399,1297.05259786601,1000.0,0.0,20658.31745205567,388.6992398,30259297.804085962
2780,0.0,253.80635367301034,1746.1936463269897,253.80635367301034,1000.0,0.0,18843.90177632106,388.6992398,30259297.804085962
2781,0.0,0.0,2000.0,0.0,1000.0,0.0,16765.763787958633,388.6992398,30259297.804085962
2782,0.0,0.0,2000.0,0.0,1000.0,0.0,14687.625799596208,256.3172398,30259297.804085962
2783,0.0,0.0,2000.0,0.0,1000.0,0.0,12609.48781123378,248.6992398,30259297.804085962
2784,0.0,0.0,2000.0,0.0,1000.0,0.0,10531.349822871352,248.6992398,30259297.804085962
2785,0.0,0.0,1000.0,0.0,0.0,0.0,9492.28082869014,190.8673382,30259297.804085962
2786,0.0,0.0,1000.0,0.0,0.0,0.0,8453.211834508926,200.8673382,30259297.804085962
2787,0.0,0.0,1325.524121342897,0.0,325.52412134289693,0.0,7075.900818982218,210.8673382,30259297.804085962
2788,0.0,0.0,2000.0,0.0,1000.0,0.0,4997.762830619791,210.8673382,30259297.804085962
2789,0.0,0.0,1000.0,0.0,0.0,0.0,3958.6938364385774,210.8673382,30259297.804085962
2790,0.0,0.0,1000.0,0.0,0.0,0.0,2919.6248422573635,200.8673382,30259297.804085962
2791,0.0,0.0,1000.0,0.0,0.0,0.0,1880.5558480761501,190.8673382,30259297.804085962
2792,0.0,273.5484264426934,726.4515735573066,273.5484264426934,0.0,0.0,1125.7225422185968,121.8713382,30259297.804085962
2793,0.0,1906.975395502694,0.0,1906.975395502694,906.9753955026972,0.0,1125.7225422185968,115.4293382,30259297.804085962
2794,0.0,3808.607567666526,0.0,3808.60756766654,1000.0,1808.607567666526,2866.3264653408614,115.4293382,30259297.804085962
2795,0.0,5670.287086190298,0.0,5670.287086190328,1000.0,3670.2870861902984,6398.610757090404,115.4293382,30259297.804085962
2796,0.0,2512.8839473829134,0.0,6316.539103929011,1000.0,512.8839473829134,6892.21026805172,115.4293382,30259297.804085962
2797,0.0,5941.8547870314615,0.0,7428.50010617713,1000.0,3941.854787031462,10685.8513150908,121.8713382,30259297.804085962
2798,0.0,5941.8547870314615,0.0,7218.465524631365,1000.0,3941.854787031462,14479.492362129877,190.8673382,30259297.804085962
2799,0.0,5941.8547870314615,0.0,7089.356263937704,1000.0,3941.854787031462,18273.133409168957,190.8673382,30259297.804085962
2800,0.0,2000.0,0.0,5716.063324817832,1000.0,0.0,18273.133409168957,190.8673382,30259297.804085962
2801,0.0,4611.633843810031,0.0,4611.633843810042,1000.0,2611.633843810031,20786.569820451732,210.8673382,30259297.804085962
2802,0.0,2625.6842079193816,0.0,2625.6842079194003,1000.0,625.6842079193816,21388.72830215334,253.8673382,30259297.804085962
2803,0.0,1283.03922536237,716.96077463763,1283.03922536237,1000.0,0.0,20643.756591183228,340.8673382,30259297.804085962
2804,0.0,261.7352053884393,1738.2647946115608,261.7352053884393,1000.0,0.0,18837.579539425577,340.8673382,30259297.804085962
2805,0.0,0.0,2000.0,0.0,1000.0,0.0,16759.44155106315,340.8673382,30259297.804085962
2806,0.0,0.0,2000.0,0.0,1000.0,0.0,14681.303562700723,257.7673382,30259297.804085962
2807,0.0,0.0,2000.0,0.0,1000.0,0.0,12603.165574338296,253.8673382,30259297.804085962
2808,0.0,0.0,2000.0,0.0,1000.0,0.0,10525.02758597587,210.8673382,30259297.804085962
2809,0.0,0.0,1296.0681674729958,0.0,296.0681674729957,0.0,9178.323338809412,186.3537333,30259297.804085962
2810,0.0,0.0,1000.0,0.0,0.0,0.0,8139.254344628199,186.3537333,30259297.804085962
2811,0.0,0.0,1000.0,0.0,0.0,0.0,7100.1853504469855,186.3537333,30259297.804085962
2812,0.0,0.0,1000.0,0.0,0.0,0.0,6061.116356265772,186.3537333,30259297.804085962
2813,0.0,0.0,1000.0,0.0,0.0,0.0,5022.047362084559,186.3537333,30259297.804085962
2814,0.0,0.0,1000.0,0.0,0.0,0.0,3982.9783679033453,186.3537333,30259297.804085962
2815,0.0,0.0,2000.0,0.0,1000.0,0.0,1904.840379540918,254.2537333,30259297.804085962
2816,0.0,250.17699336099776,749.8230066390024,250.17699336099776,0.0,0.0,1125.7225422185968,186.3537333,30259297.804085962
2817,0.0,1520.8158864835755,0.0,1520.8158864835755,520.8158864835714,0.0,1125.7225422185968,111.9157333,30259297.804085962
2818,0.0,3011.3989497365205,0.0,3011.398949736532,1000.0,1011.3989497365205,2099.092891445024,186.3537333,30259297.804085962
2819,0.0,4687.76152002061,0.0,4687.761520020642,1000.0,2687.76152002061,4685.79457831286,186.3537333,30259297.804085962
2820,0.0,3100.1528684885307,0.0,5544.018451632432,1000.0,1100.1528684885309,5744.581698946222,186.3537333,30259297.804085962
2821,0.0,5941.8547870314615,0.0,6246.567114864581,1000.0,3941.854787031462,9538.222745985302,186.3537333,30259297.804085962
2822,0.0,5941.8547870314615,0.0,7103.322199714458,1000.0,3941.854787031462,13331.863793024382,254.2537333,30259297.804085962
2823,0.0,5941.8547870314615,0.0,6871.054813011465,1000.0,3941.854787031462,17125.504840063462,275.6167333,30259297.804085962
2824,0.0,5323.321141772422,0.0,5323.321141772414,1000.0,3323.3211417724224,20323.86910690524,297.3537333,30259297.804085962
2825,0.0,2000.0,0.0,4496.959015726197,1000.0,0.0,20323.86910690524,347.3537333,30259297.804085962
2826,0.0,3106.4621729510636,0.0,3106.462172951076,1000.0,1106.4621729510636,21388.72830215334,362.3537333,30259297.804085962
2827,0.0,1449.0944512133312,550.9055487866688,1449.0944512133312,1000.0,0.0,20816.299427686725,362.3537333,30259297.804085962
2828,0.0,264.7774657825449,1735.2225342174552,264.7774657825449,1000.0,0.0,19013.283494376818,362.3537333,30259297.804085962
2829,0.0,0.0,2000.0,0.0,1000.0,0.0,16935.145506014393,362.3537333,30259297.804085962
2830,0.0,0.0,2000.0,0.0,1000.0,0.0,14857.007517651964,362.3537333,30259297.804085962
2831,0.0,0.0,2000.0,0.0,1000.0,0.0,12778.869529289537,347.3537333,30259297.804085962
2832,0.0,0.0,2000.0,0.0,1000.0,0.0,10700.73154092711,297.3537333,30259297.804085962
2833,0.0,0.0,2000.0,0.0,1000.0,0.0,8622.593552564693,266.283337,30259297.804085962
2834,0.0,0.0,1000.0,0.0,0.0,0.0,7583.5245583834785,261.283337,30259297.804085962
2835,0.0,0.0,1000.0,0.0,0.0,0.0,6544.455564202264,261.283337,30259297.804085962
2836,0.0,0.0,1000.0,0.0,0.0,0.0,5505.386570021051,261.283337,30259297.804085962
2837,0.0,0.0,1000.0,0.0,0.0,0.0,4466.317575839837,261.283337,30259297.804085962
2838,0.0,0.0,1500.7179931917356,0.0,500.71799319173556,0.0,2906.9680401044498,266.283337,30259297.804085962
2839,0.0,0.0,1000.0,0.0,0.0,0.0,1867.8990459232361,117.287337,30259297.804085962
2840,0.0,285.7293328346529,714.270667165347,285.7293328346529,0.0,0.0,1125.7225422185968,117.813337,30259297.804085962
2841,0.0,1736.8638224595916,0.0,1736.8638224595916,736.8638224595925,0.0,1125.7225422185968,117.287337,30259297.804085962
2842,0.0,3327.8058842714145,0.0,3327.8058842714227,1000.0,1327.8058842714145,2403.6029252414064,114.744337,30259297.804085962
2843,0.0,4584.781298638568,0.0,4584.781298638575,1000.0,2584.781298638568,4891.196447051165,117.287337,30259297.804085962
2844,0.0,2294.2088843449637,0.0,5211.985093062421,1000.0,294.2088843449639,5174.343077344758,261.283337,30259297.804085962
2845,0.0,5941.8547870314615,0.0,6259.299537995468,1000.0,3941.854787031462,8967.984124383838,261.283337,30259297.804085962
2846,0.0,5941.8547870314615,0.0,6640.086167270713,1000.0,3941.854787031462,12761.625171422915,253.183337,30259297.804085962
2847,0.0,5941.8547870314615,0.0,6713.663798283711,1000.0,3941.854787031462,16555.266218461995,266.283337,30259297.804085962
2848,0.0,5941.8547870314615,0.0,6046.892827147002,1000.0,3941.854787031462,20348.907265501075,266.283337,30259297.804085962
2849,0.0,2000.0,0.0,4856.426092611628,1000.0,0.0,20348.907265501075,291.283337,30259297.804085962
2850,0.0,3080.445798682739,0.0,3080.445798682744,1000.0,1080.4457986827392,21388.72830215334,341.283337,30259297.804085962
2851,0.0,1244.1125233358837,755.8874766641163,1244.1125233358837,1000.0,0.0,20603.309062061777,406.283337,30259297.804085962
2852,0.0,278.77305796432626,1721.2269420356738,278.77305796432626,1000.0,0.0,18814.835514643164,406.283337,30259297.804085962
2853,0.0,0.0,2000.0,0.0,1000.0,0.0,16736.69752628074,346.283337,30259297.804085962
2854,0.0,0.0,2000.0,0.0,1000.0,0.0,14658.55953791831,341.283337,30259297.804085962
2855,0.0,0.0,2000.0,0.0,1000.0,0.0,12580.421549555884,341.283337,30259297.804085962
2856,0.0,0.0,2000.0,0.0,1000.0,0.0,10502.283561193457,341.283337,30259297.804085962
2857,0.0,0.0,2000.0,0.0,1000.0,0.0,8424.145572831,287.7674749,30259297.804085962
2858,0.0,0.0,1000.0,0.0,0.0,0.0,7385.076578649785,287.7674749,30259297.804085962
2859,0.0,0.0,1340.4507804168297,0.0,340.45078041682984,0.0,5992.255734492647,287.7674749,30259297.804085962
2860,0.0,0.0,1000.0,0.0,0.0,0.0,4953.186740311434,287.7674749,30259297.804085962
2861,0.0,0.0,1000.0,0.0,0.0,0.0,3914.1177461302204,287.7674749,30259297.804085962
2862,0.0,0.0,1000.0,0.0,0.0,0.0,2875.048751949007,287.7674749,30259297.804085962
2863,0.0,0.0,1000.0,0.0,0.0,0.0,1835.9797577677928,287.7674749,30259297.804085962
2864,0.0,316.44845575545463,683.5515442445453,316.44845575545463,0.0,0.0,1125.7225422185968,252.7674749,30259297.804085962
2865,0.0,1956.8316996857816,0.0,1956.8316996857816,956.8316996857611,0.0,1125.7225422185968,252.7674749,30259297.804085962
2866,0.0,3947.614552129252,0.0,3947.6145521292765,1000.0,1947.614552129252,3000.106787187789,233.0184749,30259297.804085962
2867,0.0,5264.485487685205,0.0,5541.3320117604935,1000.0,3264.485487685205,6141.84762053603,240.6674749,30259297.804085962
2868,0.0,2000.0,0.0,6320.886032059313,1000.0,0.0,6141.84762053603,244.6674749,30259297.804085962
2869,0.0,5941.8547870314615,0.0,6003.032097072307,1000.0,3941.854787031462,9935.48866757511,252.7674749,30259297.804085962
2870,0.0,5941.8547870314615,0.0,6166.234831971968,1000.0,3941.854787031462,13729.129714614188,252.7674749,30259297.804085962
2871,0.0,5941.8547870314615,0.0,6234.890288484663,1000.0,3941.854787031462,17522.770761653268,266.0304749,30259297.804085962
2872,0.0,2000.0,0.0,5954.006037018401,1000.0,0.0,17522.770761653268,287.7674749,30259297.804085962
2873,0.0,4755.865448526786,0.0,4755.86544852678,1000.0,2755.865448526786,20175.015669315446,287.7674749,30259297.804085962
2874,0.0,3261.1311646279028,0.0,3261.131164627911,1000.0,1261.1311646279028,21388.72830215334,332.7674749,30259297.804085962
2875,0.0,1311.3862077128388,688.6137922871612,1311.3862077128388,1000.0,0.0,20673.211061622205,337.7674749,30259297.804085962
2876,0.0,297.2341813612556,1702.7658186387443,297.2341813612556,1000.0,0.0,18903.919895123086,337.7674749,30259297.804085962
2877,0.0,0.0,2000.0,0.0,1000.0,0.0,16825.78190676066,337.7674749,30259297.804085962
2878,0.0,0.0,2000.0,0.0,1000.0,0.0,14747.643918398233,332.7674749,30259297.804085962
2879,0.0,0.0,2000.0,0.0,1000.0,0.0,12669.505930035806,332.7674749,30259297.804085962
2880,0.0,0.0,2000.0,0.0,1000.0,0.0,10591.36794167338,332.7674749,30259297.804085962
2881,0.0,0.0,1000.0,0.0,0.0,0.0,9552.298947492125,307.7626954,30259297.804085962
2882,0.0,0.0,1000.0,0.0,0.0,0.0,8513.22995331091,307.7626954,30259297.804085962
2883,0.0,0.0,1000.0,0.0,0.0,0.0,7474.160959129697,307.7626954,30259297.804085962
2884,0.0,0.0,1000.0,0.0,0.0,0.0,6435.091964948484,307.7626954,30259297.804085962
2885,0.0,0.0,2000.0,0.0,1000.0,0.0,4356.953976586057,307.7626954,30259297.804085962
2886,0.0,0.0,1444.4510041032531,0.0,444.4510041032532,0.0,2856.0697246084455,307.7626954,30259297.804085962
2887,0.0,0.0,1000.0,0.0,0.0,0.0,1817.0007304272322,307.7626954,30259297.804085962
2888,0.0,334.7138716679943,665.2861283320053,334.7138716679943,0.0,0.0,1125.7225422185816,307.7626954,30259297.804085962
2889,0.0,1857.5460781997342,0.0,1857.5460781997342,857.546078199711,0.0,1125.7225422185968,307.7626954,30259297.804085962
2890,0.0,3731.2760352150726,0.0,3731.276035215099,1000.0,1731.2760352150726,2791.9025985095827,271.0516954,30259297.804085962
2891,0.0,4358.502719790755,0.0,5539.458024428249,1000.0,2358.5027197907543,5061.725616036205,307.7626954,30259297.804085962
2892,0.0,2000.0,0.0,6532.925057570074,1000.0,0.0,5061.725616036205,307.7626954,30259297.804085962
2893,0.0,5941.8547870314615,0.0,7242.317330629289,1000.0,3941.854787031462,8855.366663075285,307.7626954,30259297.804085962
2894,0.0,5941.8547870314615,0.0,6845.406124080838,1000.0,3941.854787031462,12649.007710114362,307.7626954,30259297.804085962
2895,0.0,5941.8547870314615,0.0,6769.278447870237,1000.0,3941.854787031462,16442.64875715344,307.7626954,30259297.804085962
2896,0.0,5918.121595385998,0.0,5918.12159538602,1000.0,3918.1215953859983,20213.448980552927,331.7636954,30259297.804085962
2897,0.0,2000.0,0.0,4755.91882329525,1000.0,0.0,20213.448980552927,331.7636954,30259297.804085962
2898,0.0,3221.196302577325,0.0,3221.196302577343,1000.0,1221.1963025773248,21388.72830215334,357.7626954,30259297.804085962
2899,0.0,1468.5162866398261,531.4837133601739,1468.5162866398261,1000.0,0.0,20836.480054688487,357.7626954,30259297.804085962
2900,0.0,302.1978658144918,1697.8021341855083,302.1978658144918,1000.0,0.0,19072.346498801635,357.7626954,30259297.804085962
2901,0.0,0.0,2000.0,0.0,1000.0,0.0,16994.20851043921,357.7626954,30259297.804085962
2902,0.0,0.0,2000.0,0.0,1000.0,0.0,14916.070522076781,357.7626954,30259297.804085962
2903,0.0,0.0,2000.0,0.0,1000.0,0.0,12837.932533714355,357.7626954,30259297.804085962
2904,0.0,0.0,2000.0,0.0,1000.0,0.0,10759.794545351928,331.7636954,30259297.804085962
2905,0.0,0.0,2000.0,0.0,1000.0,0.0,8681.656556989497,307.7154637,30259297.804085962
2906,0.0,0.0,1000.0,0.0,0.0,0.0,7642.587562808284,281.7144637,30259297.804085962
2907,0.0,0.0,1000.0,0.0,0.0,0.0,6603.518568627071,281.7144637,30259297.804085962
2908,0.0,0.0,1000.0,0.0,0.0,0.0,5564.449574445856,281.7144637,30259297.804085962
2909,0.0,0.0,1000.0,0.0,0.0,0.0,4525.380580264643,281.7144637,30259297.804085962
2910,0.0,0.0,1000.0,0.0,0.0,0.0,3486.3115860834296,281.7144637,30259297.804085962
2911,0.0,0.0,1597.6077670116256,0.0,597.6077670116256,0.0,1826.2868905185642,307.7154637,30259297.804085962
2912,0.0,325.7768711961142,674.2231288038859,325.7768711961142,0.0,0.0,1125.7225422185968,281.7144637,30259297.804085962
2913,0.0,1928.5440188777359,0.0,1928.5440188777359,928.5440188777284,0.0,1125.7225422185968,281.7144637,30259297.804085962
2914,0.0,4180.528351560212,0.0,4180.528351560233,1000.0,2180.5283515602123,3224.2630277601447,281.7144637,30259297.804085962
2915,0.0,5897.163801559916,0.0,5897.163801559959,1000.0,3897.1638015599156,6974.8934703814075,281.7144637,30259297.804085962
2916,0.0,2312.2192912307487,0.0,6666.327882893198,1000.0,312.2192912307487,7275.37331626188,281.7144637,30259297.804085962
2917,0.0,5941.8547870314615,0.0,7079.672039242508,1000.0,3941.854787031462,11069.01436330096,281.7144637,30259297.804085962
2918,0.0,5941.8547870314615,0.0,7218.246110051164,1000.0,3941.854787031462,14862.655410340038,281.7144637,30259297.804085962
2919,0.0,5941.8547870314615,0.0,6634.072812840461,1000.0,3941.854787031462,18656.296457379118,307.7154637,30259297.804085962
2920,0.0,2000.0,0.0,5136.462308359218,1000.0,0.0,18656.296457379118,307.7154637,30259297.804085962
2921,0.0,3880.833082948805,0.0,3880.833082948826,1000.0,1880.833082948805,20466.410216409047,307.7154637,30259297.804085962
2922,0.0,2958.3521256694657,0.0,2958.3521256694653,1000.0,958.3521256694657,21388.72830215334,326.7144637,30259297.804085962
2923,0.0,1267.661872312479,732.3381276875209,1267.661872312479,1000.0,0.0,20627.77846041651,327.7144637,30259297.804085962
2924,0.0,326.56560537236373,1673.4343946276363,326.56560537236373,1000.0,0.0,18888.964667162523,327.7144637,30259297.804085962
2925,0.0,0.0,2000.0,0.0,1000.0,0.0,16810.8266788001,327.7144637,30259297.804085962
2926,0.0,0.0,2000.0,0.0,1000.0,0.0,14732.68869043767,327.7144637,30259297.804085962
2927,0.0,0.0,2000.0,0.0,1000.0,0.0,12654.550702075243,326.7144637,30259297.804085962
2928,0.0,0.0,2000.0,0.0,1000.0,0.0,10576.412713712816,307.7154637,30259297.804085962
2929,0.0,0.0,1000.0,0.0,0.0,0.0,9537.343719531586,271.3099253,30259297.804085962
2930,0.0,0.0,1422.47320797285,0.0,422.47320797285,0.0,8059.295914073512,271.3099253,30259297.804085962
2931,0.0,0.0,1000.0,0.0,0.0,0.0,7020.226919892299,271.3099253,30259297.804085962
2932,0.0,0.0,1000.0,0.0,0.0,0.0,5981.157925711085,271.3099253,30259297.804085962
2933,0.0,0.0,1000.0,0.0,0.0,0.0,4942.088931529872,271.3099253,30259297.804085962
2934,0.0,0.0,2000.0,0.0,1000.0,0.0,2863.950943167444,271.3099253,30259297.804085962
2935,0.0,0.0,1000.0,0.0,0.0,0.0,1824.8819489862303,271.3099253,30259297.804085962
2936,0.0,327.12898692682774,672.8710130731706,327.12898692682774,0.0,0.0,1125.7225422185968,271.3099253,30259297.804085962
2937,0.0,1682.897796315893,0.0,1682.897796315893,682.8977963158977,0.0,1125.7225422185968,270.3099253,30259297.804085962
2938,0.0,3493.7128619001232,0.0,3493.712861900142,1000.0,1493.7128619001232,2563.2718005112756,270.3099253,30259297.804085962
2939,0.0,4762.898827796654,0.0,4762.898827796651,1000.0,2762.8988277966537,5222.285632382775,270.3099253,30259297.804085962
2940,0.0,2353.405446248994,0.0,5699.262689679268,1000.0,353.405446248994,5562.403033852806,270.3099253,30259297.804085962
2941,0.0,5941.8547870314615,0.0,6696.335364769662,1000.0,3941.854787031462,9356.044080891887,270.3099253,30259297.804085962
2942,0.0,5941.8547870314615,0.0,6220.117838209801,1000.0,3941.854787031462,13149.685127930963,271.3099253,30259297.804085962
2943,0.0,5941.8547870314615,0.0,6125.499382197243,1000.0,3941.854787031462,16943.326174970043,271.3099253,30259297.804085962
2944,0.0,5767.455576132846,0.0,5767.455576132856,1000.0,3767.4555761328456,20569.125421440294,271.3099253,30259297.804085962
2945,0.0,2000.0,0.0,4000.3767220321347,1000.0,0.0,20569.125421440294,271.3099253,30259297.804085962
2946,0.0,2851.623940890535,0.0,2851.6239408905403,1000.0,851.6239408905349,21388.72830215334,285.3099253,30259297.804085962
2947,0.0,1405.2633662760318,0.0,1405.2633662760318,405.2633662760318,0.0,21388.72830215334,285.3099253,30259297.804085962
2948,0.0,288.5462406069729,711.4537593930271,288.5462406069729,0.0,0.0,20649.478759974383,285.3099253,30259297.804085962
2949,0.0,0.0,1000.0,0.0,0.0,0.0,19610.40976579317,285.3099253,30259297.804085962
2950,0.0,0.0,1000.0,0.0,0.0,0.0,18571.340771611955,285.3099253,30259297.804085962
2951,0.0,0.0,1000.0,0.0,0.0,0.0,17532.271777430742,273.5989253,30259297.804085962
2952,0.0,0.0,1000.0,0.0,0.0,0.0,16493.20278324953,271.3099253,30259297.804085962
2953,0.0,0.0,2000.0,0.0,1000.0,0.0,14415.064794887101,327.9098478,30259297.804085962
2954,0.0,0.0,2000.0,0.0,1000.0,0.0,12336.926806524674,307.9098478,30259297.804085962
2955,0.0,0.0,2000.0,0.0,1000.0,0.0,10258.788818162247,296.3218478,30259297.804085962
2956,0.0,0.0,2000.0,0.0,1000.0,0.0,8180.650829799813,296.3218478,30259297.804085962
2957,0.0,0.0,2000.0,0.0,1000.0,0.0,6102.512841437387,296.3218478,30259297.804085962
2958,0.0,0.0,2000.0,0.0,1000.0,0.0,4024.37485307496,296.3218478,30259297.804085962
2959,0.0,0.0,1141.1181892322975,0.0,141.11818923229748,0.0,2838.6743239474686,296.3218478,30259297.804085962
2960,0.0,351.4552052641357,1648.5447947358662,351.4552052641357,1000.0,0.0,1125.7225422185968,296.3218478,30259297.804085962
2961,0.0,1691.36038444839,0.0,1691.36038444839,691.3603844483732,0.0,1125.7225422185968,272.9098478,30259297.804085962
2962,0.0,3923.6619459036356,0.0,3923.661945903627,1000.0,1923.6619459036356,2977.0547989562556,104.9918478,30259297.804085962
2963,0.0,5257.5410663628045,0.0,5429.219082422158,1000.0,3257.541066362805,6112.112321223819,103.5378478,30259297.804085962
2964,0.0,2000.0,0.0,6210.32092593608,1000.0,0.0,6112.112321223819,244.8098478,30259297.804085962
2965,0.0,5941.8547870314615,0.0,6709.476983191188,1000.0,3941.854787031462,9905.753368262898,272.9098478,30259297.804085962
2966,0.0,5941.8547870314615,0.0,6387.809833955685,1000.0,3941.854787031462,13699.394415301977,292.9098478,30259297.804085962
2967,0.0,5941.8547870314615,0.0,6610.665785312154,1000.0,3941.854787031462,17493.035462341057,296.3218478,30259297.804085962
2968,0.0,2000.0,0.0,5788.917449970958,1000.0,0.0,17493.035462341057,296.3218478,30259297.804085962
2969,0.0,4804.915226944085,0.0,4804.915226944128,1000.0,2804.9152269440847,20192.485876752045,296.3218478,30259297.804085962
2970,0.0,3242.978413758623,0.0,3242.978413758633,1000.0,1242.978413758623,21388.72830215334,327.9098478,30259297.804085962
2971,0.0,1520.7210017621726,479.2789982378274,1520.7210017621726,1000.0,0.0,20890.724355522172,332.9098478,30259297.804085962
2972,0.0,290.31940517623076,1709.6805948237693,290.31940517623076,1000.0,0.0,19114.2482594875,332.9098478,30259297.804085962
2973,0.0,0.0,2000.0,0.0,1000.0,0.0,17036.11027112507,332.9098478,30259297.804085962
2974,0.0,0.0,2000.0,0.0,1000.0,0.0,14957.972282762647,332.9098478,30259297.804085962
2975,0.0,0.0,2000.0,0.0,1000.0,0.0,12879.83429440022,332.9098478,30259297.804085962
2976,0.0,0.0,1000.0,0.0,0.0,0.0,11840.765300219005,327.9098478,30259297.804085962
2977,0.0,0.0,2000.0,0.0,1000.0,0.0,9762.627311856571,329.2010109,30259297.804085962
2978,0.0,0.0,1000.0,0.0,0.0,0.0,8723.558317675357,326.2010109,30259297.804085962
2979,0.0,0.0,1000.0,0.0,0.0,0.0,7684.489323494144,326.2010109,30259297.804085962
2980,0.0,0.0,1000.0,0.0,0.0,0.0,6645.42032931293,329.2010109,30259297.804085962
2981,0.0,0.0,1000.0,0.0,0.0,0.0,5606.351335131717,326.2010109,30259297.804085962
2982,0.0,0.0,1000.0,0.0,0.0,0.0,4567.282340950504,329.2010109,30259297.804085962
2983,0.0,0.0,2000.0,0.0,1000.0,0.0,2489.144352588076,329.2010109,30259297.804085962
2984,0.0,319.8702550351715,1312.157150299572,319.8702550351715,632.0274053347442,0.0,1125.722542218612,329.2010109,30259297.804085962
2985,0.0,1998.5812362585411,0.0,1998.5812362585411,998.58123625855,0.0,1125.7225422185968,329.2010109,30259297.804085962
2986,0.0,4139.324404952445,0.0,4139.324404952447,1000.0,2139.3244049524446,3184.6083495448293,326.2010109,30259297.804085962
2987,0.0,4404.029864897682,0.0,5928.760616604462,1000.0,2404.0298648976823,5498.246691522359,326.2010109,30259297.804085962
2988,0.0,2000.0,0.0,6742.6809117255825,1000.0,0.0,5498.246691522359,329.2010109,30259297.804085962
2989,0.0,5941.8547870314615,0.0,7481.05470378006,1000.0,3941.854787031462,9291.887738561438,329.2010109,30259297.804085962
2990,0.0,5941.8547870314615,0.0,6876.546295840184,1000.0,3941.854787031462,13085.528785600516,329.2010109,30259297.804085962
2991,0.0,5941.8547870314615,0.0,6809.81227465425,1000.0,3941.854787031462,16879.169832639596,329.2010109,30259297.804085962
2992,0.0,2000.0,0.0,5835.998356334659,1000.0,0.0,16879.169832639596,331.2010109,30259297.804085962
2993,0.0,5183.6499642598665,0.0,5183.649964259858,1000.0,3183.6499642598665,19943.11455824329,331.2010109,30259297.804085962
2994,0.0,3502.0924188591507,0.0,3502.092418859142,1000.0,1502.0924188591507,21388.72830215334,352.1790109,30259297.804085962
2995,0.0,1557.1332417700376,442.86675822996244,1557.1332417700376,1000.0,0.0,20928.559185123035,352.1790109,30259297.804085962
2996,0.0,310.7316090373177,1689.2683909626824,310.7316090373177,1000.0,0.0,19173.292777223316,352.1790109,30259297.804085962
2997,0.0,0.0,2000.0,0.0,1000.0,0.0,17095.15478886089,352.1790109,30259297.804085962
2998,0.0,0.0,2000.0,0.0,1000.0,0.0,15017.01680049846,352.1790109,30259297.804085962
2999,0.0,0.0,2000.0,0.0,1000.0,0.0,12938.878812136034,352.1790109,30259297.804085962
3000,0.0,0.0,1731.4197763577395,0.0,731.4197763577395,0.0,11139.814206610527,331.2010109,30259297.804085962
3001,0.0,0.0,2000.0,0.0,1000.0,0.0,9061.6762182481,342.4814737,30259297.804085962
3002,0.0,0.0,2000.0,0.0,1000.0,0.0,6983.538229885671,342.4814737,30259297.804085962
3003,0.0,0.0,1000.0,0.0,0.0,0.0,5944.469235704458,327.4814737,30259297.804085962
3004,0.0,0.0,1000.0,0.0,0.0,0.0,4905.400241523244,327.4814737,30259297.804085962
3005,0.0,0.0,1000.0,0.0,0.0,0.0,3866.3312473420306,327.4814737,30259297.804085962
3006,0.0,0.0,1000.0,0.0,0.0,0.0,2827.2622531608167,327.4814737,30259297.804085962
3007,0.0,0.0,1000.0,0.0,0.0,0.0,1788.1932589796033,327.4814737,30259297.804085962
3008,0.0,362.4381821892073,637.5618178107927,362.4381821892073,0.0,0.0,1125.7225422185968,327.4814737,30259297.804085962
3009,0.0,2000.0,0.0,2182.1606031079405,1000.0,0.0,1125.7225422185968,327.4814737,30259297.804085962
3010,0.0,2000.0,0.0,4177.693652198423,1000.0,0.0,1125.7225422185968,327.4814737,30259297.804085962
3011,0.0,2000.0,0.0,5879.331299301501,1000.0,0.0,1125.7225422185968,327.4814737,30259297.804085962
3012,0.0,5941.8547870314615,0.0,6837.9101860194905,1000.0,3941.854787031462,4919.363589257676,327.4814737,30259297.804085962
3013,0.0,5941.8547870314615,0.0,7910.001565801047,1000.0,3941.854787031462,8713.004636296755,327.4814737,30259297.804085962
3014,0.0,5941.8547870314615,0.0,7409.398508093823,1000.0,3941.854787031462,12506.645683335835,327.4814737,30259297.804085962
3015,0.0,5941.8547870314615,0.0,7138.091743053449,1000.0,3941.854787031462,16300.286730374915,332.4814737,30259297.804085962
3016,0.0,2516.0849123880316,0.0,6549.073353206726,1000.0,516.0849123880316,16796.966850057157,342.4814737,30259297.804085962
3017,0.0,5265.043770677376,0.0,5265.043770677394,1000.0,3265.0437706773764,19939.244974957062,352.0794737,30259297.804085962
3018,0.0,3506.113182872277,0.0,3506.1131828723032,1000.0,1506.1131828722769,21388.72830215334,354.4814737,30259297.804085962
3019,0.0,1529.8062729915566,470.1937270084434,1529.8062729915566,1000.0,0.0,20900.16457916036,354.4814737,30259297.804085962
3020,0.0,324.25870438603783,1675.7412956139622,324.25870438603783,1000.0,0.0,19158.95375661883,354.4814737,30259297.804085962
3021,0.0,0.0,2000.0,0.0,1000.0,0.0,17080.815768256405,354.4814737,30259297.804085962
3022,0.0,0.0,2000.0,0.0,1000.0,0.0,15002.677779893977,354.4814737,30259297.804085962
3023,0.0,0.0,2000.0,0.0,1000.0,0.0,12924.53979153155,352.0794737,30259297.804085962
3024,0.0,0.0,2000.0,0.0,1000.0,0.0,10846.401803169123,352.0794737,30259297.804085962
3025,0.0,0.0,1000.0,0.0,0.0,0.0,9807.33280898787,282.479524,30259297.804085962
3026,0.0,0.0,2000.0,0.0,1000.0,0.0,7729.194820625444,282.479524,30259297.804085962
3027,0.0,0.0,1000.0,0.0,0.0,0.0,6690.12582644423,282.479524,30259297.804085962
3028,0.0,0.0,1000.0,0.0,0.0,0.0,5651.056832263017,282.479524,30259297.804085962
3029,0.0,0.0,1000.0,0.0,0.0,0.0,4611.987838081804,282.479524,30259297.804085962
3030,0.0,0.0,1000.0,0.0,0.0,0.0,3572.91884390059,282.479524,30259297.804085962
3031,0.0,0.0,1000.0,0.0,0.0,0.0,2533.8498497193764,282.479524,30259297.804085962
3032,0.0,356.96447968234594,1355.1817207387503,356.96447968234594,712.1462004210952,0.0,1125.7225422185968,282.479524,30259297.804085962
3033,0.0,1819.402183575545,0.0,1819.402183575545,819.4021835755359,0.0,1125.7225422185968,282.479524,30259297.804085962
3034,0.0,3338.095011741634,0.0,3338.095011741647,1000.0,1338.0950117416342,2413.5051815187453,268.111524,30259297.804085962
3035,0.0,2233.7787872598597,0.0,4966.712482612237,1000.0,233.77878725985963,2638.493886377634,268.111524,30259297.804085962
3036,0.0,5941.8547870314615,0.0,5988.425686609175,1000.0,3941.854787031462,6432.1349334167135,282.479524,30259297.804085962
3037,0.0,5941.8547870314615,0.0,6725.399926206052,1000.0,3941.854787031462,10225.775980455794,282.479524,30259297.804085962
3038,0.0,5941.8547870314615,0.0,6491.1162194548915,1000.0,3941.854787031462,14019.417027494874,282.479524,30259297.804085962
3039,0.0,5696.149262927166,0.0,5696.1492629272025,1000.0,3696.149262927166,17576.591078135978,282.479524,30259297.804085962
3040,0.0,4812.434894636531,0.0,4812.43489463655,1000.0,2812.4348946365308,20283.278420734176,282.479524,30259297.804085962
3041,0.0,2000.0,0.0,4347.59766420923,1000.0,0.0,20283.278420734176,330.479524,30259297.804085962
3042,0.0,3148.6386964039557,0.0,3148.638696403963,1000.0,1148.6386964039557,21388.72830215334,334.479524,30259297.804085962
3043,0.0,1465.800201630493,534.1997983695071,1465.800201630493,1000.0,0.0,20833.65785496973,347.077524,30259297.804085962
3044,0.0,312.0777979940783,1687.9222020059217,312.0777979940783,1000.0,0.0,19079.790230275292,347.077524,30259297.804085962
3045,0.0,0.0,2000.0,0.0,1000.0,0.0,17001.652241912867,347.077524,30259297.804085962
3046,0.0,0.0,2000.0,0.0,1000.0,0.0,14923.514253550438,343.479524,30259297.804085962
3047,0.0,0.0,2000.0,0.0,1000.0,0.0,12845.376265188012,342.479524,30259297.804085962
3048,0.0,0.0,2000.0,0.0,1000.0,0.0,10767.238276825585,334.479524,30259297.804085962
3049,0.0,0.0,1000.0,0.0,0.0,0.0,9728.16928264437,293.9459373,30259297.804085962
3050,0.0,0.0,1000.0,0.0,0.0,0.0,8689.100288463156,293.9459373,30259297.804085962
3051,0.0,0.0,1000.0,0.0,0.0,0.0,7650.031294281944,269.5779373,30259297.804085962
3052,0.0,0.0,1000.0,0.0,0.0,0.0,6610.962300100729,262.4309373,30259297.804085962
3053,0.0,0.0,1000.0,0.0,0.0,0.0,5571.893305919516,269.5779373,30259297.804085962
3054,0.0,0.0,1000.0,0.0,0.0,0.0,4532.824311738303,293.9459373,30259297.804085962
3055,0.0,0.0,2000.0,0.0,1000.0,0.0,2454.6863233758554,334.1629373,30259297.804085962
3056,0.0,334.921443967921,1278.9947429857602,334.921443967921,613.9161869536797,0.0,1125.7225422185816,334.1629373,30259297.804085962
3057,0.0,1731.7340869269926,0.0,1731.7340869269926,731.7340869269896,0.0,1125.7225422185968,334.1629373,30259297.804085962
3058,0.0,3228.745615407158,0.0,3228.745615407161,1000.0,1228.7456154071579,2308.2673224864457,334.1629373,30259297.804085962
3059,0.0,4823.63135936784,0.0,4823.63135936787,1000.0,2823.6313593678397,5025.730142742055,334.1629373,30259297.804085962
3060,0.0,2000.0,0.0,5839.307479303483,1000.0,0.0,5025.730142742055,334.1629373,30259297.804085962
3061,0.0,5941.8547870314615,0.0,6307.6020921895,1000.0,3941.854787031462,8819.371189781134,334.1629373,30259297.804085962
3062,0.0,5941.8547870314615,0.0,6452.960460015166,1000.0,3941.854787031462,12613.012236820214,338.9459373,30259297.804085962
3063,0.0,5941.8547870314615,0.0,5987.334506679228,1000.0,3941.854787031462,16406.653283859294,338.9459373,30259297.804085962
3064,0.0,5587.819891432308,0.0,5587.819891432336,1000.0,3587.8198914323084,19859.571147373746,338.9459373,30259297.804085962
3065,0.0,2663.051813397975,0.0,4515.455711034477,1000.0,663.0518133979747,20497.692212587957,338.9459373,30259297.804085962
3066,0.0,2925.847973363867,0.0,2925.8479733638687,1000.0,925.8479733638669,21388.72830215334,338.9459373,30259297.804085962
3067,0.0,1252.2548628575614,747.7451371424386,1252.2548628575614,1000.0,0.0,20611.76951459885,353.9459373,30259297.804085962
3068,0.0,381.854090841749,1618.145909158251,381.854090841749,1000.0,0.0,18930.40427233134,353.9459373,30259297.804085962
3069,0.0,2.888074130279913,1997.1119258697202,2.888074130279913,1000.0,0.0,16855.267192250583,353.9459373,30259297.804085962
3070,0.0,0.0,2000.0,0.0,1000.0,0.0,14777.129203888157,338.9459373,30259297.804085962
3071,0.0,0.0,2000.0,0.0,1000.0,0.0,12698.99121552573,338.9459373,30259297.804085962
3072,0.0,0.0,2000.0,0.0,1000.0,0.0,10620.853227163303,338.9459373,30259297.804085962
3073,0.0,0.0,1000.0,0.0,0.0,0.0,9581.784232982089,301.1849266,30259297.804085962
3074,0.0,0.0,1000.0,0.0,0.0,0.0,8542.715238800876,301.1849266,30259297.804085962
3075,0.0,0.0,1000.0,0.0,0.0,0.0,7503.646244619662,301.1849266,30259297.804085962
3076,0.0,0.0,1000.0,0.0,0.0,0.0,6464.577250438449,301.1849266,30259297.804085962
3077,0.0,0.0,1000.0,0.0,0.0,0.0,5425.508256257235,301.1849266,30259297.804085962
3078,0.0,0.0,1503.4340894686723,0.0,503.43408946867225,0.0,3863.336509095273,312.1849266,30259297.804085962
3079,0.0,0.0,1000.0,0.0,0.0,0.0,2824.2675149140596,312.1849266,30259297.804085962
3080,0.0,365.3203182779032,1634.6796817220984,365.3203182779032,1000.0,0.0,1125.722542218612,312.1849266,30259297.804085962
3081,0.0,1943.6900812642568,0.0,1943.6900812642568,943.6900812642646,0.0,1125.7225422185968,312.1849266,30259297.804085962
3082,0.0,3592.5477781426334,0.0,3592.547778142618,1000.0,1592.5477781426334,2658.3905239030673,312.1849266,30259297.804085962
3083,0.0,4878.641117446993,0.0,4878.641117447,1000.0,2878.641117446993,5428.794735334053,312.1849266,30259297.804085962
3084,0.0,2278.0665154822645,0.0,6282.801438977547,1000.0,278.0665154822648,5696.405949834185,312.1849266,30259297.804085962
3085,0.0,5941.8547870314615,0.0,6736.738723653292,1000.0,3941.854787031462,9490.046996873265,312.1849266,30259297.804085962
3086,0.0,5941.8547870314615,0.0,6787.4549171029585,1000.0,3941.854787031462,13283.688043912345,312.1849266,30259297.804085962
3087,0.0,5941.8547870314615,0.0,6136.612827022699,1000.0,3941.854787031462,17077.329090951425,312.1849266,30259297.804085962
3088,0.0,5337.0913700647525,0.0,5337.091370064779,1000.0,3337.0913700647525,20288.94582550174,312.1849266,30259297.804085962
3089,0.0,2000.0,0.0,4791.4177880004345,1000.0,0.0,20288.94582550174,339.1849266,30259297.804085962
3090,0.0,3142.7498718325046,0.0,3142.7498718325105,1000.0,1142.7498718325046,21388.72830215334,339.1849266,30259297.804085962
3091,0.0,1404.2433527040437,595.7566472959563,1404.2433527040437,1000.0,0.0,20769.69604187076,349.6009266,30259297.804085962
3092,0.0,345.091957085669,1654.908042914331,345.091957085669,1000.0,0.0,19050.132406257362,349.6009266,30259297.804085962
3093,0.0,0.05337296564894547,1999.946627034351,0.05337296564894547,1000.0,0.0,16972.04987608867,339.1849266,30259297.804085962
3094,0.0,0.0,2000.0,0.0,1000.0,0.0,14893.911887726243,339.1849266,30259297.804085962
3095,0.0,0.0,2000.0,0.0,1000.0,0.0,12815.773899363814,322.1849266,30259297.804085962
3096,0.0,0.0,2000.0,0.0,1000.0,0.0,10737.635911001387,312.1849266,30259297.804085962
3097,0.0,0.0,1000.0,0.0,0.0,0.0,9698.566916820171,252.7174735,30259297.804085962
3098,0.0,0.0,1607.3690943035463,0.0,607.3690943035463,0.0,8028.399528724218,252.7174735,30259297.804085962
3099,0.0,0.0,1000.0,0.0,0.0,0.0,6989.330534543004,245.6174735,30259297.804085962
3100,0.0,0.0,1000.0,0.0,0.0,0.0,5950.26154036179,245.6174735,30259297.804085962
3101,0.0,0.0,1000.0,0.0,0.0,0.0,4911.192546180577,249.6174735,30259297.804085962
3102,0.0,0.0,2000.0,0.0,1000.0,0.0,2833.05455781815,252.7174735,30259297.804085962
3103,0.0,0.0,1000.0,0.0,0.0,0.0,1793.9855636369361,252.7174735,30259297.804085962
3104,0.0,356.86366818699014,643.1363318130097,356.86366818699014,0.0,0.0,1125.7225422185968,252.7174735,30259297.804085962
3105,0.0,1913.1488742383551,0.0,1913.1488742383551,913.1488742383514,0.0,1125.7225422185968,252.7174735,30259297.804085962
3106,0.0,3781.529669873274,0.0,3781.5296698732886,1000.0,1781.529669873274,2840.2666965046355,245.6174735,30259297.804085962
3107,0.0,4342.811056171577,0.0,5415.893632599411,1000.0,2342.8110561715766,5094.988056964161,249.6174735,30259297.804085962
3108,0.0,2000.0,0.0,6013.570295527759,1000.0,0.0,5094.988056964161,252.7174735,30259297.804085962
3109,0.0,5941.8547870314615,0.0,6337.6392304709925,1000.0,3941.854787031462,8888.629104003241,252.7174735,30259297.804085962
3110,0.0,5941.8547870314615,0.0,6951.185461645734,1000.0,3941.854787031462,12682.270151042318,252.7174735,30259297.804085962
3111,0.0,5941.8547870314615,0.0,6392.690498503055,1000.0,3941.854787031462,16475.911198081398,261.2024735,30259297.804085962
3112,0.0,5845.617352713491,0.0,5845.61735271348,1000.0,3845.6173527134906,20176.933338332863,292.7174735,30259297.804085962
3113,0.0,2000.0,0.0,4860.624772519688,1000.0,0.0,20176.933338332863,292.7174735,30259297.804085962
3114,0.0,3259.1385742108087,0.0,3259.1385742108205,1000.0,1259.1385742108087,21388.72830215334,312.7174735,30259297.804085962
3115,0.0,1420.1781492668147,579.8218507331853,1420.1781492668147,1000.0,0.0,20786.25339490772,328.2094735,30259297.804085962
3116,0.0,385.15134899503613,1614.8486510049638,385.15134899503613,1000.0,0.0,19108.314231353106,328.2094735,30259297.804085962
3117,0.0,3.546340406146745,1996.4536595938532,3.546340406146745,1000.0,0.0,17033.861135349518,328.2094735,30259297.804085962
3118,0.0,0.0,2000.0,0.0,1000.0,0.0,14955.723146987091,321.7174735,30259297.804085962
3119,0.0,0.0,2000.0,0.0,1000.0,0.0,12877.585158624664,312.7174735,30259297.804085962
3120,0.0,0.0,2000.0,0.0,1000.0,0.0,10799.447170262236,292.7174735,30259297.804085962
3121,0.0,0.0,1000.0,0.0,0.0,0.0,9760.378176081023,108.1999243,30259297.804085962
3122,0.0,0.0,1000.0,0.0,0.0,0.0,8721.30918189981,108.1999243,30259297.804085962
3123,0.0,0.0,1000.0,0.0,0.0,0.0,7682.240187718596,108.1999243,30259297.804085962
3124,0.0,0.0,1000.0,0.0,0.0,0.0,6643.171193537382,108.1999243,30259297.804085962
3125,0.0,0.0,1000.0,0.0,0.0,0.0,5604.102199356192,118.1999243,30259297.804085962
3126,0.0,0.0,2000.0,0.0,1000.0,0.0,3525.9642109937645,156.6849243,30259297.804085962
3127,0.0,0.0,1000.0,0.0,0.0,0.0,2486.8952168125506,118.1999243,30259297.804085962
3128,0.0,413.26112517581345,1309.992582029221,413.26112517581345,723.2537072050342,0.0,1125.7225422185968,118.1999243,30259297.804085962
3129,0.0,1857.7951491849628,0.0,1857.7951491849628,857.7951491849653,0.0,1125.7225422185968,118.1999243,30259297.804085962
3130,0.0,3772.284285606088,0.0,3772.284285606125,1000.0,1772.284285606088,2831.368938685896,108.1999243,30259297.804085962
3131,0.0,2000.0,0.0,5349.859376374646,1000.0,0.0,2831.368938685896,118.1999243,30259297.804085962
3132,0.0,2000.0,0.0,5963.518295127913,1000.0,0.0,2831.368938685896,156.6849243,30259297.804085962
3133,0.0,5941.8547870314615,0.0,6612.249180438606,1000.0,3941.854787031462,6625.009985724975,228.1999243,30259297.804085962
3134,0.0,5941.8547870314615,0.0,6407.118993071286,1000.0,3941.854787031462,10418.651032764054,118.1999243,30259297.804085962
3135,0.0,5941.8547870314615,0.0,6046.311654003047,1000.0,3941.854787031462,14212.292079803134,238.1999243,30259297.804085962
3136,0.0,5941.8547870314615,0.0,6248.595288460652,1000.0,3941.854787031462,18005.933126842214,270.1999243,30259297.804085962
3137,0.0,4325.630882147419,0.0,5090.964797121969,1000.0,2325.6308821474186,20244.12028782089,270.1999243,30259297.804085962
3138,0.0,3189.32669818418,0.0,3189.3266981841703,1000.0,1189.3266981841798,21388.72830215334,288.1999243,30259297.804085962
3139,0.0,1451.1641347623345,548.8358652376655,1451.1641347623345,1000.0,0.0,20818.449971690257,288.1999243,30259297.804085962
3140,0.0,350.0022780380663,1649.9977219619336,350.0022780380663,1000.0,0.0,19103.988498329978,288.1999243,30259297.804085962
3141,0.0,4.145305139590696,1995.8546948604094,4.145305139590696,1000.0,0.0,17030.15776800953,288.1999243,30259297.804085962
3142,0.0,0.0,2000.0,0.0,1000.0,0.0,14952.019779647102,288.1999243,30259297.804085962
3143,0.0,0.0,2000.0,0.0,1000.0,0.0,12873.881791284673,270.1999243,30259297.804085962
3144,0.0,0.0,2000.0,0.0,1000.0,0.0,10795.743802922247,270.1999243,30259297.804085962
3145,0.0,0.0,1000.0,0.0,0.0,0.0,9756.674808741032,148.9563119,30259297.804085962
3146,0.0,0.0,1000.0,0.0,0.0,0.0,8717.605814559818,124.9563119,30259297.804085962
3147,0.0,0.0,1000.0,0.0,0.0,0.0,7678.536820378606,124.9563119,30259297.804085962
3148,0.0,0.0,1000.0,0.0,0.0,0.0,6639.467826197391,124.9563119,30259297.804085962
3149,0.0,0.0,1000.0,0.0,0.0,0.0,5600.398832016178,148.9563119,30259297.804085962
3150,0.0,0.0,1000.0,0.0,0.0,0.0,4561.329837834965,148.9563119,30259297.804085962
3151,0.0,0.0,2000.0,0.0,1000.0,0.0,2483.1918494725196,209.9563119,30259297.804085962
3152,0.0,387.4523232074091,1306.428461301175,387.4523232074091,693.8807845085826,0.0,1125.7225422185968,209.9563119,30259297.804085962
3153,0.0,2048.324864130733,0.0,2048.324864130736,1000.0,48.324864130733204,1172.2303914580145,148.9563119,30259297.804085962
3154,0.0,4014.532415984051,0.0,4014.5324159840634,1000.0,2014.532415984051,3111.0163886010655,124.9563119,30259297.804085962
3155,0.0,2772.6398355965275,0.0,4934.036352453325,1000.0,772.6398355965276,3854.6049663791637,124.9563119,30259297.804085962
3156,0.0,5941.8547870314615,0.0,5982.275926236956,1000.0,3941.854787031462,7648.246013418243,148.9563119,30259297.804085962
3157,0.0,5941.8547870314615,0.0,6236.983701664741,1000.0,3941.854787031462,11441.887060457322,148.9563119,30259297.804085962
3158,0.0,5941.8547870314615,0.0,6367.907636880592,1000.0,3941.854787031462,15235.5281074964,209.9563119,30259297.804085962
3159,0.0,5699.2864080426925,0.0,5699.286408042711,1000.0,3699.2864080426925,18795.72134659669,249.9563119,30259297.804085962
3160,0.0,2000.0,0.0,5046.997317510334,1000.0,0.0,18795.72134659669,249.9563119,30259297.804085962
3161,0.0,3891.1933767769906,0.0,3891.19337677701,1000.0,1891.1933767769906,20615.805852406862,249.9563119,30259297.804085962
3162,0.0,2803.1197524381532,0.0,2803.119752438166,1000.0,803.1197524381532,21388.72830215334,249.9563119,30259297.804085962
3163,0.0,1341.9214879647877,658.0785120352123,1341.9214879647877,1000.0,0.0,20704.939324560633,279.9563119,30259297.804085962
3164,0.0,376.5583042297873,1623.4416957702126,376.5583042297873,1000.0,0.0,19018.071394624843,279.9563119,30259297.804085962
3165,0.0,0.249074365517863,1999.7509256344822,0.249074365517863,1000.0,0.0,16940.192211712863,279.9563119,30259297.804085962
3166,0.0,0.0,2000.0,0.0,1000.0,0.0,14862.054223350437,249.9563119,30259297.804085962
3167,0.0,0.0,2000.0,0.0,1000.0,0.0,12783.916234988008,249.9563119,30259297.804085962
3168,0.0,0.0,2000.0,0.0,1000.0,0.0,10705.778246625581,228.8563119,30259297.804085962
3169,0.0,0.0,1000.0,0.0,0.0,0.0,9666.70925244436,176.7856399,30259297.804085962
3170,0.0,0.0,2000.0,0.0,1000.0,0.0,7588.571264081933,176.7856399,30259297.804085962
3171,0.0,0.0,1000.0,0.0,0.0,0.0,6549.5022699007195,165.7856399,30259297.804085962
3172,0.0,0.0,1000.0,0.0,0.0,0.0,5510.433275719505,165.7856399,30259297.804085962
3173,0.0,0.0,1000.0,0.0,0.0,0.0,4471.364281538292,165.7856399,30259297.804085962
3174,0.0,0.0,1000.0,0.0,0.0,0.0,3432.2952873570785,176.7856399,30259297.804085962
3175,0.0,0.0,1000.0,0.0,0.0,0.0,2393.2262931758646,176.7856399,30259297.804085962
3176,0.0,435.5235980057022,1219.8456099212744,435.5235980057022,655.3692079269746,0.0,1125.7225422185968,176.7856399,30259297.804085962
3177,0.0,2017.8310938317127,0.0,2017.83109383172,1000.0,17.83109383171268,1142.883186922237,151.7856399,30259297.804085962
3178,0.0,3558.2710302151872,0.0,3904.868720347972,1000.0,1558.271030215187,2642.563226401333,113.8676399,30259297.804085962
3179,0.0,2000.0,0.0,5248.355811849722,1000.0,0.0,2642.563226401333,113.8676399,30259297.804085962
3180,0.0,5941.8547870314615,0.0,6235.068204379563,1000.0,3941.854787031462,6436.204273440412,151.7856399,30259297.804085962
3181,0.0,5941.8547870314615,0.0,6900.261695896143,1000.0,3941.854787031462,10229.845320479491,151.7856399,30259297.804085962
3182,0.0,5941.8547870314615,0.0,6890.441065258978,1000.0,3941.854787031462,14023.48636751857,151.7856399,30259297.804085962
3183,0.0,5941.8547870314615,0.0,6614.247708897281,1000.0,3941.854787031462,17817.12741455765,176.7856399,30259297.804085962
3184,0.0,2000.0,0.0,6065.620824386281,1000.0,0.0,17817.12741455765,176.7856399,30259297.804085962
3185,0.0,4553.469149025909,0.0,4553.469149025913,1000.0,2553.4691490259092,20274.586123580182,214.7856399,30259297.804085962
3186,0.0,3157.670592864878,0.0,3157.670592864877,1000.0,1157.670592864878,21388.72830215334,276.7856399,30259297.804085962
3187,0.0,1485.269473783873,514.7305262161269,1485.269473783873,1000.0,0.0,20853.88777200358,276.7856399,30259297.804085962
3188,0.0,410.6339868462991,1589.3660131537008,410.6339868462991,1000.0,0.0,19202.426827330164,276.7856399,30259297.804085962
3189,0.0,4.554500430228991,1995.445499569771,4.554500430228991,1000.0,0.0,17129.021279148765,276.7856399,30259297.804085962
3190,0.0,0.0,2000.0,0.0,1000.0,0.0,15050.88329078634,276.7856399,30259297.804085962
3191,0.0,0.0,2000.0,0.0,1000.0,0.0,12972.745302423911,276.7856399,30259297.804085962
3192,0.0,0.0,2000.0,0.0,1000.0,0.0,10894.607314061484,214.7856399,30259297.804085962
3193,0.0,0.0,2000.0,0.0,1000.0,0.0,8816.469325699058,119.1033685,30259297.804085962
3194,0.0,0.0,1000.0,0.0,0.0,0.0,7777.400331517842,116.1853685,30259297.804085962
3195,0.0,0.0,1000.0,0.0,0.0,0.0,6738.331337336628,116.1853685,30259297.804085962
3196,0.0,0.0,1000.0,0.0,0.0,0.0,5699.262343155415,116.1853685,30259297.804085962
3197,0.0,0.0,1000.0,0.0,0.0,0.0,4660.193348974201,116.1853685,30259297.804085962
3198,0.0,0.0,1000.0,0.0,0.0,0.0,3621.124354792988,116.1853685,30259297.804085962
3199,0.0,0.0,1785.6052283492859,0.0,785.605228349286,0.0,1765.7573261673788,116.1853685,30259297.804085962
3200,0.0,384.0305239276922,615.9694760723078,384.0305239276922,0.0,0.0,1125.7225422185968,114.7313685,30259297.804085962
3201,0.0,1946.5129270781608,0.0,1946.5129270781608,946.5129270781617,0.0,1125.7225422185968,110.5953685,30259297.804085962
3202,0.0,3753.1233747127444,0.0,3753.1233747127662,1000.0,1753.1233747127444,2812.928478042142,110.5953685,30259297.804085962
3203,0.0,5367.531765595321,0.0,5367.531765595326,1000.0,3367.5317655953213,6053.841049251079,110.5953685,30259297.804085962
3204,0.0,2031.1689999527214,0.0,5745.015198675697,1000.0,31.1689999527213,6083.838094805578,110.5953685,30259297.804085962
3205,0.0,5941.8547870314615,0.0,6989.946112592857,1000.0,3941.854787031462,9877.479141844658,112.1033685,30259297.804085962
3206,0.0,5941.8547870314615,0.0,6769.895204193172,1000.0,3941.854787031462,13671.120188883735,116.1783685,30259297.804085962
3207,0.0,5941.8547870314615,0.0,6456.91599571195,1000.0,3941.854787031462,17464.761235922815,116.1853685,30259297.804085962
3208,0.0,5234.615239962378,0.0,5234.615239962384,1000.0,3234.615239962378,20577.754942862608,116.1853685,30259297.804085962
3209,0.0,2000.0,0.0,4475.8292327791905,1000.0,0.0,20577.754942862608,119.1033685,30259297.804085962
3210,0.0,2842.6572727459857,0.0,2842.6572727460016,1000.0,842.6572727459857,21388.72830215334,119.1033685,30259297.804085962
3211,0.0,1404.9787121118234,595.0212878881766,1404.9787121118234,1000.0,0.0,20770.46013103096,154.1033685,30259297.804085962
3212,0.0,389.79480737271496,1610.205192627285,389.79480737271496,1000.0,0.0,19097.34584110236,219.1033685,30259297.804085962
3213,0.0,4.507052435712033,1995.492947564288,4.507052435712033,1000.0,0.0,17023.890991181033,154.1033685,30259297.804085962
3214,0.0,0.0,2000.0,0.0,1000.0,0.0,14945.753002818608,154.1033685,30259297.804085962
3215,0.0,0.0,2000.0,0.0,1000.0,0.0,12867.61501445618,124.1033685,30259297.804085962
3216,0.0,0.0,2000.0,0.0,1000.0,0.0,10789.477026093753,119.1033685,30259297.804085962
3217,0.0,0.0,2000.0,0.0,1000.0,0.0,8711.339037731326,117.8773355,30259297.804085962
3218,0.0,0.0,1000.0,0.0,0.0,0.0,7672.270043550095,113.8843355,30259297.804085962
3219,0.0,0.0,1000.0,0.0,0.0,0.0,6633.201049368881,113.8843355,30259297.804085962
3220,0.0,0.0,1000.0,0.0,0.0,0.0,5594.132055187668,113.8843355,30259297.804085962
3221,0.0,0.0,1000.0,0.0,0.0,0.0,4555.0630610064545,113.8843355,30259297.804085962
3222,0.0,0.0,1723.6925589006587,0.0,723.6925589006586,0.0,2764.0275675519047,113.8843355,30259297.804085962
3223,0.0,0.0,1000.0,0.0,0.0,0.0,1724.958573370691,113.8843355,30259297.804085962
3224,0.0,423.2952436192257,576.7047563807755,423.2952436192257,0.0,0.0,1125.7225422185968,113.8843355,30259297.804085962
3225,0.0,2067.0113401494345,0.0,2067.011340149451,1000.0,67.01134014943443,1190.2142559784124,113.4663355,30259297.804085962
3226,0.0,3046.6256940405087,0.0,4195.211855155277,1000.0,1046.6256940405087,2197.486823922998,113.4663355,30259297.804085962
3227,0.0,2000.0,0.0,5424.302834695807,1000.0,0.0,2197.486823922998,113.4663355,30259297.804085962
3228,0.0,5941.8547870314615,0.0,6398.70979097489,1000.0,3941.854787031462,5991.127870962077,151.3843355,30259297.804085962
3229,0.0,5941.8547870314615,0.0,7097.652800990839,1000.0,3941.854787031462,9784.768918001157,151.3843355,30259297.804085962
3230,0.0,5941.8547870314615,0.0,7008.620723796037,1000.0,3941.854787031462,13578.409965040235,196.3843355,30259297.804085962
3231,0.0,5941.8547870314615,0.0,6943.778470264205,1000.0,3941.854787031462,17372.051012079315,196.3843355,30259297.804085962
3232,0.0,2000.0,0.0,6200.713783105165,1000.0,0.0,17372.051012079315,196.3843355,30259297.804085962
3233,0.0,4837.994625619711,0.0,4837.994625619725,1000.0,2837.994625619711,20103.33703977572,206.3843355,30259297.804085962
3234,0.0,3335.610206128032,0.0,3335.610206128052,1000.0,1335.6102061280321,21388.72830215334,206.3843355,30259297.804085962
3235,0.0,1629.3291119149271,370.6708880850729,1629.3291119149271,1000.0,0.0,21003.57567529851,216.3843355,30259297.804085962
3236,0.0,409.0328001303569,1590.967199869643,409.0328001303569,1000.0,0.0,19350.45098715466,216.3843355,30259297.804085962
3237,0.0,5.770210218975777,1994.2297897810242,5.770210218975777,1000.0,0.0,17278.308645320685,216.3843355,30259297.804085962
3238,0.0,0.0,2000.0,0.0,1000.0,0.0,15200.170656958258,216.3843355,30259297.804085962
3239,0.0,0.0,2000.0,0.0,1000.0,0.0,13122.03266859583,206.3843355,30259297.804085962
3240,0.0,0.0,2000.0,0.0,1000.0,0.0,11043.894680233403,206.3843355,30259297.804085962
3241,0.0,0.0,1000.0,0.0,0.0,0.0,10004.825686052189,105.2206409,30259297.804085962
3242,0.0,0.0,1000.0,0.0,0.0,0.0,8965.756691870974,105.2106409,30259297.804085962
3243,0.0,0.0,1000.0,0.0,0.0,0.0,7926.687697689762,105.2106409,30259297.804085962
3244,0.0,0.0,1000.0,0.0,0.0,0.0,6887.618703508548,105.2026409,30259297.804085962
3245,0.0,0.0,1000.0,0.0,0.0,0.0,5848.549709327334,105.2106409,30259297.804085962
3246,0.0,0.0,1951.4410396200406,0.0,951.4410396200407,0.0,3820.8678310853966,105.2206409,30259297.804085962
3247,0.0,0.0,2000.0,0.0,1000.0,0.0,1742.7298427229694,105.2206409,30259297.804085962
3248,0.0,406.19217399459393,593.8078260054081,406.19217399459393,0.0,0.0,1125.7225422185968,105.2206409,30259297.804085962
3249,0.0,2073.255985243068,0.0,2073.2559852430722,1000.0,73.25598524306804,1196.2241024165255,105.2206409,30259297.804085962
3250,0.0,3564.8062562469977,0.0,4280.9703812926045,1000.0,1564.806256246998,2702.1936434286363,105.2206409,30259297.804085962
3251,0.0,2000.0,0.0,5752.766145763858,1000.0,0.0,2702.1936434286363,105.2206409,30259297.804085962
3252,0.0,5941.8547870314615,0.0,7154.471318085838,1000.0,3941.854787031462,6495.8346904677155,105.2206409,30259297.804085962
3253,0.0,5941.8547870314615,0.0,7378.673447131438,1000.0,3941.854787031462,10289.475737506795,105.2206409,30259297.804085962
3254,0.0,5941.8547870314615,0.0,7696.491810207095,1000.0,3941.854787031462,14083.116784545873,105.2206409,30259297.804085962
3255,0.0,5941.8547870314615,0.0,7082.388124251841,1000.0,3941.854787031462,17876.757831584953,188.1206409,30259297.804085962
3256,0.0,2000.0,0.0,5775.295481168466,1000.0,0.0,17876.757831584953,208.1206409,30259297.804085962
3257,0.0,4573.211221795577,0.0,4573.211221795596,1000.0,2573.2112217955773,20353.216311441014,208.1206409,30259297.804085962
3258,0.0,3075.968402652043,0.0,3075.9684026520595,1000.0,1075.968402652043,21388.72830215334,208.1206409,30259297.804085962
3259,0.0,1596.4335559081821,403.56644409181786,1596.4335559081821,1000.0,0.0,20969.394923005566,209.1206409,30259297.804085962
3260,0.0,402.1358268024531,1597.864173197547,402.1358268024531,1000.0,0.0,19309.103803722996,209.1206409,30259297.804085962
3261,0.0,6.730922248541065,1993.269077751459,6.730922248541065,1000.0,0.0,17237.95970797127,209.1206409,30259297.804085962
3262,0.0,0.0,2000.0,0.0,1000.0,0.0,15159.821719608843,208.1206409,30259297.804085962
3263,0.0,0.0,2000.0,0.0,1000.0,0.0,13081.683731246414,208.1206409,30259297.804085962
3264,0.0,0.0,2000.0,0.0,1000.0,0.0,11003.545742883987,188.1206409,30259297.804085962
3265,0.0,0.0,2000.0,0.0,1000.0,0.0,8925.407754521577,109.6588813,30259297.804085962
3266,0.0,0.0,1000.0,0.0,0.0,0.0,7886.338760340363,109.6588813,30259297.804085962
3267,0.0,0.0,1000.0,0.0,0.0,0.0,6847.269766159149,109.6588813,30259297.804085962
3268,0.0,0.0,1000.0,0.0,0.0,0.0,5808.200771977936,109.6588813,30259297.804085962
3269,0.0,0.0,1000.0,0.0,0.0,0.0,4769.131777796722,109.6588813,30259297.804085962
3270,0.0,0.0,1000.0,0.0,0.0,0.0,3730.062783615509,109.6588813,30259297.804085962
3271,0.0,0.0,1936.0814781596632,0.0,936.0814781596632,0.0,1718.3405494512706,109.6588813,30259297.804085962
3272,0.0,429.6644298392765,570.3355701607252,429.6644298392765,0.0,0.0,1125.7225422185968,109.6588813,30259297.804085962
3273,0.0,1989.4426015283182,0.0,1989.4426015283182,989.4426015283066,0.0,1125.7225422185968,109.6588813,30259297.804085962
3274,0.0,3890.517318911622,0.0,3890.5173189116535,1000.0,1890.5173189116222,2945.156409939142,109.6588813,30259297.804085962
3275,0.0,2000.0,0.0,5124.672805668407,1000.0,0.0,2945.156409939142,109.6588813,30259297.804085962
3276,0.0,2000.0,0.0,6352.571805051264,1000.0,0.0,2945.156409939142,109.6588813,30259297.804085962
3277,0.0,5941.8547870314615,0.0,6683.739336313113,1000.0,3941.854787031462,6738.797456978222,109.6588813,30259297.804085962
3278,0.0,5941.8547870314615,0.0,7029.643757206105,1000.0,3941.854787031462,10532.4385040173,109.6588813,30259297.804085962
3279,0.0,5941.8547870314615,0.0,6627.140245065946,1000.0,3941.854787031462,14326.07955105638,138.1668813,30259297.804085962
3280,0.0,5860.170388408126,0.0,5860.17038840814,1000.0,3860.170388408126,18041.107532860362,138.1668813,30259297.804085962
3281,0.0,4495.742455190555,0.0,4632.840708621331,1000.0,2495.7424551905556,20443.010071735753,142.1668813,30259297.804085962
3282,0.0,2982.6664904588447,0.0,2982.666490458867,1000.0,982.6664904588447,21388.72830215334,213.1668813,30259297.804085962
3283,0.0,1351.8666597283814,648.1333402716186,1351.8666597283814,1000.0,0.0,20715.273044182002,213.1668813,30259297.804085962
3284,0.0,375.8881731383835,1624.1118268616165,375.8881731383835,1000.0,0.0,19027.708801807094,217.1668813,30259297.804085962
3285,0.0,7.276512213515095,1992.7234877864848,7.276512213515095,1000.0,0.0,16957.13161167151,213.1668813,30259297.804085962
3286,0.0,0.0,2000.0,0.0,1000.0,0.0,14878.993623309083,213.1668813,30259297.804085962
3287,0.0,0.0,2000.0,0.0,1000.0,0.0,12800.855634946654,142.1668813,30259297.804085962
3288,0.0,0.0,2000.0,0.0,1000.0,0.0,10722.717646584228,138.1668813,30259297.804085962
3289,0.0,0.0,1000.0,0.0,0.0,0.0,9683.648652403013,111.9569386,30259297.804085962
3290,0.0,0.0,1000.0,0.0,0.0,0.0,8644.579658221799,111.9569386,30259297.804085962
3291,0.0,0.0,1000.0,0.0,0.0,0.0,7605.510664040587,111.9569386,30259297.804085962
3292,0.0,0.0,1000.0,0.0,0.0,0.0,6566.441669859372,111.9569386,30259297.804085962
3293,0.0,0.0,1000.0,0.0,0.0,0.0,5527.372675678159,111.9569386,30259297.804085962
3294,0.0,0.0,1000.0,0.0,0.0,0.0,4488.3036814969455,111.9569386,30259297.804085962
3295,0.0,0.1541885173519265,1999.8458114826483,0.1541885173519265,1000.0,0.0,2410.325905642171,117.5469386,30259297.804085962
3296,0.0,402.5865320460244,1236.3022769588479,402.5865320460244,638.8888090048722,0.0,1125.7225422185968,117.5469386,30259297.804085962
3297,0.0,2012.5471720352841,0.0,2012.5471720352953,1000.0,12.547172035284035,1137.7979405853541,117.5469386,30259297.804085962
3298,0.0,3767.570252353214,0.0,4164.3978475130725,1000.0,1767.570252353214,2838.9075514500873,111.9569386,30259297.804085962
3299,0.0,2000.0,0.0,5378.253806719632,1000.0,0.0,2838.9075514500873,117.5469386,30259297.804085962
3300,0.0,5941.8547870314615,0.0,6509.369781819527,1000.0,3941.854787031462,6632.548598489167,117.5469386,30259297.804085962
3301,0.0,5941.8547870314615,0.0,7391.542276204292,1000.0,3941.854787031462,10426.189645528246,117.5469386,30259297.804085962
3302,0.0,5941.8547870314615,0.0,7101.721012998517,1000.0,3941.854787031462,14219.830692567324,119.0999386,30259297.804085962
3303,0.0,5941.8547870314615,0.0,6531.721201329234,1000.0,3941.854787031462,18013.471739606404,190.5569386,30259297.804085962
3304,0.0,2000.0,0.0,5351.045452293628,1000.0,0.0,18013.471739606404,190.5569386,30259297.804085962
3305,0.0,4367.262643846974,0.0,4367.262643847,1000.0,2367.2626438469742,20291.72530804473,190.5569386,30259297.804085962
3306,0.0,3139.8617977022122,0.0,3139.8617977022304,1000.0,1139.8617977022122,21388.72830215334,190.5569386,30259297.804085962
3307,0.0,1523.9055948721984,476.09440512780156,1523.9055948721984,1000.0,0.0,20894.033367481898,190.5569386,30259297.804085962
3308,0.0,388.14023462067183,1611.859765379328,388.14023462067183,1000.0,0.0,19219.19986230803,191.5569386,30259297.804085962
3309,0.0,7.513729650837708,1992.4862703491624,7.513729650837708,1000.0,0.0,17148.86915745646,190.5569386,30259297.804085962
3310,0.0,0.0,2000.0,0.0,1000.0,0.0,15070.731169094031,190.5569386,30259297.804085962
3311,0.0,0.0,2000.0,0.0,1000.0,0.0,12992.593180731603,190.5569386,30259297.804085962
3312,0.0,0.0,2000.0,0.0,1000.0,0.0,10914.455192369176,117.5469386,30259297.804085962
3313,0.0,0.0,2000.0,0.0,1000.0,0.0,8836.317204006747,109.6454519,30259297.804085962
3314,0.0,0.0,1000.0,0.0,0.0,0.0,7797.248209825534,109.6454519,30259297.804085962
3315,0.0,0.0,1000.0,0.0,0.0,0.0,6758.179215644321,109.6454519,30259297.804085962
3316,0.0,0.0,1849.5045456663731,0.0,849.5045456663731,0.0,4836.41638764518,109.6454519,30259297.804085962
3317,0.0,0.0,1000.0,0.0,0.0,0.0,3797.347393463967,109.6454519,30259297.804085962
3318,0.0,0.0,1000.0,0.0,0.0,0.0,2758.2783992827535,109.6454519,30259297.804085962
3319,0.0,0.48035714154575276,999.5196428584543,0.48035714154575276,0.0,0.0,1719.7085293134533,109.6454519,30259297.804085962
3320,0.0,428.3478860199118,571.6521139800898,428.3478860199118,0.0,0.0,1125.7225422185968,109.6454519,30259297.804085962
3321,0.0,2047.678462670417,0.0,2047.6784626704064,1000.0,47.678462670416934,1171.608294692606,109.6454519,30259297.804085962
3322,0.0,3226.587554125783,0.0,4026.434594985768,1000.0,1226.587554125783,2352.0761567832596,109.6454519,30259297.804085962
3323,0.0,2000.0,0.0,5460.157631190792,1000.0,0.0,2352.0761567832596,109.6454519,30259297.804085962
3324,0.0,5941.8547870314615,0.0,6677.014340838524,1000.0,3941.854787031462,6145.717203822339,109.6454519,30259297.804085962
3325,0.0,5941.8547870314615,0.0,6809.919012923559,1000.0,3941.854787031462,9939.358250861418,109.6454519,30259297.804085962
3326,0.0,5941.8547870314615,0.0,6964.042414635421,1000.0,3941.854787031462,13732.999297900496,109.6454519,30259297.804085962
3327,0.0,5941.8547870314615,0.0,6464.394142183808,1000.0,3941.854787031462,17526.640344939577,109.6454519,30259297.804085962
3328,0.0,2000.0,0.0,6006.275980457123,1000.0,0.0,17526.640344939577,109.6454519,30259297.804085962
3329,0.0,4931.278746223396,0.0,4931.278746223427,1000.0,2931.2787462233964,20347.70301030497,113.7814519,30259297.804085962
3330,0.0,3081.6971029180922,0.0,3081.6971029181022,1000.0,1081.6971029180922,21388.72830215334,117.2454519,30259297.804085962
3331,0.0,1419.1225525158463,580.8774474841537,1419.1225525158463,1000.0,0.0,20785.15655705343,168.2454519,30259297.804085962
3332,0.0,382.52421066552176,1617.4757893344781,382.52421066552176,1000.0,0.0,19104.487615517195,168.2454519,30259297.804085962
3333,0.0,9.73761073129783,1990.2623892687022,9.73761073129783,1000.0,0.0,17036.467676543063,168.2454519,30259297.804085962
3334,0.0,0.0,2000.0,0.0,1000.0,0.0,14958.329688180636,117.2454519,30259297.804085962
3335,0.0,0.0,2000.0,0.0,1000.0,0.0,12880.191699818208,109.6454519,30259297.804085962
3336,0.0,0.0,2000.0,0.0,1000.0,0.0,10802.053711455781,109.6454519,30259297.804085962
3337,0.0,0.0,1738.7022378804706,0.0,738.7022378804706,0.0,8995.422125960673,100.5503627,30259297.804085962
3338,0.0,0.0,1000.0,0.0,0.0,0.0,7956.353131779459,100.5503627,30259297.804085962
3339,0.0,0.0,1000.0,0.0,0.0,0.0,6917.284137598245,100.5503627,30259297.804085962
3340,0.0,0.0,1000.0,0.0,0.0,0.0,5878.215143417032,100.5503627,30259297.804085962
3341,0.0,0.0,1000.0,0.0,0.0,0.0,4839.1461492358185,100.5503627,30259297.804085962
3342,0.0,0.0,1000.0,0.0,0.0,0.0,3800.0771550546046,100.5503627,30259297.804085962
3343,0.0,1.3639805462506218,1998.6360194537494,1.3639805462506218,1000.0,0.0,1723.3564365864527,104.6863627,30259297.804085962
3344,0.0,424.83714006037604,575.1628599396245,424.83714006037604,0.0,0.0,1125.7225422185968,100.5503627,30259297.804085962
3345,0.0,2156.849943109977,0.0,2156.849943109993,1000.0,156.84994310997695,1276.6749274676386,100.5503627,30259297.804085962
3346,0.0,3198.07452069598,0.0,4009.1476826922826,1000.0,1198.0745206959798,2429.7018461854495,100.5503627,30259297.804085962
3347,0.0,2000.0,0.0,5493.800400153223,1000.0,0.0,2429.7018461854495,100.5503627,30259297.804085962
3348,0.0,5941.8547870314615,0.0,6767.042713241873,1000.0,3941.854787031462,6223.342893224529,100.5503627,30259297.804085962
3349,0.0,5941.8547870314615,0.0,6643.543549729409,1000.0,3941.854787031462,10016.983940263608,100.5503627,30259297.804085962
3350,0.0,5941.8547870314615,0.0,6698.191560512419,1000.0,3941.854787031462,13810.624987302686,100.5503627,30259297.804085962
3351,0.0,5941.8547870314615,0.0,6509.292688687614,1000.0,3941.854787031462,17604.266034341766,100.5503627,30259297.804085962
3352,0.0,2000.0,0.0,5388.501424236923,1000.0,0.0,17604.266034341766,100.5503627,30259297.804085962
3353,0.0,4663.292968967379,0.0,4663.292968967415,1000.0,2663.2929689673792,20167.41918767597,108.1503627,30259297.804085962
3354,0.0,3269.0244331643526,0.0,3269.0244331643603,1000.0,1269.0244331643526,21388.72830215334,114.1503627,30259297.804085962
3355,0.0,1449.0054932658813,550.9945067341187,1449.0054932658813,1000.0,0.0,20816.206994241744,126.1503627,30259297.804085962
3356,0.0,350.43519169214755,1649.5648083078524,350.43519169214755,1000.0,0.0,19102.19534803657,126.1503627,30259297.804085962
3357,0.0,12.24020793438238,1987.7597920656176,12.24020793438238,1000.0,0.0,17036.775780221098,126.1503627,30259297.804085962
3358,0.0,0.0,2000.0,0.0,1000.0,0.0,14958.637791858671,126.1503627,30259297.804085962
3359,0.0,0.0,2000.0,0.0,1000.0,0.0,12880.499803496243,126.1503627,30259297.804085962
3360,0.0,0.0,2000.0,0.0,1000.0,0.0,10802.361815133816,108.1503627,30259297.804085962
3361,0.0,0.0,1752.2352487355188,0.0,752.2352487355189,0.0,8981.66849766132,105.3219301,30259297.804085962
3362,0.0,0.0,2000.0,0.0,1000.0,0.0,6903.530509298893,105.3219301,30259297.804085962
3363,0.0,0.0,1000.0,0.0,0.0,0.0,5864.46151511768,105.3219301,30259297.804085962
3364,0.0,0.0,1000.0,0.0,0.0,0.0,4825.392520936467,103.3119301,30259297.804085962
3365,0.0,0.0,1000.0,0.0,0.0,0.0,3786.3235267552527,101.8579301,30259297.804085962
3366,0.0,0.0,1000.0,0.0,0.0,0.0,2747.2545325740393,103.3119301,30259297.804085962
3367,0.0,2.9770320777297794,997.0229679222703,2.9770320777297794,0.0,0.0,1711.2788801194765,97.72193009,30259297.804085962
3368,0.0,436.4605804041934,563.5394195958065,436.4605804041934,0.0,0.0,1125.7225422185968,97.72193009,30259297.804085962
3369,0.0,1743.8497537349451,0.0,1743.8497537349451,743.8497537349467,0.0,1125.7225422185968,97.72193009,30259297.804085962
3370,0.0,3834.030903975384,0.0,3834.0309039753806,1000.0,1834.0309039753838,2890.793884204506,97.72193009,30259297.804085962
3371,0.0,4881.030210127532,0.0,5079.01518139338,1000.0,2881.030210127532,5663.497358431243,97.72193009,30259297.804085962
3372,0.0,2000.0,0.0,5947.933381045727,1000.0,0.0,5663.497358431243,97.72193009,30259297.804085962
3373,0.0,5941.8547870314615,0.0,7161.320843419226,1000.0,3941.854787031462,9457.138405470323,97.72193009,30259297.804085962
3374,0.0,5941.8547870314615,0.0,7005.68521293887,1000.0,3941.854787031462,13250.7794525094,97.72193009,30259297.804085962
3375,0.0,5941.8547870314615,0.0,6321.609537919187,1000.0,3941.854787031462,17044.42049954848,97.72193009,30259297.804085962
3376,0.0,5660.857859254281,0.0,5660.857859254313,1000.0,3660.857859254281,20567.6301032948,97.72193009,30259297.804085962
3377,0.0,2000.0,0.0,4317.5842555588115,1000.0,0.0,20567.6301032948,105.3219301,30259297.804085962
3378,0.0,2853.177679611955,0.0,2853.1776796119657,1000.0,853.1776796119552,21388.72830215334,113.3219301,30259297.804085962
3379,0.0,1303.0185155693755,696.9814844306245,1303.0185155693755,1000.0,0.0,20664.516452163083,166.3219301,30259297.804085962
3380,0.0,455.2834623648752,1544.7165376351247,455.2834623648752,1000.0,0.0,19059.44939310746,171.3219301,30259297.804085962
3381,0.0,7.448501334461866,1992.5514986655382,7.448501334461866,1000.0,0.0,16989.050911534785,171.3219301,30259297.804085962
3382,0.0,0.0,2000.0,0.0,1000.0,0.0,14910.912923172358,166.3219301,30259297.804085962
3383,0.0,0.0,2000.0,0.0,1000.0,0.0,12832.774934809931,166.3219301,30259297.804085962
3384,0.0,0.0,1675.3885962798668,0.0,675.3885962798668,0.0,11091.930591210723,113.3219301,30259297.804085962
3385,0.0,0.0,1000.0,0.0,0.0,0.0,10052.86159702951,111.9166611,30259297.804085962
3386,0.0,0.0,1000.0,0.0,0.0,0.0,9013.792602848294,107.9166611,30259297.804085962
3387,0.0,0.0,1000.0,0.0,0.0,0.0,7974.723608667082,105.9066611,30259297.804085962
3388,0.0,0.0,1000.0,0.0,0.0,0.0,6935.654614485868,107.9166611,30259297.804085962
3389,0.0,0.0,1000.0,0.0,0.0,0.0,5896.585620304654,107.9166611,30259297.804085962
3390,0.0,0.0,1000.0,0.0,0.0,0.0,4857.516626123441,111.9166611,30259297.804085962
3391,0.0,6.618245937648263,1993.3817540623518,6.618245937648263,1000.0,0.0,2786.2554519106925,149.9166611,30259297.804085962
3392,0.0,478.3702412823624,1521.6297587176377,478.3702412823624,1000.0,0.0,1205.17714900375,149.9166611,30259297.804085962
3393,0.0,1923.532886429983,76.46711357001709,1923.532886429983,1000.0,0.0,1125.7225422185968,149.9166611,30259297.804085962
3394,0.0,3876.871620478105,0.0,3876.8716204780876,1000.0,1876.871620478105,2932.023789766725,111.9166611,30259297.804085962
3395,0.0,4441.936553352202,0.0,5354.378293625895,1000.0,2441.9365533522023,5282.143528712884,149.9166611,30259297.804085962
3396,0.0,2000.0,0.0,6579.08083508319,1000.0,0.0,5282.143528712884,149.9166611,30259297.804085962
3397,0.0,5941.8547870314615,0.0,7163.212622340959,1000.0,3941.854787031462,9075.784575751964,149.9166611,30259297.804085962
3398,0.0,5941.8547870314615,0.0,7369.238293421469,1000.0,3941.854787031462,12869.425622791045,149.9166611,30259297.804085962
3399,0.0,5941.8547870314615,0.0,6386.742372389179,1000.0,3941.854787031462,16663.066669830125,149.9166611,30259297.804085962
3400,0.0,5768.262101898578,0.0,5768.262101898596,1000.0,3768.2621018985783,20289.642116697316,158.9166611,30259297.804085962
3401,0.0,2000.0,0.0,4661.608751077975,1000.0,0.0,20289.642116697316,173.9166611,30259297.804085962
3402,0.0,3142.0263772402623,0.0,3142.026377240268,1000.0,1142.0263772402623,21388.72830215334,178.9166611,30259297.804085962
3403,0.0,1485.0797043410678,514.9202956589322,1485.0797043410678,1000.0,0.0,20853.690588459518,178.9166611,30259297.804085962
3404,0.0,390.45307364858184,1609.5469263514183,390.45307364858184,1000.0,0.0,19181.260282608077,178.9166611,30259297.804085962
3405,0.0,16.628646017617562,1983.3713539823825,16.628646017617562,1000.0,0.0,17120.40060473778,178.9166611,30259297.804085962
3406,0.0,0.0,2000.0,0.0,1000.0,0.0,15042.262616375354,178.9166611,30259297.804085962
3407,0.0,0.0,2000.0,0.0,1000.0,0.0,12964.124628012927,178.9166611,30259297.804085962
3408,0.0,0.0,1000.0,0.0,0.0,0.0,11925.055633831713,173.9166611,30259297.804085962
3409,0.0,0.0,1000.0,0.0,0.0,0.0,10885.986639650499,174.331174,30259297.804085962
3410,0.0,0.0,1000.0,0.0,0.0,0.0,9846.917645469286,174.331174,30259297.804085962
3411,0.0,0.0,1000.0,0.0,0.0,0.0,8807.848651288072,174.331174,30259297.804085962
3412,0.0,0.0,1000.0,0.0,0.0,0.0,7768.779657106858,174.331174,30259297.804085962
3413,0.0,0.0,1000.0,0.0,0.0,0.0,6729.710662925645,174.331174,30259297.804085962
3414,0.0,0.0,2000.0,0.0,1000.0,0.0,4651.5726745632155,176.231174,30259297.804085962
3415,0.0,6.12010396719119,1993.8798960328088,6.12010396719119,1000.0,0.0,2579.7938964742625,176.331174,30259297.804085962
3416,0.0,451.0076893249017,1399.3982713356527,451.0076893249017,850.4059606605517,0.0,1125.7225422185968,176.231174,30259297.804085962
3417,0.0,1758.076614044834,0.0,1758.076614044834,758.0766140448341,0.0,1125.7225422185968,174.331174,30259297.804085962
3418,0.0,3160.428187827142,0.0,3160.4281878271436,1000.0,1160.4281878271422,2242.5186301834383,174.331174,30259297.804085962
3419,0.0,2000.0,0.0,4655.78516609053,1000.0,0.0,2242.5186301834383,174.331174,30259297.804085962
3420,0.0,5437.9773613226935,0.0,5445.776573349446,1000.0,3437.9773613226935,5551.228042720399,174.331174,30259297.804085962
3421,0.0,5941.8547870314615,0.0,6751.920369218793,1000.0,3941.854787031462,9344.869089759479,174.331174,30259297.804085962
3422,0.0,5941.8547870314615,0.0,7157.661837969816,1000.0,3941.854787031462,13138.510136798559,176.231174,30259297.804085962
3423,0.0,5941.8547870314615,0.0,6281.959341300458,1000.0,3941.854787031462,16932.15118383764,176.331174,30259297.804085962
3424,0.0,5588.798395051393,0.0,5588.79839505139,1000.0,3588.7983950513926,20386.010759235098,176.331174,30259297.804085962
3425,0.0,2000.0,0.0,4476.754372897407,1000.0,0.0,20386.010759235098,176.331174,30259297.804085962
3426,0.0,3041.8927087679217,0.0,3041.8927087679162,1000.0,1041.8927087679217,21388.72830215334,178.331174,30259297.804085962
3427,0.0,1406.0876836312614,593.9123163687386,1406.0876836312614,1000.0,0.0,20771.612428952234,181.331174,30259297.804085962
3428,0.0,373.3144095773391,1626.6855904226609,373.3144095773391,1000.0,0.0,19081.373868662697,191.331174,30259297.804085962
3429,0.0,21.05860532141674,1978.9413946785833,21.05860532141674,1000.0,0.0,17025.11722415046,181.331174,30259297.804085962
3430,0.0,0.0,2000.0,0.0,1000.0,0.0,14946.979235788034,181.331174,30259297.804085962
3431,0.0,0.0,2000.0,0.0,1000.0,0.0,12868.841247425606,178.331174,30259297.804085962
3432,0.0,0.0,2000.0,0.0,1000.0,0.0,10790.703259063179,176.331174,30259297.804085962
3433,0.0,0.0,1000.0,0.0,0.0,0.0,9751.634264881955,175.8902433,30259297.804085962
3434,0.0,0.0,1000.0,0.0,0.0,0.0,8712.565270700741,175.8902433,30259297.804085962
3435,0.0,0.0,1000.0,0.0,0.0,0.0,7673.496276519528,175.8902433,30259297.804085962
3436,0.0,0.0,1000.0,0.0,0.0,0.0,6634.427282338314,175.8902433,30259297.804085962
3437,0.0,0.0,1767.6066637438425,0.0,767.6066637438425,0.0,4797.76200413399,175.8902433,30259297.804085962
3438,0.0,0.0,1000.0,0.0,0.0,0.0,3758.6930099527763,175.8902433,30259297.804085962
3439,0.0,9.269113898236652,1990.7308861017634,9.269113898236652,1000.0,0.0,1690.1862704455407,177.8902433,30259297.804085962
3440,0.0,456.7601079543875,543.2398920456108,456.7601079543875,0.0,0.0,1125.7225422185968,175.8902433,30259297.804085962
3441,0.0,2013.5138108388148,0.0,2013.5138108388137,1000.0,13.51381083881489,1138.7282337698723,175.8902433,30259297.804085962
3442,0.0,3462.2293033816004,0.0,3863.658835698603,1000.0,1462.2293033816004,2545.9777153443247,175.8902433,30259297.804085962
3443,0.0,2000.0,0.0,5452.086446759443,1000.0,0.0,2545.9777153443247,175.8902433,30259297.804085962
3444,0.0,5941.8547870314615,0.0,6289.508654130275,1000.0,3941.854787031462,6339.618762383404,175.8902433,30259297.804085962
3445,0.0,5941.8547870314615,0.0,6466.042776894268,1000.0,3941.854787031462,10133.259809422483,175.8902433,30259297.804085962
3446,0.0,5941.8547870314615,0.0,6525.156330160055,1000.0,3941.854787031462,13926.900856461561,175.8902433,30259297.804085962
3447,0.0,5941.8547870314615,0.0,6675.567340386407,1000.0,3941.854787031462,17720.54190350064,175.8902433,30259297.804085962
3448,0.0,2000.0,0.0,5094.309503269774,1000.0,0.0,17720.54190350064,177.8902433,30259297.804085962
3449,0.0,4775.044151009629,0.0,4775.044151009631,1000.0,2775.044151009629,20391.244394432306,188.0902433,30259297.804085962
3450,0.0,3036.45460070764,0.0,3036.454600707666,1000.0,1036.45460070764,21388.72830215334,188.0902433,30259297.804085962
3451,0.0,1584.8338226601766,415.16617733982343,1584.8338226601766,1000.0,0.0,20957.341999846787,205.8902433,30259297.804085962
3452,0.0,484.6563963289163,1515.3436036710837,484.6563963289163,1000.0,0.0,19382.79544574133,205.8902433,30259297.804085962
3453,0.0,27.07789779325214,1972.922102206748,27.07789779325214,1000.0,0.0,17332.793261403473,195.8902433,30259297.804085962
3454,0.0,0.0,2000.0,0.0,1000.0,0.0,15254.655273041048,188.0902433,30259297.804085962
3455,0.0,0.0,2000.0,0.0,1000.0,0.0,13176.51728467862,188.0902433,30259297.804085962
3456,0.0,0.0,1000.0,0.0,0.0,0.0,12137.448290497407,180.8902433,30259297.804085962
3457,0.0,0.0,1000.0,0.0,0.0,0.0,11098.379296316183,181.8467664,30259297.804085962
3458,0.0,0.0,1042.6791950381703,0.0,42.6791950381704,0.0,10014.963673874194,181.8467664,30259297.804085962
3459,0.0,0.0,2000.0,0.0,1000.0,0.0,7936.825685511767,181.8467664,30259297.804085962
3460,0.0,0.0,1000.0,0.0,0.0,0.0,6897.756691330554,181.8467664,30259297.804085962
3461,0.0,0.0,1000.0,0.0,0.0,0.0,5858.68769714934,181.8467664,30259297.804085962
3462,0.0,0.0,2000.0,0.0,1000.0,0.0,3780.5497087869126,181.8467664,30259297.804085962
3463,0.0,13.47964735420319,1986.5203526457967,13.47964735420319,1000.0,0.0,1716.4180040427345,181.8467664,30259297.804085962
3464,0.0,431.51468754044714,568.4853124595502,431.51468754044714,0.0,0.0,1125.7225422185968,181.8467664,30259297.804085962
3465,0.0,2043.497574351829,0.0,2043.4975743518357,1000.0,43.497574351828916,1167.584607774797,181.8467664,30259297.804085962
3466,0.0,3769.8469167194175,0.0,3769.846916719417,1000.0,1769.8469167194175,2870.8852804255644,181.8467664,30259297.804085962
3467,0.0,2075.594520008633,0.0,5435.149416946543,1000.0,75.594520008633,2943.6374464818728,181.8467664,30259297.804085962
3468,0.0,5941.8547870314615,0.0,6057.08114312187,1000.0,3941.854787031462,6737.278493520952,181.8467664,30259297.804085962
3469,0.0,5941.8547870314615,0.0,6658.215188508916,1000.0,3941.854787031462,10530.919540560031,181.8467664,30259297.804085962
3470,0.0,5941.8547870314615,0.0,7149.442394048594,1000.0,3941.854787031462,14324.56058759911,181.8467664,30259297.804085962
3471,0.0,5941.8547870314615,0.0,6222.122282174796,1000.0,3941.854787031462,18118.20163463819,191.1667664,30259297.804085962
3472,0.0,2000.0,0.0,5422.802470742851,1000.0,0.0,18118.20163463819,191.1667664,30259297.804085962
3473,0.0,4269.684958613806,0.0,4269.684958613834,1000.0,2269.684958613806,20302.546438808113,195.8467664,30259297.804085962
3474,0.0,3128.617896244001,0.0,3128.617896244024,1000.0,1128.6178962440008,21388.72830215334,195.8467664,30259297.804085962
3475,0.0,1530.9864108689546,469.01358913104536,1530.9864108689546,1000.0,0.0,20901.39082383763,210.8467664,30259297.804085962
3476,0.0,409.4538489689012,1590.5461510310988,409.4538489689012,1000.0,0.0,19248.70363448694,220.8467664,30259297.804085962
3477,0.0,31.181681712278845,968.8183182877211,31.181681712278845,0.0,0.0,18242.034558959378,195.8467664,30259297.804085962
3478,0.0,0.0,1000.0,0.0,0.0,0.0,17202.965564778166,195.8467664,30259297.804085962
3479,0.0,0.0,1000.0,0.0,0.0,0.0,16163.896570596951,191.1667664,30259297.804085962
3480,0.0,0.0,1000.0,0.0,0.0,0.0,15124.827576415737,191.1667664,30259297.804085962
3481,0.0,0.0,2000.0,0.0,1000.0,0.0,13046.6895880533,196.7875031,30259297.804085962
3482,0.0,0.0,2000.0,0.0,1000.0,0.0,10968.551599690873,196.7875031,30259297.804085962
3483,0.0,0.0,2000.0,0.0,1000.0,0.0,8890.413611328446,196.7875031,30259297.804085962
3484,0.0,0.0,1000.0,0.0,0.0,0.0,7851.3446171472315,196.7875031,30259297.804085962
3485,0.0,0.0,1958.1067222845693,0.0,958.1067222845693,0.0,5816.736634723531,196.7875031,30259297.804085962
3486,0.0,0.0,2000.0,0.0,1000.0,0.0,3738.5986463611043,196.7875031,30259297.804085962
3487,0.0,15.003740938232482,984.9962590617675,15.003740938232482,0.0,0.0,2715.1195741855354,196.7875031,30259297.804085962
3488,0.0,470.3642964350205,1529.6357035649817,470.3642964350205,1000.0,0.0,1125.7225422185968,196.7875031,30259297.804085962
3489,0.0,1917.3594076943218,0.0,1917.3594076943218,917.3594076943056,0.0,1125.7225422185968,196.7875031,30259297.804085962
3490,0.0,3976.8273730555147,0.0,3976.8273730555384,1000.0,1976.8273730555147,3028.2212060472243,196.7875031,30259297.804085962
3491,0.0,5428.394765066869,0.0,5428.394765066928,1000.0,3428.394765066869,6327.708327947579,196.7875031,30259297.804085962
3492,0.0,2385.921463370228,0.0,6334.419054181986,1000.0,385.9214633702281,6699.119144295087,196.7875031,30259297.804085962
3493,0.0,5941.8547870314615,0.0,6632.050566018343,1000.0,3941.854787031462,10492.760191334166,196.7875031,30259297.804085962
3494,0.0,5941.8547870314615,0.0,6379.738649524336,1000.0,3941.854787031462,14286.401238373244,196.7875031,30259297.804085962
3495,0.0,5941.8547870314615,0.0,6095.302130877974,1000.0,3941.854787031462,18080.042285412324,196.7875031,30259297.804085962
3496,0.0,2000.0,0.0,5591.757624271999,1000.0,0.0,18080.042285412324,207.7875031,30259297.804085962
3497,0.0,4434.233882470213,0.0,4434.2338824702565,1000.0,2434.233882470213,20422.748973901656,211.3075031,30259297.804085962
3498,0.0,3003.7191690063214,0.0,3003.719169006331,1000.0,1003.7191690063214,21388.72830215334,211.3075031,30259297.804085962
3499,0.0,1532.0775907989027,467.92240920109725,1532.0775907989027,1000.0,0.0,20902.52463506991,211.7875031,30259297.804085962
3500,0.0,456.0247485466079,1543.975251453392,456.0247485466079,1000.0,0.0,19298.227823501547,220.7875031,30259297.804085962
3501,0.0,37.56272148023558,1962.4372785197645,37.56272148023558,1000.0,0.0,17259.120094366295,211.7875031,30259297.804085962
3502,0.0,0.0,2000.0,0.0,1000.0,0.0,15180.982106003868,220.7875031,30259297.804085962
3503,0.0,0.0,2000.0,0.0,1000.0,0.0,13102.844117641442,211.7875031,30259297.804085962
3504,0.0,0.0,1996.250616908772,0.0,996.2506169087719,0.0,11028.601996996413,211.3075031,30259297.804085962
3505,0.0,0.0,2000.0,0.0,1000.0,0.0,8950.464008633986,236.7243958,30259297.804085962
3506,0.0,0.0,2000.0,0.0,1000.0,0.0,6872.326020271558,231.7243958,30259297.804085962
3507,0.0,0.0,1000.0,0.0,0.0,0.0,5833.257026090345,201.7243958,30259297.804085962
3508,0.0,0.0,1000.0,0.0,0.0,0.0,4794.188031909131,201.7243958,30259297.804085962
3509,0.0,0.0,1000.0,0.0,0.0,0.0,3755.119037727917,201.7243958,30259297.804085962
3510,0.0,0.0,1000.0,0.0,0.0,0.0,2716.050043546704,201.7243958,30259297.804085962
3511,0.0,16.355856668946092,983.6441433310539,16.355856668946092,0.0,0.0,1693.975912903461,201.7243958,30259297.804085962
3512,0.0,453.112956052885,546.887043947115,453.112956052885,0.0,0.0,1125.7225422185968,201.7243958,30259297.804085962
3513,0.0,2061.9468329332162,0.0,2061.946832933228,1000.0,61.946832933216115,1185.340174233524,201.7243958,30259297.804085962
3514,0.0,4140.380001703398,0.0,4140.3800017034155,1000.0,2140.380001703398,3245.2418878728745,201.7243958,30259297.804085962
3515,0.0,2064.403982051256,0.0,5794.853711269296,1000.0,64.403982051256,3307.2242801990033,201.7243958,30259297.804085962
3516,0.0,5941.8547870314615,0.0,6553.022962129557,1000.0,3941.854787031462,7100.8653272380825,201.7243958,30259297.804085962
3517,0.0,5941.8547870314615,0.0,7490.821959648755,1000.0,3941.854787031462,10894.506374277162,201.7243958,30259297.804085962
3518,0.0,5941.8547870314615,0.0,7336.935775374215,1000.0,3941.854787031462,14688.14742131624,201.7243958,30259297.804085962
3519,0.0,5941.8547870314615,0.0,6458.357069390116,1000.0,3941.854787031462,18481.78846835532,201.7243958,30259297.804085962
3520,0.0,2000.0,0.0,5293.212848400593,1000.0,0.0,18481.78846835532,201.7243958,30259297.804085962
3521,0.0,4314.951190455335,0.0,4314.951190455344,1000.0,2314.9511904553347,20709.69749404953,206.7243958,30259297.804085962
3522,0.0,2705.5598587944833,0.0,2705.55985879449,1000.0,705.5598587944833,21388.72830215334,211.7243958,30259297.804085962
3523,0.0,1524.0834994994666,475.9165005005334,1524.0834994994666,1000.0,0.0,20894.218222664007,241.9143958,30259297.804085962
3524,0.0,440.96763283990543,1559.0323671600945,440.96763283990543,1000.0,0.0,19274.276029023014,241.9143958,30259297.804085962
3525,0.0,30.013408650417926,1969.986591349582,30.013408650417926,1000.0,0.0,17227.324042998927,241.9143958,30259297.804085962
3526,0.0,0.0,1000.0,0.0,0.0,0.0,16188.255048817715,211.7243958,30259297.804085962
3527,0.0,0.0,1000.0,0.0,0.0,0.0,15149.1860546365,211.7243958,30259297.804085962
3528,0.0,0.0,2000.0,0.0,1000.0,0.0,13071.048066274074,241.9143958,30259297.804085962
3529,0.0,0.0,1000.0,0.0,0.0,0.0,12031.979072092834,227.8596201,30259297.804085962
3530,0.0,0.0,1000.0,0.0,0.0,0.0,10992.91007791162,227.8596201,30259297.804085962
3531,0.0,0.0,1963.2720297285077,0.0,963.2720297285076,0.0,8952.93498467751,227.8596201,30259297.804085962
3532,0.0,0.0,2000.0,0.0,1000.0,0.0,6874.796996315082,227.8596201,30259297.804085962
3533,0.0,0.0,1000.0,0.0,0.0,0.0,5835.728002133868,227.8596201,30259297.804085962
3534,0.0,0.0,2000.0,0.0,1000.0,0.0,3757.5900137714416,227.8596201,30259297.804085962
3535,0.0,19.53451173738745,1980.4654882626128,19.53451173738745,1000.0,0.0,1699.7497308718011,227.8596201,30259297.804085962
3536,0.0,447.5562336401578,552.4437663598421,447.5562336401578,0.0,0.0,1125.7225422185968,217.9296201,30259297.804085962
3537,0.0,1878.047240008271,0.0,1878.047240008271,878.0472400082654,0.0,1125.7225422185968,217.9296201,30259297.804085962
3538,0.0,3514.2021588931275,0.0,3514.2021588931425,1000.0,1514.2021588931275,2582.9906999373425,217.8596201,30259297.804085962
3539,0.0,2749.0001202457706,0.0,4928.444046861618,1000.0,749.0001202457705,3303.828415661872,217.8596201,30259297.804085962
3540,0.0,2000.0,0.0,6379.981793735611,1000.0,0.0,3303.828415661872,217.8596201,30259297.804085962
3541,0.0,5941.8547870314615,0.0,6389.600790114431,1000.0,3941.854787031462,7097.469462700951,217.8596201,30259297.804085962
3542,0.0,5941.8547870314615,0.0,6744.116047362163,1000.0,3941.854787031462,10891.11050974003,217.8596201,30259297.804085962
3543,0.0,5929.917024850748,0.0,5929.917024850785,1000.0,3929.917024850748,14673.26265445639,217.9296201,30259297.804085962
3544,0.0,5422.87956387475,0.0,5422.879563874765,1000.0,3422.8795638747497,17967.44194672945,217.9296201,30259297.804085962
3545,0.0,4443.674974221771,0.0,4443.674974221808,1000.0,2443.6749742217708,20319.23474192048,217.9296201,30259297.804085962
3546,0.0,3111.2775979144444,0.0,3111.2775979144394,1000.0,1111.2775979144444,21388.72830215334,227.8596201,30259297.804085962
3547,0.0,1644.5937773862938,355.4062226137062,1644.5937773862938,1000.0,0.0,21019.436715896358,253.8596201,30259297.804085962
3548,0.0,464.1315161569365,1535.8684838430636,464.1315161569365,1000.0,0.0,19423.56339519492,253.8596201,30259297.804085962
3549,0.0,24.017845809656553,1975.9821541903434,24.017845809656553,1000.0,0.0,17370.38160572034,253.8596201,30259297.804085962
3550,0.0,0.0,2000.0,0.0,1000.0,0.0,15292.243617357914,253.8596201,30259297.804085962
3551,0.0,0.0,1000.0,0.0,0.0,0.0,14253.174623176701,232.8596201,30259297.804085962
3552,0.0,0.0,1000.0,0.0,0.0,0.0,13214.105628995487,232.8596201,30259297.804085962
3553,0.0,0.0,1080.579945451097,0.0,80.57994545109693,0.0,12091.30851194322,235.572403,30259297.804085962
3554,0.0,0.0,2000.0,0.0,1000.0,0.0,10013.170523580793,235.572403,30259297.804085962
3555,0.0,0.0,1000.0,0.0,0.0,0.0,8974.10152939958,230.572403,30259297.804085962
3556,0.0,0.0,1000.0,0.0,0.0,0.0,7935.032535218365,230.572403,30259297.804085962
3557,0.0,0.0,1000.0,0.0,0.0,0.0,6895.963541037152,230.572403,30259297.804085962
3558,0.0,0.0,2000.0,0.0,1000.0,0.0,4817.825552674724,235.572403,30259297.804085962
3559,0.0,24.444832689784814,1975.5551673102152,24.444832689784814,1000.0,0.0,2765.0874320281996,248.572403,30259297.804085962
3560,0.0,422.2752300472375,1577.7247699527616,422.2752300472375,1000.0,0.0,1125.7225422185968,235.572403,30259297.804085962
3561,0.0,2073.8312203454325,0.0,2073.831220345442,1000.0,73.8312203454326,1196.777708679041,235.572403,30259297.804085962
3562,0.0,3699.3767744169195,0.0,3699.3767744169,1000.0,1699.3767744169195,2832.2579163778846,235.572403,30259297.804085962
3563,0.0,2261.421497569516,0.0,5019.083248813947,1000.0,261.4214975695161,3083.8499656387867,235.572403,30259297.804085962
3564,0.0,5889.163783486531,0.0,5889.1637834865705,1000.0,3889.1637834865314,6826.781190866224,235.572403,30259297.804085962
3565,0.0,5941.8547870314615,0.0,6266.226167728399,1000.0,3941.854787031462,10620.422237905303,235.572403,30259297.804085962
3566,0.0,5941.8547870314615,0.0,6842.316426959846,1000.0,3941.854787031462,14414.063284944383,235.572403,30259297.804085962
3567,0.0,5941.8547870314615,0.0,6275.590155080407,1000.0,3941.854787031462,18207.704331983463,248.572403,30259297.804085962
3568,0.0,2000.0,0.0,5628.964536497698,1000.0,0.0,18207.704331983463,248.572403,30259297.804085962
3569,0.0,4430.9840610438505,0.0,4430.984061043855,1000.0,2430.9840610438505,20547.28339233206,248.572403,30259297.804085962
3570,0.0,2874.3193161068975,0.0,2874.3193161068793,1000.0,874.3193161068975,21388.72830215334,252.572403,30259297.804085962
3571,0.0,1440.2879073742029,559.7120926257971,1440.2879073742029,1000.0,0.0,20807.14882103759,291.523403,30259297.804085962
3572,0.0,399.6272915577846,1600.3727084422153,399.6272915577846,1000.0,0.0,19144.251160561485,291.523403,30259297.804085962
3573,0.0,40.0119551824813,1959.9880448175186,40.0119551824813,1000.0,0.0,17107.688354225746,291.523403,30259297.804085962
3574,0.0,0.0,2000.0,0.0,1000.0,0.0,15029.550365863319,291.523403,30259297.804085962
3575,0.0,0.0,1000.0,0.0,0.0,0.0,13990.481371682106,252.572403,30259297.804085962
3576,0.0,0.0,1000.0,0.0,0.0,0.0,12951.412377500892,248.572403,30259297.804085962
3577,0.0,0.0,1000.0,0.0,0.0,0.0,11912.343383319667,259.3224411,30259297.804085962
3578,0.0,0.0,1000.0,0.0,0.0,0.0,10873.274389138453,254.3224411,30259297.804085962
3579,0.0,0.0,1000.0,0.0,0.0,0.0,9834.20539495724,254.3224411,30259297.804085962
3580,0.0,0.0,1000.0,0.0,0.0,0.0,8795.136400776026,254.3224411,30259297.804085962
3581,0.0,0.0,2000.0,0.0,1000.0,0.0,6716.998412413599,259.3224411,30259297.804085962
3582,0.0,0.0,2000.0,0.0,1000.0,0.0,4638.860424051172,259.3224411,30259297.804085962
3583,0.0,28.880718767536955,1820.967798380143,28.880718767536955,849.8485171476798,0.0,2746.749245351938,259.3224411,30259297.804085962
3584,0.0,439.92390090447435,1560.0760990955278,439.92390090447435,1000.0,0.0,1125.7225422185968,259.3224411,30259297.804085962
3585,0.0,2072.3664283038293,0.0,2072.3664283038356,1000.0,72.36642830382937,1195.367992818202,259.3224411,30259297.804085962
3586,0.0,4054.473204808575,0.0,4054.473204808585,1000.0,2054.473204808575,3172.5930051259747,259.3224411,30259297.804085962
3587,0.0,2073.2757654743677,0.0,5186.77524455983,1000.0,73.27576547436762,3243.113601818506,259.3224411,30259297.804085962
3588,0.0,5941.8547870314615,0.0,6000.992058660699,1000.0,3941.854787031462,7036.754648857585,259.3224411,30259297.804085962
3589,0.0,5941.8547870314615,0.0,6741.708334880482,1000.0,3941.854787031462,10830.395695896665,259.3224411,30259297.804085962
3590,0.0,5941.8547870314615,0.0,6888.703483868701,1000.0,3941.854787031462,14624.036742935743,259.3224411,30259297.804085962
3591,0.0,5941.8547870314615,0.0,6390.282786021374,1000.0,3941.854787031462,18417.677789974823,265.3224411,30259297.804085962
3592,0.0,2000.0,0.0,5310.476042330635,1000.0,0.0,18417.677789974823,265.3224411,30259297.804085962
3593,0.0,3961.1475742519606,0.0,3961.1475742519497,1000.0,1961.1475742519606,20305.086215434905,267.6554411,30259297.804085962
3594,0.0,3125.9788930989566,0.0,3125.9788930989735,1000.0,1125.9788930989566,21388.72830215334,267.6554411,30259297.804085962
3595,0.0,1480.3235809201271,519.6764190798729,1480.3235809201271,1000.0,0.0,20848.748648080327,267.6554411,30259297.804085962
3596,0.0,477.3324361208842,1522.6675638791157,477.3324361208842,1000.0,0.0,19266.591994008086,285.3224411,30259297.804085962
3597,0.0,51.475282488519994,1948.52471751148,51.475282488519994,1000.0,0.0,17241.940375646198,267.6554411,30259297.804085962
3598,0.0,0.0,2000.0,0.0,1000.0,0.0,15163.802387283771,267.6554411,30259297.804085962
3599,0.0,0.0,2000.0,0.0,1000.0,0.0,13085.664398921344,265.3224411,30259297.804085962
3600,0.0,0.0,2000.0,0.0,1000.0,0.0,11007.526410558918,259.3224411,30259297.804085962
3601,0.0,0.0,1000.0,0.0,0.0,0.0,9968.457416377703,253.9371406,30259297.804085962
3602,0.0,0.0,1000.0,0.0,0.0,0.0,8929.38842219649,253.9371406,30259297.804085962
3603,0.0,0.0,1000.0,0.0,0.0,0.0,7890.319428015277,253.9371406,30259297.804085962
3604,0.0,0.0,1000.0,0.0,0.0,0.0,6851.250433834063,253.9371406,30259297.804085962
3605,0.0,0.0,1000.0,0.0,0.0,0.0,5812.18143965285,253.9371406,30259297.804085962
3606,0.0,0.0,2000.0,0.0,1000.0,0.0,3734.043451290419,254.8671406,30259297.804085962
3607,0.0,29.871087202129228,987.2839600318619,29.871087202129228,17.155047233991127,0.0,2708.1872999688667,254.8671406,30259297.804085962
3608,0.0,477.0359171411387,1522.96408285886,477.0359171411387,1000.0,0.0,1125.7225422185968,254.8671406,30259297.804085962
3609,0.0,2114.35910908786,0.0,2114.3591090878704,1000.0,114.3591090878599,1235.781748804753,253.9371406,30259297.804085962
3610,0.0,3761.770385729157,0.0,4208.709282831339,1000.0,1761.7703857291574,2931.309568030494,253.9371406,30259297.804085962
3611,0.0,2000.0,0.0,5750.601577493452,1000.0,0.0,2931.309568030494,254.8671406,30259297.804085962
3612,0.0,5941.8547870314615,0.0,6570.0252202588335,1000.0,3941.854787031462,6724.950615069573,254.8671406,30259297.804085962
3613,0.0,5941.8547870314615,0.0,7511.8153366537945,1000.0,3941.854787031462,10518.591662108653,254.8671406,30259297.804085962
3614,0.0,5941.8547870314615,0.0,7505.606286006786,1000.0,3941.854787031462,14312.232709147731,254.8671406,30259297.804085962
3615,0.0,5941.8547870314615,0.0,6993.883845432522,1000.0,3941.854787031462,18105.87375618681,261.9371406,30259297.804085962
3616,0.0,2000.0,0.0,5937.490067311676,1000.0,0.0,18105.87375618681,261.9371406,30259297.804085962
3617,0.0,4463.494151391043,0.0,4463.494151391035,1000.0,2463.4941513910426,20476.74052748555,264.9371406,30259297.804085962
3618,0.0,2947.6182197296266,0.0,2947.618219729622,1000.0,947.6182197296266,21388.72830215334,264.9371406,30259297.804085962
3619,0.0,1455.0781605061868,544.9218394938132,1455.0781605061868,1000.0,0.0,20822.51691448313,264.9371406,30259297.804085962
3620,0.0,422.026159062009,1577.973840937991,422.026159062009,1000.0,0.0,19182.893222735416,266.9371406,30259297.804085962
3621,0.0,48.43894886836735,1951.5610511316327,48.43894886836735,1000.0,0.0,17155.086644252842,264.9371406,30259297.804085962
3622,0.0,0.0,2000.0,0.0,1000.0,0.0,15076.948655890415,264.9371406,30259297.804085962
3623,0.0,0.0,2000.0,0.0,1000.0,0.0,12998.810667527989,264.9371406,30259297.804085962
3624,0.0,0.0,2000.0,0.0,1000.0,0.0,10920.672679165562,254.8671406,30259297.804085962
3625,0.0,0.0,1000.0,0.0,0.0,0.0,9881.603684984348,242.6151653,30259297.804085962
3626,0.0,0.0,1000.0,0.0,0.0,0.0,8842.534690803135,242.6151653,30259297.804085962
3627,0.0,0.0,1000.0,0.0,0.0,0.0,7803.465696621921,242.6151653,30259297.804085962
3628,0.0,0.0,1000.0,0.0,0.0,0.0,6764.3967024407075,242.6151653,30259297.804085962
3629,0.0,0.0,1000.0,0.0,0.0,0.0,5725.327708259494,242.6151653,30259297.804085962
3630,0.0,0.0,1000.0,0.0,0.0,0.0,4686.258714078289,242.7381653,30259297.804085962
3631,0.0,36.453749960797545,1878.9545885370044,36.453749960797545,915.4083384978018,0.0,2733.895259654967,242.7381653,30259297.804085962
3632,0.0,452.2945767392395,1547.7054232607625,452.2945767392395,1000.0,0.0,1125.7225422185968,242.7381653,30259297.804085962
3633,0.0,2101.051450854602,0.0,2101.051450854614,1000.0,101.05145085460231,1222.974458521066,242.6151653,30259297.804085962
3634,0.0,3103.2840868300837,0.0,3995.6146605696094,1000.0,1103.2840868300834,2284.7750636863384,242.6151653,30259297.804085962
3635,0.0,2000.0,0.0,5491.956069226005,1000.0,0.0,2284.7750636863384,242.7381653,30259297.804085962
3636,0.0,5941.8547870314615,0.0,6734.491124209389,1000.0,3941.854787031462,6078.416110725418,242.7381653,30259297.804085962
3637,0.0,5941.8547870314615,0.0,7318.919430446904,1000.0,3941.854787031462,9872.057157764497,242.6151653,30259297.804085962
3638,0.0,5941.8547870314615,0.0,7118.699552764349,1000.0,3941.854787031462,13665.698204803575,242.7381653,30259297.804085962
3639,0.0,5941.8547870314615,0.0,6817.195536404705,1000.0,3941.854787031462,17459.339251842655,242.7381653,30259297.804085962
3640,0.0,2000.0,0.0,5993.976482247949,1000.0,0.0,17459.339251842655,242.7381653,30259297.804085962
3641,0.0,4908.577432965484,0.0,4908.577432965505,1000.0,2908.577432965484,20258.554173328637,255.6151653,30259297.804085962
3642,0.0,3174.3288952875155,0.0,3174.3288952875214,1000.0,1174.3288952875155,21388.72830215334,255.6151653,30259297.804085962
3643,0.0,1721.7355403949296,278.26445960507044,1721.7355403949296,1000.0,0.0,21099.592329995103,255.6151653,30259297.804085962
3644,0.0,464.93211514872314,1535.0678848512769,464.93211514872314,1000.0,0.0,19504.550886882804,264.6151653,30259297.804085962
3645,0.0,49.97490726793365,1950.0250927320662,49.97490726793365,1000.0,0.0,17478.340275149563,255.6151653,30259297.804085962
3646,0.0,0.0,2000.0,0.0,1000.0,0.0,15400.202286787136,255.6151653,30259297.804085962
3647,0.0,0.0,2000.0,0.0,1000.0,0.0,13322.06429842471,255.6151653,30259297.804085962
3648,0.0,0.0,1272.0348005150736,0.0,272.0348005150736,0.0,12000.332377690014,242.7381653,30259297.804085962
3649,0.0,0.0,1000.0,0.0,0.0,0.0,10961.263383508802,108.3632975,30259297.804085962
3650,0.0,0.0,1000.0,0.0,0.0,0.0,9922.194389327587,112.4992975,30259297.804085962
3651,0.0,0.0,1000.0,0.0,0.0,0.0,8883.125395146373,112.4992975,30259297.804085962
3652,0.0,0.0,1000.0,0.0,0.0,0.0,7844.056400965161,113.9532975,30259297.804085962
3653,0.0,0.0,1000.0,0.0,0.0,0.0,6804.987406783946,113.9532975,30259297.804085962
3654,0.0,0.0,2000.0,0.0,1000.0,0.0,4726.84941842152,247.0862975,30259297.804085962
3655,0.0,34.84663647090244,1965.1533635290975,34.84663647090244,1000.0,0.0,2684.91948956751,247.0862975,30259297.804085962
3656,0.0,499.4288578714102,1500.5711421285898,499.4288578714102,1000.0,0.0,1125.7225422185968,247.0862975,30259297.804085962
3657,0.0,1978.767997130898,0.0,1978.767997130898,978.7679971308971,0.0,1125.7225422185968,166.9632975,30259297.804085962
3658,0.0,3773.2034876827443,0.0,3773.203487682758,1000.0,1773.2034876827443,2832.25357876447,114.9662975,30259297.804085962
3659,0.0,4659.49671809672,0.0,5575.3899140551475,1000.0,2659.49671809672,5391.753220260754,247.0862975,30259297.804085962
3660,0.0,2000.0,0.0,6627.709564661995,1000.0,0.0,5391.753220260754,247.0862975,30259297.804085962
3661,0.0,5941.8547870314615,0.0,6928.436700393296,1000.0,3941.854787031462,9185.394267299833,113.9532975,30259297.804085962
3662,0.0,5941.8547870314615,0.0,7467.717389141777,1000.0,3941.854787031462,12979.035314338911,247.0862975,30259297.804085962
3663,0.0,5941.8547870314615,0.0,7106.352595293029,1000.0,3941.854787031462,16772.67636137799,247.0862975,30259297.804085962
3664,0.0,2000.0,0.0,6341.499870178744,1000.0,0.0,16772.67636137799,251.9632975,30259297.804085962
3665,0.0,5284.542699235814,0.0,5284.542699235802,1000.0,3284.5426992358143,19933.72025512254,251.9632975,30259297.804085962
3666,0.0,3511.8537479538645,0.0,3511.853747953883,1000.0,1511.8537479538645,21388.72830215334,251.9632975,30259297.804085962
3667,0.0,1606.5329139356013,393.4670860643987,1606.5329139356013,1000.0,0.0,20979.888852792996,256.9632975,30259297.804085962
3668,0.0,470.9454695789745,1529.0545304210254,470.9454695789745,1000.0,0.0,19391.095699820195,251.9632975,30259297.804085962
3669,0.0,59.38041584050603,1940.619584159494,59.38041584050603,1000.0,0.0,17374.658060419228,251.9632975,30259297.804085962
3670,0.0,0.0,2000.0,0.0,1000.0,0.0,15296.520072056801,251.9632975,30259297.804085962
3671,0.0,0.0,2000.0,0.0,1000.0,0.0,13218.382083694372,247.0862975,30259297.804085962
3672,0.0,0.0,2000.0,0.0,1000.0,0.0,11140.244095331946,247.0862975,30259297.804085962
3673,0.0,0.0,2000.0,0.0,1000.0,0.0,9062.106106969493,208.1694965,30259297.804085962
3674,0.0,0.0,2000.0,0.0,1000.0,0.0,6983.968118607067,208.1694965,30259297.804085962
3675,0.0,0.0,1179.1835822978308,0.0,179.18358229783072,0.0,5758.715019793859,208.1694965,30259297.804085962
3676,0.0,0.0,1000.0,0.0,0.0,0.0,4719.646025612646,208.1694965,30259297.804085962
3677,0.0,0.0,1000.0,0.0,0.0,0.0,3680.5770314314323,208.1694965,30259297.804085962
3678,0.0,0.0,1000.0,0.0,0.0,0.0,2641.508037250219,208.1694965,30259297.804085962
3679,0.0,37.24248413704716,962.7575158629529,37.24248413704716,0.0,0.0,1641.1365536020967,208.1694965,30259297.804085962
3680,0.0,503.96555544451815,496.03444455548015,503.96555544451815,0.0,0.0,1125.7225422185968,208.1694965,30259297.804085962
3681,0.0,2092.582935948155,0.0,2092.582935948164,1000.0,92.58293594815473,1214.824359775101,208.1694965,30259297.804085962
3682,0.0,2700.952563810884,0.0,4010.606536692305,1000.0,700.952563810884,1889.4211071866957,208.1694965,30259297.804085962
3683,0.0,2000.0,0.0,5825.35934638385,1000.0,0.0,1889.4211071866957,208.1694965,30259297.804085962
3684,0.0,5941.8547870314615,0.0,6684.456915399032,1000.0,3941.854787031462,5683.062154225775,208.1694965,30259297.804085962
3685,0.0,5941.8547870314615,0.0,7534.931771976309,1000.0,3941.854787031462,9476.703201264854,208.1694965,30259297.804085962
3686,0.0,5941.8547870314615,0.0,7294.76517869528,1000.0,3941.854787031462,13270.344248303933,208.1694965,30259297.804085962
3687,0.0,5941.8547870314615,0.0,6692.47471379428,1000.0,3941.854787031462,17063.985295343013,208.1694965,30259297.804085962
3688,0.0,2000.0,0.0,6435.744714079642,1000.0,0.0,17063.985295343013,208.1694965,30259297.804085962
3689,0.0,5206.801982761329,0.0,5206.801982761353,1000.0,3206.801982761329,20150.211523552513,218.6694965,30259297.804085962
3690,0.0,3286.90438341732,0.0,3286.9043834173353,1000.0,1286.9043834173199,21388.72830215334,218.6694965,30259297.804085962
3691,0.0,1589.062147705633,410.9378522943671,1589.062147705633,1000.0,0.0,20961.73552129884,218.7924965,30259297.804085962
3692,0.0,453.9194818186246,1546.0805181813753,453.9194818186246,1000.0,0.0,19355.251192348944,218.7924965,30259297.804085962
3693,0.0,65.5598213501201,1934.44017864988,65.5598213501201,1000.0,0.0,17345.23438161549,218.6694965,30259297.804085962
3694,0.0,0.0,2000.0,0.0,1000.0,0.0,15267.096393253063,218.6694965,30259297.804085962
3695,0.0,0.0,2000.0,0.0,1000.0,0.0,13188.958404890634,218.6694965,30259297.804085962
3696,0.0,0.0,2000.0,0.0,1000.0,0.0,11110.820416528208,208.1694965,30259297.804085962
3697,0.0,0.0,2000.0,0.0,1000.0,0.0,9032.682428165763,165.0042004,30259297.804085962
3698,0.0,0.0,1000.0,0.0,0.0,0.0,7993.6134339845485,165.0042004,30259297.804085962
3699,0.0,0.0,1000.0,0.0,0.0,0.0,6954.544439803335,165.0042004,30259297.804085962
3700,0.0,0.0,1000.0,0.0,0.0,0.0,5915.475445622122,165.0042004,30259297.804085962
3701,0.0,0.0,2000.0,0.0,1000.0,0.0,3837.337457259695,165.0042004,30259297.804085962
3702,0.0,0.0,1100.2034038682898,0.0,100.20340386828984,0.0,2694.150213007524,165.0042004,30259297.804085962
3703,0.0,42.99490276653295,957.005097233467,42.99490276653295,0.0,0.0,1699.755889198852,122.3612004,30259297.804085962
3704,0.0,447.55030686620483,552.4496931337951,447.55030686620483,0.0,0.0,1125.7225422185968,124.9852004,30259297.804085962
3705,0.0,2009.5167764567075,0.0,2009.5167764567268,1000.0,9.516776456707476,1134.8814878805322,165.0042004,30259297.804085962
3706,0.0,2893.670565390505,0.0,3955.2053749120273,1000.0,893.6705653905051,1994.9500400123543,165.0042004,30259297.804085962
3707,0.0,2000.0,0.0,5105.1679503360465,1000.0,0.0,1994.9500400123543,165.0042004,30259297.804085962
3708,0.0,5941.8547870314615,0.0,6546.327611792365,1000.0,3941.854787031462,5788.5910870514335,165.0042004,30259297.804085962
3709,0.0,5941.8547870314615,0.0,7343.40576182199,1000.0,3941.854787031462,9582.232134090513,165.0042004,30259297.804085962
3710,0.0,5941.8547870314615,0.0,7412.577163162265,1000.0,3941.854787031462,13375.873181129591,165.0042004,30259297.804085962
3711,0.0,5941.8547870314615,0.0,6852.08368282854,1000.0,3941.854787031462,17169.51422816867,165.0042004,30259297.804085962
3712,0.0,2000.0,0.0,6323.94608404291,1000.0,0.0,17169.51422816867,165.0042004,30259297.804085962
3713,0.0,4989.994969014101,0.0,4989.994969014114,1000.0,2989.994969014101,20047.08538634784,165.0042004,30259297.804085962
3714,0.0,3394.05955507637,0.0,3394.059555076389,1000.0,1394.05955507637,21388.72830215334,165.0042004,30259297.804085962
3715,0.0,1619.7338338995485,380.2661661004515,1619.7338338995485,1000.0,0.0,20993.605519422206,215.5042004,30259297.804085962
3716,0.0,479.14712191070606,1520.8528780892939,479.14712191070606,1000.0,0.0,19413.33444908836,215.5042004,30259297.804085962
3717,0.0,65.39970831234143,1934.6002916876587,65.39970831234143,1000.0,0.0,17403.151269861788,215.5042004,30259297.804085962
3718,0.0,0.0,2000.0,0.0,1000.0,0.0,15325.013281499361,215.5042004,30259297.804085962
3719,0.0,0.0,2000.0,0.0,1000.0,0.0,13246.875293136934,190.5042004,30259297.804085962
3720,0.0,0.0,2000.0,0.0,1000.0,0.0,11168.737304774508,165.0042004,30259297.804085962
3721,0.0,0.0,1000.0,0.0,0.0,0.0,10129.668310593293,105.5653457,30259297.804085962
3722,0.0,0.0,1000.0,0.0,0.0,0.0,9090.599316412081,105.5653457,30259297.804085962
3723,0.0,0.0,1000.0,0.0,0.0,0.0,8051.530322230867,105.5653457,30259297.804085962
3724,0.0,0.0,1000.0,0.0,0.0,0.0,7012.461328049653,105.5653457,30259297.804085962
3725,0.0,0.0,1000.0,0.0,0.0,0.0,5973.39233386844,105.5653457,30259297.804085962
3726,0.0,0.0,1138.519310148724,0.0,138.5193101487239,0.0,4790.392219416313,109.7043457,30259297.804085962
3727,0.0,42.668738649391564,1957.3312613506084,42.668738649391564,1000.0,0.0,2756.589994405291,111.0683457,30259297.804085962
3728,0.0,430.4531640155261,1569.546835984474,430.4531640155261,1000.0,0.0,1125.7225422185968,111.0683457,30259297.804085962
3729,0.0,1979.7524387915373,0.0,1979.7524387915373,979.7524387915279,0.0,1125.7225422185968,109.7043457,30259297.804085962
3730,0.0,3972.189852719418,0.0,3972.189852719444,1000.0,1972.189852719418,3023.7580564757645,109.7043457,30259297.804085962
3731,0.0,5368.978766047426,0.0,5368.978766047442,1000.0,3368.978766047426,6266.063220919807,111.0683457,30259297.804085962
3732,0.0,2086.4100374276377,0.0,6418.523030102533,1000.0,86.41003742763777,6349.224240940165,111.0683457,30259297.804085962
3733,0.0,5941.8547870314615,0.0,6820.836761532254,1000.0,3941.854787031462,10142.865287979244,109.7043457,30259297.804085962
3734,0.0,5941.8547870314615,0.0,6785.598721360204,1000.0,3941.854787031462,13936.506335018323,111.0683457,30259297.804085962
3735,0.0,5941.8547870314615,0.0,6429.654255249845,1000.0,3941.854787031462,17730.147382057403,111.0683457,30259297.804085962
3736,0.0,2000.0,0.0,5630.630951530015,1000.0,0.0,17730.147382057403,194.3343457,30259297.804085962
3737,0.0,4587.141574393342,0.0,4587.141574393371,1000.0,2587.141574393342,20220.012433253556,194.3343457,30259297.804085962
3738,0.0,3214.3764223813255,0.0,3214.3764223813514,1000.0,1214.3764223813255,21388.72830215334,194.3343457,30259297.804085962
3739,0.0,1615.6063203494482,384.3936796505518,1615.6063203494482,1000.0,0.0,20989.31674806922,204.2113457,30259297.804085962
3740,0.0,479.50293116524324,1520.4970688347566,479.50293116524324,1000.0,0.0,19409.415388099602,204.2113457,30259297.804085962
3741,0.0,69.80593798506659,1930.1940620149335,69.80593798506659,1000.0,0.0,17403.81058550719,204.2113457,30259297.804085962
3742,0.0,0.0,2000.0,0.0,1000.0,0.0,15325.672597144767,194.3343457,30259297.804085962
3743,0.0,0.0,2000.0,0.0,1000.0,0.0,13247.53460878234,194.3343457,30259297.804085962
3744,0.0,0.0,1000.0,0.0,0.0,0.0,12208.465614601126,111.0683457,30259297.804085962
3745,0.0,0.0,1000.0,0.0,0.0,0.0,11169.396620419906,119.2974544,30259297.804085962
3746,0.0,0.0,1000.0,0.0,0.0,0.0,10130.327626238692,119.2974544,30259297.804085962
3747,0.0,0.0,1000.0,0.0,0.0,0.0,9091.258632057477,119.2974544,30259297.804085962
3748,0.0,0.0,2000.0,0.0,1000.0,0.0,7013.120643695051,119.2974544,30259297.804085962
3749,0.0,0.0,2000.0,0.0,1000.0,0.0,4934.982655332624,119.2974544,30259297.804085962
3750,0.0,0.0,2000.0,0.0,1000.0,0.0,2856.844666970197,119.2974544,30259297.804085962
3751,0.0,40.62277346383118,1113.226419204977,40.62277346383118,153.8491926688079,0.0,1700.1256112709277,119.2974544,30259297.804085962
3752,0.0,447.1944863440365,552.8055136559633,447.1944863440365,0.0,0.0,1125.7225422185968,119.2974544,30259297.804085962
3753,0.0,2002.8629360724522,0.0,2002.8629360724674,1000.0,2.8629360724522,1128.4778318947249,119.2984544,30259297.804085962
3754,0.0,2888.7543289317437,0.0,3815.557915762914,1000.0,888.7543289317435,1983.814998058635,119.2974544,30259297.804085962
3755,0.0,2000.0,0.0,5216.011783849535,1000.0,0.0,1983.814998058635,119.2974544,30259297.804085962
3756,0.0,5941.8547870314615,0.0,6657.272268068842,1000.0,3941.854787031462,5777.456045097714,119.2974544,30259297.804085962
3757,0.0,5941.8547870314615,0.0,7270.735479337718,1000.0,3941.854787031462,9571.097092136793,119.2974544,30259297.804085962
3758,0.0,5941.8547870314615,0.0,7743.697257697226,1000.0,3941.854787031462,13364.738139175872,119.2974544,30259297.804085962
3759,0.0,5941.8547870314615,0.0,6981.092120759213,1000.0,3941.854787031462,17158.379186214952,123.4334544,30259297.804085962
3760,0.0,2000.0,0.0,6190.448385266013,1000.0,0.0,17158.379186214952,123.4344544,30259297.804085962
3761,0.0,5074.514055731627,0.0,5074.514055731621,1000.0,3074.514055731627,20117.291513451066,126.4394544,30259297.804085962
3762,0.0,3321.110545201864,0.0,3321.110545201861,1000.0,1321.1105452018642,21388.72830215334,187.9434544,30259297.804085962
3763,0.0,1667.4314965861836,332.5685034138164,1667.4314965861836,1000.0,0.0,21043.166681814786,187.9434544,30259297.804085962
3764,0.0,474.29610250073154,1525.7038974992684,474.29610250073154,1000.0,0.0,19457.85506762186,187.9434544,30259297.804085962
3765,0.0,71.15212694182723,1928.8478730581728,71.15212694182723,1000.0,0.0,17453.649048234733,187.9434544,30259297.804085962
3766,0.0,0.0,2000.0,0.0,1000.0,0.0,15375.511059872306,187.9434544,30259297.804085962
3767,0.0,0.0,2000.0,0.0,1000.0,0.0,13297.373071509879,124.8004544,30259297.804085962
3768,0.0,0.0,1238.4809782324883,0.0,238.48097823248827,0.0,12010.505887145297,123.4334544,30259297.804085962
3769,0.0,0.0,1000.0,0.0,0.0,0.0,10971.436892964084,120.6560859,30259297.804085962
3770,0.0,0.0,1000.0,0.0,0.0,0.0,9932.36789878287,120.6550859,30259297.804085962
3771,0.0,0.0,1000.0,0.0,0.0,0.0,8893.298904601656,120.6550859,30259297.804085962
3772,0.0,0.0,1000.0,0.0,0.0,0.0,7854.229910420443,120.6550859,30259297.804085962
3773,0.0,0.0,1000.0,0.0,0.0,0.0,6815.160916239229,120.7520859,30259297.804085962
3774,0.0,0.0,2000.0,0.0,1000.0,0.0,4737.022927876802,143.2490859,30259297.804085962
3775,0.0,45.485646421711586,1954.5143535782884,45.485646421711586,1000.0,0.0,2706.147664391461,143.2490859,30259297.804085962
3776,0.0,478.9988624208333,1521.0011375791667,478.9988624208333,1000.0,0.0,1125.7225422185968,143.2490859,30259297.804085962
3777,0.0,1994.3173280341045,0.0,1994.3173280341045,994.3173280341045,0.0,1125.7225422185968,120.6560859,30259297.804085962
3778,0.0,3851.970155770764,0.0,3851.970155770779,1000.0,1851.970155770764,2908.0586201323804,115.2490859,30259297.804085962
3779,0.0,4333.6368269947925,0.0,5358.28045455421,1000.0,2333.636826994792,5153.950702432168,120.6550859,30259297.804085962
3780,0.0,2000.0,0.0,6245.944431767695,1000.0,0.0,5153.950702432168,120.6550859,30259297.804085962
3781,0.0,5941.8547870314615,0.0,6526.793100054977,1000.0,3941.854787031462,8947.591749471248,120.6550859,30259297.804085962
3782,0.0,5941.8547870314615,0.0,6479.3267167640815,1000.0,3941.854787031462,12741.232796510325,143.2490859,30259297.804085962
3783,0.0,5941.8547870314615,0.0,6116.799587895056,1000.0,3941.854787031462,16534.873843549405,143.2490859,30259297.804085962
3784,0.0,5835.535797543153,0.0,5835.535797543182,1000.0,3835.5357975431534,20226.193495104937,162.9950859,30259297.804085962
3785,0.0,2000.0,0.0,4618.115695073355,1000.0,0.0,20226.193495104937,162.9950859,30259297.804085962
3786,0.0,3207.9538726604396,0.0,3207.953872660462,1000.0,1207.9538726604396,21388.72830215334,173.9950859,30259297.804085962
3787,0.0,1603.846474063664,396.1535259363361,1603.846474063664,1000.0,0.0,20977.09745641733,173.9950859,30259297.804085962
3788,0.0,475.7964777213179,1524.2035222786822,475.7964777213179,1000.0,0.0,19393.34483559576,203.8950859,30259297.804085962
3789,0.0,85.89493207929416,1914.1050679207058,85.89493207929416,1000.0,0.0,17404.457607914228,173.9950859,30259297.804085962
3790,0.0,0.0,2000.0,0.0,1000.0,0.0,15326.319619551801,173.9950859,30259297.804085962
3791,0.0,0.0,2000.0,0.0,1000.0,0.0,13248.181631189374,162.9950859,30259297.804085962
3792,0.0,0.0,2000.0,0.0,1000.0,0.0,11170.043642826948,162.9950859,30259297.804085962
3793,0.0,0.0,1000.0,0.0,0.0,0.0,10130.974648645733,116.1933108,30259297.804085962
3794,0.0,0.0,1000.0,0.0,0.0,0.0,9091.905654464521,116.1933108,30259297.804085962
3795,0.0,0.0,1000.0,0.0,0.0,0.0,8052.836660283307,116.1933108,30259297.804085962
3796,0.0,0.0,1000.0,0.0,0.0,0.0,7013.767666102093,116.1933108,30259297.804085962
3797,0.0,0.0,1000.0,0.0,0.0,0.0,5974.69867192088,116.1933108,30259297.804085962
3798,0.0,0.0,1115.0292514469184,0.0,115.02925144691835,0.0,4816.1063492063495,121.6963108,30259297.804085962
3799,0.0,36.28769888143482,1963.7123011185652,36.28769888143482,1000.0,0.0,2775.6737835527656,123.8393108,30259297.804085962
3800,0.0,412.08692533999954,1587.9130746600003,412.08692533999954,1000.0,0.0,1125.7225422185968,123.8393108,30259297.804085962
3801,0.0,1897.3860555288998,0.0,1897.3860555288998,897.3860555288848,0.0,1125.7225422185968,121.5993108,30259297.804085962
3802,0.0,3584.873924186366,0.0,3584.873924186371,1000.0,1584.873924186366,2651.005206855555,116.1933108,30259297.804085962
3803,0.0,4806.332582258799,0.0,4806.3325822588495,1000.0,2806.3325822587994,5351.819684021424,116.1933108,30259297.804085962
3804,0.0,5744.878804001338,0.0,5744.878804001363,1000.0,3744.878804001338,8955.891044992311,121.5993108,30259297.804085962
3805,0.0,5480.391090945469,0.0,5975.841522968161,1000.0,3480.391090945469,12305.419430918231,121.5993108,30259297.804085962
3806,0.0,5647.728105648262,0.0,5647.728105648325,1000.0,3647.7281056482616,15815.992959794117,121.6003108,30259297.804085962
3807,0.0,5519.472807447254,0.0,5519.472807447291,1000.0,3519.472807447254,19203.133589681354,142.9503108,30259297.804085962
3808,0.0,4270.983699576048,0.0,4270.983699576079,1000.0,2270.983699576048,21388.728302153344,142.9503108,30259297.804085962
3809,0.0,2000.0,0.0,4443.325091741224,1000.0,0.0,21388.728302153344,143.8393108,30259297.804085962
3810,0.0,2000.0,0.0,2969.744297885175,1000.0,0.0,21388.72830215334,143.8393108,30259297.804085962
3811,0.0,1335.570104601858,664.429895398142,1335.570104601858,1000.0,0.0,20698.33979903807,143.8393108,30259297.804085962
3812,0.0,418.8949407204535,1581.1050592795464,418.8949407204535,1000.0,0.0,19055.462555397637,204.8393108,30259297.804085962
3813,0.0,76.72070290246035,1923.2792970975397,76.72070290246035,1000.0,0.0,17057.042670632953,143.8393108,30259297.804085962
3814,0.0,0.0,2000.0,0.0,1000.0,0.0,14978.904682270526,143.8393108,30259297.804085962
3815,0.0,0.0,2000.0,0.0,1000.0,0.0,12900.7666939081,142.9503108,30259297.804085962
3816,0.0,0.0,2000.0,0.0,1000.0,0.0,10822.628705545672,142.9503108,30259297.804085962
3817,0.0,0.0,1000.0,0.0,0.0,0.0,9783.559711364458,121.4737331,30259297.804085962
3818,0.0,0.0,1000.0,0.0,0.0,0.0,8744.490717183246,121.4737331,30259297.804085962
3819,0.0,0.0,1000.0,0.0,0.0,0.0,7705.421723002031,121.4737331,30259297.804085962
3820,0.0,0.0,1000.0,0.0,0.0,0.0,6666.352728820818,121.3777331,30259297.804085962
3821,0.0,0.0,1000.0,0.0,0.0,0.0,5627.2837346396045,121.4737331,30259297.804085962
3822,0.0,0.0,1000.0,0.0,0.0,0.0,4588.214740458393,129.6167331,30259297.804085962
3823,0.0,49.57757679283236,1797.287970235539,49.57757679283236,846.865547028371,0.0,2720.708536971756,129.6167331,30259297.804085962
3824,0.0,464.98547864956197,1535.0145213504402,464.98547864956197,1000.0,0.0,1125.7225422185968,129.6167331,30259297.804085962
3825,0.0,1975.3046878982482,0.0,1975.3046878982482,975.3046878982378,0.0,1125.7225422185968,129.6167331,30259297.804085962
3826,0.0,3607.741288523641,0.0,3607.7412885236567,1000.0,1607.7412885236408,2673.012758293749,129.6167331,30259297.804085962
3827,0.0,4707.509519564238,0.0,4707.509519564278,1000.0,2707.509519564238,5278.719919922371,129.6167331,30259297.804085962
3828,0.0,2675.843538071279,0.0,5301.10019016309,1000.0,675.8435380712788,5929.15174096217,129.6167331,30259297.804085962
3829,0.0,5915.031898265038,0.0,5915.031898265029,1000.0,3915.031898265038,9696.978439852443,129.6167331,30259297.804085962
3830,0.0,5941.8547870314615,0.0,6288.203975126448,1000.0,3941.854787031462,13490.619486891523,129.6167331,30259297.804085962
3831,0.0,5941.8547870314615,0.0,6270.478211137299,1000.0,3941.854787031462,17284.260533930603,129.6167331,30259297.804085962
3832,0.0,5142.552755921357,0.0,5142.552755921382,1000.0,3142.552755921357,20308.653306229317,129.6167331,30259297.804085962
3833,0.0,2000.0,0.0,4318.805903389143,1000.0,0.0,20308.653306229317,129.6167331,30259297.804085962
3834,0.0,3122.2724396550557,0.0,3122.272439655048,1000.0,1122.2724396550557,21388.72830215334,129.6167331,30259297.804085962
3835,0.0,1541.0264560863197,458.97354391368026,1541.0264560863197,1000.0,0.0,20911.823123523172,144.7277331,30259297.804085962
3836,0.0,515.7194749563494,1484.2805250436506,515.7194749563494,1000.0,0.0,19369.5532512833,144.7277331,30259297.804085962
3837,0.0,93.87715856319306,1906.122841436807,93.87715856319306,1000.0,0.0,17388.960107645733,144.7277331,30259297.804085962
3838,0.0,0.0,2000.0,0.0,1000.0,0.0,15310.822119283306,144.7277331,30259297.804085962
3839,0.0,0.0,2000.0,0.0,1000.0,0.0,13232.684130920878,129.6167331,30259297.804085962
3840,0.0,0.0,2000.0,0.0,1000.0,0.0,11154.54614255845,129.6167331,30259297.804085962
3841,0.0,0.0,1115.9425042143268,0.0,115.94250421432676,0.0,9995.00488714039,114.1889228,30259297.804085962
3842,0.0,0.0,1000.0,0.0,0.0,0.0,8955.935892959176,114.1889228,30259297.804085962
3843,0.0,0.0,2000.0,0.0,1000.0,0.0,6877.7979045967495,114.1889228,30259297.804085962
3844,0.0,0.0,1000.0,0.0,0.0,0.0,5838.728910415536,114.1889228,30259297.804085962
3845,0.0,0.0,1000.0,0.0,0.0,0.0,4799.659916234323,114.1889228,30259297.804085962
3846,0.0,0.0,2000.0,0.0,1000.0,0.0,2721.521927871896,114.1889228,30259297.804085962
3847,0.0,45.604249506557345,954.3957504934426,45.604249506557345,0.0,0.0,1729.83889535585,114.1889228,30259297.804085962
3848,0.0,418.59842174070803,581.4015782592924,418.59842174070803,0.0,0.0,1125.7225422185968,114.1889228,30259297.804085962
3849,0.0,1996.1082954604835,0.0,1996.1082954604835,996.108295460477,0.0,1125.7225422185968,114.1889228,30259297.804085962
3850,0.0,3553.9175950958906,0.0,3553.917595095878,1000.0,1553.9175950958906,2621.212835738882,114.1889228,30259297.804085962
3851,0.0,4492.837428950052,0.0,4492.83742895005,1000.0,2492.8374289500516,5020.319577360411,114.1889228,30259297.804085962
3852,0.0,2000.0,0.0,5608.332906788778,1000.0,0.0,5020.319577360411,114.1889228,30259297.804085962
3853,0.0,5941.8547870314615,0.0,6658.654040204582,1000.0,3941.854787031462,8813.96062439949,114.1889228,30259297.804085962
3854,0.0,5941.8547870314615,0.0,6564.195708497434,1000.0,3941.854787031462,12607.601671438566,114.1889228,30259297.804085962
3855,0.0,5941.8547870314615,0.0,6138.860426466601,1000.0,3941.854787031462,16401.242718477646,114.1889228,30259297.804085962
3856,0.0,5645.3441115300875,0.0,5645.344111530087,1000.0,3645.3441115300875,19909.521891414202,114.1889228,30259297.804085962
3857,0.0,2608.546124063195,0.0,4970.816266531264,1000.0,608.5461240631946,20495.18668121262,114.1889228,30259297.804085962
3858,0.0,2928.451393329928,0.0,2928.451393329941,1000.0,928.4513933299281,21388.72830215334,117.1889228,30259297.804085962
3859,0.0,1513.207272111335,486.792727888665,1513.207272111335,1000.0,0.0,20882.91707201134,117.1889228,30259297.804085962
3860,0.0,446.7259895109753,1553.2740104890247,446.7259895109753,1000.0,0.0,19268.95820824468,117.1889228,30259297.804085962
3861,0.0,89.44719925939387,1910.552800740606,89.44719925939387,1000.0,0.0,17283.762031249033,117.1889228,30259297.804085962
3862,0.0,0.0,2000.0,0.0,1000.0,0.0,15205.624042886606,117.1889228,30259297.804085962
3863,0.0,0.0,2000.0,0.0,1000.0,0.0,13127.486054524177,114.6889228,30259297.804085962
3864,0.0,0.0,2000.0,0.0,1000.0,0.0,11049.34806616175,114.1889228,30259297.804085962
3865,0.0,0.0,1000.0,0.0,0.0,0.0,10010.27907198049,109.2293829,30259297.804085962
3866,0.0,0.0,1000.0,0.0,0.0,0.0,8971.210077799276,109.2293829,30259297.804085962
3867,0.0,0.0,1000.0,0.0,0.0,0.0,7932.141083618063,109.2293829,30259297.804085962
3868,0.0,0.0,1000.0,0.0,0.0,0.0,6893.07208943685,109.2293829,30259297.804085962
3869,0.0,0.0,2000.0,0.0,1000.0,0.0,4814.934101074423,109.2293829,30259297.804085962
3870,0.0,0.0,2000.0,0.0,1000.0,0.0,2736.796112711996,109.2293829,30259297.804085962
3871,0.0,49.71397146716809,1050.608046753567,49.71397146716809,100.32201822073485,0.0,1645.1418662930773,109.2293829,30259297.804085962
3872,0.0,500.11084251072,499.88915748928,500.11084251072,0.0,0.0,1125.7225422185968,103.8233829,30259297.804085962
3873,0.0,2015.346288218111,0.0,2015.3462882181254,1000.0,15.34628821811117,1140.491809999707,103.8233829,30259297.804085962
3874,0.0,2582.2866168512996,0.0,3578.996964430455,1000.0,582.2866168512998,1700.8844500573978,103.8233829,30259297.804085962
3875,0.0,2000.0,0.0,4917.674569010426,1000.0,0.0,1700.8844500573978,103.8233829,30259297.804085962
3876,0.0,5577.975542431709,0.0,5577.975542431729,1000.0,3577.975542431709,5144.328112093675,103.8233829,30259297.804085962
3877,0.0,5941.8547870314615,0.0,6370.700826289469,1000.0,3941.854787031462,8937.969159132754,103.8233829,30259297.804085962
3878,0.0,5941.8547870314615,0.0,6357.7252589473055,1000.0,3941.854787031462,12731.610206171834,103.8233829,30259297.804085962
3879,0.0,5941.8547870314615,0.0,6244.485566500041,1000.0,3941.854787031462,16525.251253210914,103.8233829,30259297.804085962
3880,0.0,5731.511832958019,0.0,5731.511832958052,1000.0,3731.511832958019,20116.45824124971,109.2293829,30259297.804085962
3881,0.0,2000.0,0.0,4758.0952563811925,1000.0,0.0,20116.45824124971,110.6693829,30259297.804085962
3882,0.0,3321.97637251001,0.0,3321.976372510024,1000.0,1321.9763725100102,21388.72830215334,110.6693829,30259297.804085962
3883,0.0,1622.1949211497001,377.8050788502999,1622.1949211497001,1000.0,0.0,20996.162758875806,113.5803829,30259297.804085962
3884,0.0,435.93278202870937,1564.0672179712906,435.93278202870937,1000.0,0.0,19370.989007866556,122.5803829,30259297.804085962
3885,0.0,78.76074131406777,1921.2392586859323,78.76074131406777,1000.0,0.0,17374.6888637623,122.5803829,30259297.804085962
3886,0.0,0.0,2000.0,0.0,1000.0,0.0,15296.550875399875,122.3693829,30259297.804085962
3887,0.0,0.0,1000.0,0.0,0.0,0.0,14257.48188121866,110.6693829,30259297.804085962
3888,0.0,0.0,1000.0,0.0,0.0,0.0,13218.412887037448,110.6693829,30259297.804085962
3889,0.0,0.0,1000.0,0.0,0.0,0.0,12179.343892856234,111.6524455,30259297.804085962
3890,0.0,0.0,1000.0,0.0,0.0,0.0,11140.274898675021,111.6524455,30259297.804085962
3891,0.0,0.0,1000.0,0.0,0.0,0.0,10101.205904493807,111.6524455,30259297.804085962
3892,0.0,0.0,1105.5288581529167,0.0,105.52885815291665,0.0,8952.485145814546,113.5364455,30259297.804085962
3893,0.0,0.0,2000.0,0.0,1000.0,0.0,6874.347157452119,113.6954455,30259297.804085962
3894,0.0,0.0,2000.0,0.0,1000.0,0.0,4796.209169089692,113.6954455,30259297.804085962
3895,0.0,51.45156412507707,1948.548435874923,51.45156412507707,1000.0,0.0,2771.532905711758,113.6954455,30259297.804085962
3896,0.0,416.07210617418053,1583.9278938258194,416.07210617418053,1000.0,0.0,1125.7225422185968,113.6954455,30259297.804085962
3897,0.0,2095.844610922466,0.0,2095.844610922471,1000.0,95.84461092246602,1217.9633957703782,113.6954455,30259297.804085962
3898,0.0,2564.0864405227503,0.0,3802.6120048257785,1000.0,564.0864405227505,1760.8401861294733,111.6524455,30259297.804085962
3899,0.0,2000.0,0.0,5112.824001435173,1000.0,0.0,1760.8401861294733,113.5364455,30259297.804085962
3900,0.0,5941.8547870314615,0.0,6382.50812056977,1000.0,3941.854787031462,5554.4812331685525,113.6954455,30259297.804085962
3901,0.0,5941.8547870314615,0.0,6860.558124508943,1000.0,3941.854787031462,9348.122280207632,111.6524455,30259297.804085962
3902,0.0,5941.8547870314615,0.0,7045.305764420203,1000.0,3941.854787031462,13141.76332724671,113.6954455,30259297.804085962
3903,0.0,5941.8547870314615,0.0,6602.825891544176,1000.0,3941.854787031462,16935.40437428579,113.6954455,30259297.804085962
3904,0.0,2000.0,0.0,5577.044475539559,1000.0,0.0,16935.40437428579,113.6954455,30259297.804085962
3905,0.0,5049.084792648781,0.0,5049.084792648827,1000.0,3049.0847926487813,19869.843578730975,116.9064455,30259297.804085962
3906,0.0,3578.226021843689,0.0,3578.2260218436954,1000.0,1578.226021843689,21388.72830215334,116.9064455,30259297.804085962
3907,0.0,1671.3455110624045,328.6544889375955,1671.3455110624045,1000.0,0.0,21047.2336128998,118.7954455,30259297.804085962
3908,0.0,425.43016675223595,1574.569833247764,425.43016675223595,1000.0,0.0,19411.14691999895,118.7954455,30259297.804085962
3909,0.0,103.43092662563818,1896.5690733743618,103.43092662563818,1000.0,0.0,17440.480800532663,118.7954455,30259297.804085962
3910,0.0,0.0,2000.0,0.0,1000.0,0.0,15362.342812170236,118.7954455,30259297.804085962
3911,0.0,0.0,2000.0,0.0,1000.0,0.0,13284.204823807808,116.9064455,30259297.804085962
3912,0.0,0.0,2000.0,0.0,1000.0,0.0,11206.066835445381,116.9064455,30259297.804085962
3913,0.0,0.0,2000.0,0.0,1000.0,0.0,9127.928847082925,113.6271268,30259297.804085962
3914,0.0,0.0,2000.0,0.0,1000.0,0.0,7049.790858720497,113.6271268,30259297.804085962
3915,0.0,0.0,1000.0,0.0,0.0,0.0,6010.721864539284,113.6271268,30259297.804085962
3916,0.0,0.0,1000.0,0.0,0.0,0.0,4971.652870358071,113.6271268,30259297.804085962
3917,0.0,0.0,1000.0,0.0,0.0,0.0,3932.5838761768573,113.6271268,30259297.804085962
3918,0.0,0.0,1000.0,0.0,0.0,0.0,2893.5148819956435,113.6271268,30259297.804085962
3919,0.0,50.307009426659086,949.6929905733411,50.307009426659086,0.0,0.0,1906.718341499653,113.6271268,30259297.804085962
3920,0.0,437.3679289329198,751.6303572280885,437.3679289329198,188.99828616100694,0.0,1125.7225422185968,113.6271268,30259297.804085962
3921,0.0,1765.483605426363,0.0,1765.483605426363,765.4836054263607,0.0,1125.7225422185968,113.6271268,30259297.804085962
3922,0.0,3818.6179677464884,0.0,3818.6179677465097,1000.0,1818.6179677464884,2875.9604743778173,113.6271268,30259297.804085962
3923,0.0,4548.409740371953,0.0,5282.473015686798,1000.0,2548.409740371954,5328.550008511786,113.6271268,30259297.804085962
3924,0.0,2000.0,0.0,6526.140760553063,1000.0,0.0,5328.550008511786,113.6271268,30259297.804085962
3925,0.0,5941.8547870314615,0.0,6878.396564808987,1000.0,3941.854787031462,9122.191055550866,113.6271268,30259297.804085962
3926,0.0,5941.8547870314615,0.0,7154.269683827494,1000.0,3941.854787031462,12915.832102589942,113.6271268,30259297.804085962
3927,0.0,5941.8547870314615,0.0,6724.634910393244,1000.0,3941.854787031462,16709.473149629022,113.6271268,30259297.804085962
3928,0.0,5460.768449472148,0.0,5460.768449472142,1000.0,3460.768449472148,20040.11670540102,113.6271268,30259297.804085962
3929,0.0,2000.0,0.0,4792.597925877833,1000.0,0.0,20040.11670540102,119.0331268,30259297.804085962
3930,0.0,3401.3004953785585,0.0,3401.3004953785553,1000.0,1401.3004953785585,21388.72830215334,119.1301268,30259297.804085962
3931,0.0,1615.564810396515,384.435189603485,1615.564810396515,1000.0,0.0,20989.273616364182,132.2731268,30259297.804085962
3932,0.0,417.48945022127,1582.51054977873,417.48945022127,1000.0,0.0,19344.935971124432,132.2731268,30259297.804085962
3933,0.0,96.61104642964725,1903.3889535703527,96.61104642964725,1000.0,0.0,17367.183525602457,132.2731268,30259297.804085962
3934,0.0,0.0,1000.0,0.0,0.0,0.0,16328.114531421244,122.2741268,30259297.804085962
3935,0.0,0.0,1000.0,0.0,0.0,0.0,15289.04553724003,119.1301268,30259297.804085962
3936,0.0,0.0,1000.0,0.0,0.0,0.0,14249.976543058816,113.6271268,30259297.804085962
3937,0.0,0.0,1000.0,0.0,0.0,0.0,13210.907548877592,126.7272385,30259297.804085962
3938,0.0,0.0,1000.0,0.0,0.0,0.0,12171.838554696378,126.7272385,30259297.804085962
3939,0.0,0.0,2000.0,0.0,1000.0,0.0,10093.700566333951,126.7272385,30259297.804085962
3940,0.0,0.0,1098.9521221681919,0.0,98.95212216819186,0.0,8951.81349009934,126.7272385,30259297.804085962
3941,0.0,0.0,2000.0,0.0,1000.0,0.0,6873.675501736912,126.7272385,30259297.804085962
3942,0.0,0.0,2000.0,0.0,1000.0,0.0,4795.537513374486,132.1332385,30259297.804085962
3943,0.0,54.07276441300737,1945.9272355869925,54.07276441300737,1000.0,0.0,2773.5848579432786,132.2302385,30259297.804085962
3944,0.0,414.09730734658,1585.90269265342,414.09730734658,1000.0,0.0,1125.722542218612,132.1332385,30259297.804085962
3945,0.0,1889.8485962469883,0.0,1889.8485962469883,889.848596246981,0.0,1125.7225422185968,126.7272385,30259297.804085962
3946,0.0,3566.513612284795,0.0,3566.513612284797,1000.0,1566.5136122847948,2633.3352426814836,126.7272385,30259297.804085962
3947,0.0,4242.588441019418,0.0,5494.98053803062,1000.0,2242.588441019417,4791.602358318571,126.7272385,30259297.804085962
3948,0.0,2000.0,0.0,6391.273154455965,1000.0,0.0,4791.602358318571,126.7272385,30259297.804085962
3949,0.0,5941.8547870314615,0.0,7187.301634508576,1000.0,3941.854787031462,8585.24340535765,126.7272385,30259297.804085962
3950,0.0,5941.8547870314615,0.0,7098.78549087372,1000.0,3941.854787031462,12378.884452396727,126.7272385,30259297.804085962
3951,0.0,5941.8547870314615,0.0,6700.1426409765745,1000.0,3941.854787031462,16172.525499435807,132.2302385,30259297.804085962
3952,0.0,5941.8547870314615,0.0,6067.494800450895,1000.0,3941.854787031462,19966.166546474888,132.2302385,30259297.804085962
3953,0.0,2000.0,0.0,4669.407134893022,1000.0,0.0,19966.166546474888,134.3732385,30259297.804085962
3954,0.0,3478.139812633476,0.0,3478.1398126334925,1000.0,1478.1398126334761,21388.72830215334,134.3732385,30259297.804085962
3955,0.0,1650.7850477114448,349.2149522885552,1650.7850477114448,1000.0,0.0,21025.86987292581,147.4842385,30259297.804085962
3956,0.0,429.0417354747586,1570.9582645252415,429.0417354747586,1000.0,0.0,19393.53584910489,147.4842385,30259297.804085962
3957,0.0,88.10694834421727,1911.8930516557828,88.10694834421727,1000.0,0.0,17406.947058938866,147.4842385,30259297.804085962
3958,0.0,0.0,2000.0,0.0,1000.0,0.0,15328.809070576439,135.3732385,30259297.804085962
3959,0.0,0.0,2000.0,0.0,1000.0,0.0,13250.671082214012,134.3732385,30259297.804085962
3960,0.0,0.0,2000.0,0.0,1000.0,0.0,11172.533093851585,134.3732385,30259297.804085962
3961,0.0,0.0,1000.0,0.0,0.0,0.0,10133.464099670371,127.0285855,30259297.804085962
3962,0.0,0.0,1000.0,0.0,0.0,0.0,9094.395105489159,126.0285855,30259297.804085962
3963,0.0,0.0,1000.0,0.0,0.0,0.0,8055.326111307944,126.0285855,30259297.804085962
3964,0.0,0.0,1000.0,0.0,0.0,0.0,7016.257117126731,126.0285855,30259297.804085962
3965,0.0,0.0,1000.0,0.0,0.0,0.0,5977.1881229455175,127.0285855,30259297.804085962
3966,0.0,0.0,1152.7935959178071,0.0,152.79359591780724,0.0,4779.35604073664,128.0285855,30259297.804085962
3967,0.0,42.37221966964607,1957.627780330354,42.37221966964607,1000.0,0.0,2745.2457120475774,128.0285855,30259297.804085962
3968,0.0,441.37090135659076,1558.6290986434105,441.37090135659076,1000.0,0.0,1125.7225422185968,128.0285855,30259297.804085962
3969,0.0,1887.3341342283668,0.0,1887.3341342283668,887.3341342283675,0.0,1125.7225422185968,126.0285855,30259297.804085962
3970,0.0,3756.1893647379225,0.0,3756.189364737945,1000.0,1756.1893647379225,2815.879186842373,125.8855855,30259297.804085962
3971,0.0,2000.0,0.0,5121.007862177415,1000.0,0.0,2815.879186842373,125.8855855,30259297.804085962
3972,0.0,2000.0,0.0,6309.642130601108,1000.0,0.0,2815.879186842373,126.0285855,30259297.804085962
3973,0.0,5941.8547870314615,0.0,6812.735920695879,1000.0,3941.854787031462,6609.520233881452,126.0285855,30259297.804085962
3974,0.0,5941.8547870314615,0.0,7297.078017723192,1000.0,3941.854787031462,10403.161280920529,127.0285855,30259297.804085962
3975,0.0,5941.8547870314615,0.0,6723.098951993679,1000.0,3941.854787031462,14196.80232795961,128.0285855,30259297.804085962
3976,0.0,5941.8547870314615,0.0,6295.4033942080505,1000.0,3941.854787031462,17990.44337499869,128.0285855,30259297.804085962
3977,0.0,3974.2586967891366,0.0,5408.872118145078,1000.0,1974.2586967891364,19890.469944788554,129.0285855,30259297.804085962
3978,0.0,3556.7938044106295,0.0,3556.7938044106204,1000.0,1556.7938044106295,21388.72830215334,134.0295855,30259297.804085962
3979,0.0,1741.2878437218071,258.7121562781929,1741.2878437218071,1000.0,0.0,21119.908522146892,134.0295855,30259297.804085962
3980,0.0,438.61329512669363,1561.3867048733064,438.61329512669363,1000.0,0.0,19497.520009186264,139.0285855,30259297.804085962
3981,0.0,106.71633123101938,1893.2836687689805,106.71633123101938,1000.0,0.0,17530.267651778762,139.0285855,30259297.804085962
3982,0.0,0.0,2000.0,0.0,1000.0,0.0,15452.129663416335,134.0295855,30259297.804085962
3983,0.0,0.0,2000.0,0.0,1000.0,0.0,13373.991675053907,134.0295855,30259297.804085962
3984,0.0,0.0,2000.0,0.0,1000.0,0.0,11295.85368669148,128.0285855,30259297.804085962
3985,0.0,0.0,1000.0,0.0,0.0,0.0,10256.784692510257,118.6368248,30259297.804085962
3986,0.0,0.0,2000.0,0.0,1000.0,0.0,8178.646704147829,118.6368248,30259297.804085962
3987,0.0,0.0,1000.0,0.0,0.0,0.0,7139.577709966616,118.6368248,30259297.804085962
3988,0.0,0.0,2000.0,0.0,1000.0,0.0,5061.439721604188,118.6368248,30259297.804085962
3989,0.0,0.0,1000.0,0.0,0.0,0.0,4022.3707274229746,118.6368248,30259297.804085962
3990,0.0,0.0,1309.7339054020117,0.0,309.7339054020117,0.0,2661.4668356918733,118.6368248,30259297.804085962
3991,0.0,40.86591767510675,959.1340823248934,40.86591767510675,0.0,0.0,1664.8603494856247,118.6368248,30259297.804085962
3992,0.0,481.1337742862125,518.8662257137876,481.1337742862125,0.0,0.0,1125.7225422185968,118.6368248,30259297.804085962
3993,0.0,1865.1784222030487,0.0,1865.1784222030487,865.1784222030396,0.0,1125.7225422185968,118.6368248,30259297.804085962
3994,0.0,3441.6801246310924,0.0,3441.680124631111,1000.0,1441.6801246310924,2513.1954941635604,118.6368248,30259297.804085962
3995,0.0,5049.802360467107,0.0,5049.802360467117,1000.0,3049.802360467107,5448.325285877105,118.6368248,30259297.804085962
3996,0.0,2489.1922769579987,0.0,5818.503883008878,1000.0,489.19227695799873,5919.123933221483,118.6368248,30259297.804085962
3997,0.0,5941.8547870314615,0.0,6504.720407935525,1000.0,3941.854787031462,9712.764980260563,118.6368248,30259297.804085962
3998,0.0,5941.8547870314615,0.0,6326.502056014462,1000.0,3941.854787031462,13506.406027299643,118.6368248,30259297.804085962
3999,0.0,5691.043245758048,0.0,5691.043245758047,1000.0,3691.043245758048,17058.66604701719,118.8358248,30259297.804085962
4000,0.0,5428.282088756033,0.0,5428.282088756036,1000.0,3428.282088756033,20358.044729235993,119.7728248,30259297.804085962
4001,0.0,2000.0,0.0,4675.005367258682,1000.0,0.0,20358.044729235993,119.8368248,30259297.804085962
4002,0.0,3070.9513434303326,0.0,3070.9513434303535,1000.0,1070.9513434303326,21388.72830215334,121.9378248,30259297.804085962
4003,0.0,1436.409476076962,563.5905239230381,1436.409476076962,1000.0,0.0,20803.118863330565,121.9378248,30259297.804085962
4004,0.0,377.28773686361404,1622.712263136386,377.28773686361404,1000.0,0.0,19117.008864227915,121.9378248,30259297.804085962
4005,0.0,101.6103140618634,1898.3896859381366,101.6103140618634,1000.0,0.0,17144.45100269618,121.9378248,30259297.804085962
4006,0.0,0.0,2000.0,0.0,1000.0,0.0,15066.313014333753,121.9378248,30259297.804085962
4007,0.0,0.0,2000.0,0.0,1000.0,0.0,12988.175025971324,119.8368248,30259297.804085962
4008,0.0,0.0,2000.0,0.0,1000.0,0.0,10910.037037608898,118.8358248,30259297.804085962
4009,0.0,0.0,1000.0,0.0,0.0,0.0,9870.968043427674,116.55782,30259297.804085962
4010,0.0,0.0,2000.0,0.0,1000.0,0.0,7792.830055065248,116.55782,30259297.804085962
4011,0.0,0.0,1000.0,0.0,0.0,0.0,6753.761060884035,114.75682,30259297.804085962
4012,0.0,0.0,1000.0,0.0,0.0,0.0,5714.692066702821,114.75682,30259297.804085962
4013,0.0,0.0,1000.0,0.0,0.0,0.0,4675.623072521607,114.75682,30259297.804085962
4014,0.0,0.0,1869.15768753089,0.0,869.1576875308899,0.0,2733.4392741728025,116.55782,30259297.804085962
4015,0.0,50.069791989336466,949.9302080106638,50.069791989336466,0.0,0.0,1746.3962483928108,116.55782,30259297.804085962
4016,0.0,402.66362517793715,597.3363748220636,402.66362517793715,0.0,0.0,1125.7225422185968,116.55782,30259297.804085962
4017,0.0,1856.1287341526447,0.0,1856.1287341526447,856.1287341526343,0.0,1125.7225422185968,116.55782,30259297.804085962
4018,0.0,3720.9987725603914,0.0,3720.9987725604115,1000.0,1720.9987725603914,2782.0117609307176,114.75682,30259297.804085962
4019,0.0,4304.323194573113,0.0,4924.547823974886,1000.0,2304.3231945731136,4999.692403387882,114.75682,30259297.804085962
4020,0.0,2000.0,0.0,5854.560302494574,1000.0,0.0,4999.692403387882,114.75682,30259297.804085962
4021,0.0,5941.8547870314615,0.0,6215.07704935702,1000.0,3941.854787031462,8793.333450426962,114.75682,30259297.804085962
4022,0.0,5941.8547870314615,0.0,6631.184738710181,1000.0,3941.854787031462,12586.974497466043,114.75682,30259297.804085962
4023,0.0,5941.8547870314615,0.0,6156.657345546079,1000.0,3941.854787031462,16380.615544505123,114.75682,30259297.804085962
4024,0.0,5676.626616005357,0.0,5676.626616005353,1000.0,3676.6266160053574,19919.000999748678,116.55782,30259297.804085962
4025,0.0,2000.0,0.0,4745.659352230052,1000.0,0.0,19919.000999748678,116.55782,30259297.804085962
4026,0.0,3527.148069830285,0.0,3527.1480698302767,1000.0,1527.1480698302848,21388.72830215334,119.85882,30259297.804085962
4027,0.0,1770.4117067006193,229.58829329938067,1770.4117067006193,1000.0,0.0,21150.170225158967,168.75782,30259297.804085962
4028,0.0,459.1796852516062,1540.8203147483937,459.1796852516062,1000.0,0.0,19549.151610499364,168.75782,30259297.804085962
4029,0.0,118.98618430279767,1881.0138156972023,118.98618430279767,1000.0,0.0,17594.64847698192,119.85882,30259297.804085962
4030,0.0,0.0,2000.0,0.0,1000.0,0.0,15516.510488619495,168.75782,30259297.804085962
4031,0.0,0.0,2000.0,0.0,1000.0,0.0,13438.372500257066,119.85882,30259297.804085962
4032,0.0,0.0,2000.0,0.0,1000.0,0.0,11360.23451189464,116.55782,30259297.804085962
4033,0.0,0.0,2000.0,0.0,1000.0,0.0,9282.096523532182,112.7093251,30259297.804085962
4034,0.0,0.0,1000.0,0.0,0.0,0.0,8243.027529350968,112.7093251,30259297.804085962
4035,0.0,0.0,2000.0,0.0,1000.0,0.0,6164.88954098854,112.7093251,30259297.804085962
4036,0.0,0.0,1000.0,0.0,0.0,0.0,5125.8205468073265,112.7093251,30259297.804085962
4037,0.0,0.0,1348.0794342845456,0.0,348.07943428454575,0.0,3725.073004948904,112.7093251,30259297.804085962
4038,0.0,0.0,1000.0,0.0,0.0,0.0,2686.0040107676905,112.7093251,30259297.804085962
4039,0.0,48.45674045785731,951.543259542143,48.45674045785731,0.0,0.0,1697.284913155323,112.7093251,30259297.804085962
4040,0.0,449.9283742104907,550.0716257895093,449.9283742104907,0.0,0.0,1125.7225422185968,110.6693251,30259297.804085962
4041,0.0,2032.1172669516445,0.0,2032.117266951663,1000.0,32.11726695164464,1156.6321999328595,110.6693251,30259297.804085962
4042,0.0,2712.2261329417493,0.0,4000.169160999839,1000.0,712.2261329417491,1842.0786302759989,105.2633251,30259297.804085962
4043,0.0,2000.0,0.0,5533.17780742328,1000.0,0.0,1842.0786302759989,105.2633251,30259297.804085962
4044,0.0,5941.8547870314615,0.0,6525.322381239419,1000.0,3941.854787031462,5635.719677315078,105.2633251,30259297.804085962
4045,0.0,5941.8547870314615,0.0,7364.262744152696,1000.0,3941.854787031462,9429.360724354157,110.6693251,30259297.804085962
4046,0.0,5941.8547870314615,0.0,7606.771821599031,1000.0,3941.854787031462,13223.001771393236,110.6693251,30259297.804085962
4047,0.0,5941.8547870314615,0.0,6888.104519135257,1000.0,3941.854787031462,17016.642818432316,112.7093251,30259297.804085962
4048,0.0,2000.0,0.0,5700.472472694062,1000.0,0.0,17016.642818432316,112.7093251,30259297.804085962
4049,0.0,4956.126836162241,0.0,4956.126836162267,1000.0,2956.1268361622406,19861.619285554854,112.7093251,30259297.804085962
4050,0.0,3586.7716298820496,0.0,3586.771629882059,1000.0,1586.7716298820496,21388.72830215334,116.0083251,30259297.804085962
4051,0.0,1757.8097514701155,242.19024852988446,1757.8097514701155,1000.0,0.0,21137.075924212884,164.9093251,30259297.804085962
4052,0.0,408.1373164171675,1591.8626835828325,408.1373164171675,1000.0,0.0,19483.02076670785,164.9093251,30259297.804085962
4053,0.0,119.96468792185293,1880.0353120781472,119.96468792185293,1000.0,0.0,17529.534365961663,164.9093251,30259297.804085962
4054,0.0,0.0,2000.0,0.0,1000.0,0.0,15451.396377599236,164.9093251,30259297.804085962
4055,0.0,0.0,2000.0,0.0,1000.0,0.0,13373.25838923681,116.0083251,30259297.804085962
4056,0.0,0.0,2000.0,0.0,1000.0,0.0,11295.120400874383,116.0083251,30259297.804085962
4057,0.0,0.0,1000.0,0.0,0.0,0.0,10256.051406693168,109.0548522,30259297.804085962
4058,0.0,0.0,1000.0,0.0,0.0,0.0,9216.982412511956,109.0548522,30259297.804085962
4059,0.0,0.0,1000.0,0.0,0.0,0.0,8177.9134183307415,109.0548522,30259297.804085962
4060,0.0,0.0,1000.0,0.0,0.0,0.0,7138.844424149528,109.0548522,30259297.804085962
4061,0.0,0.0,1000.0,0.0,0.0,0.0,6099.775429968315,109.1518522,30259297.804085962
4062,0.0,0.0,1294.445510299588,0.0,294.445510299588,0.0,4754.757235558932,111.0948522,30259297.804085962
4063,0.0,47.590913149694856,1952.4090868503054,47.590913149694856,1000.0,0.0,2726.0694894551234,111.0948522,30259297.804085962
4064,0.0,459.8260979795671,1540.1739020204332,459.8260979795671,1000.0,0.0,1125.7225422185968,111.0948522,30259297.804085962
4065,0.0,1825.1783318361047,0.0,1825.1783318361047,825.1783318360926,0.0,1125.7225422185968,111.0948522,30259297.804085962
4066,0.0,3665.787380222936,0.0,3665.7873802229387,1000.0,1665.787380222936,2728.8763169451504,109.1518522,30259297.804085962
4067,0.0,4484.789134670478,0.0,4950.315115990358,1000.0,2484.7891346704782,5120.237380152019,111.0948522,30259297.804085962
4068,0.0,2000.0,0.0,6267.34106602179,1000.0,0.0,5120.237380152019,111.0948522,30259297.804085962
4069,0.0,5941.8547870314615,0.0,6803.460880023689,1000.0,3941.854787031462,8913.878427191099,111.0948522,30259297.804085962
4070,0.0,5941.8547870314615,0.0,6908.5285765442495,1000.0,3941.854787031462,12707.519474230176,111.0948522,30259297.804085962
4071,0.0,5941.8547870314615,0.0,6250.036362138816,1000.0,3941.854787031462,16501.160521269256,111.0948522,30259297.804085962
4072,0.0,5744.582285021611,0.0,5744.582285021617,1000.0,3744.582285021611,20104.946512374056,111.0948522,30259297.804085962
4073,0.0,2000.0,0.0,4692.962421911201,1000.0,0.0,20104.946512374056,112.2948522,30259297.804085962
4074,0.0,3333.9378530541244,0.0,3333.9378530541503,1000.0,1333.9378530541244,21388.72830215334,112.2948522,30259297.804085962
4075,0.0,1594.6544532973403,405.3455467026597,1594.6544532973403,1000.0,0.0,20967.546312645172,117.3058522,30259297.804085962
4076,0.0,443.8794366012594,1556.1205633987406,443.8794366012594,1000.0,0.0,19350.629684009742,117.3058522,30259297.804085962
4077,0.0,96.55173361959329,1903.4482663804067,96.55173361959329,1000.0,0.0,17372.815608385878,117.3058522,30259297.804085962
4078,0.0,0.0,2000.0,0.0,1000.0,0.0,15294.67762002345,117.3058522,30259297.804085962
4079,0.0,0.0,2000.0,0.0,1000.0,0.0,13216.539631661024,112.2948522,30259297.804085962
4080,0.0,0.0,2000.0,0.0,1000.0,0.0,11138.401643298597,111.0948522,30259297.804085962
4081,0.0,0.0,1000.0,0.0,0.0,0.0,10099.332649117383,105.3453108,30259297.804085962
4082,0.0,0.0,1000.0,0.0,0.0,0.0,9060.26365493617,105.3453108,30259297.804085962
4083,0.0,0.0,1000.0,0.0,0.0,0.0,8021.194660754956,105.3453108,30259297.804085962
4084,0.0,0.0,1000.0,0.0,0.0,0.0,6982.125666573743,105.3453108,30259297.804085962
4085,0.0,0.0,1000.0,0.0,0.0,0.0,5943.056672392529,105.3453108,30259297.804085962
4086,0.0,0.0,1100.6645655006578,0.0,100.66456550065777,0.0,4799.390249386837,110.8483108,30259297.804085962
4087,0.0,48.49232363683726,1951.5076763631628,48.49232363683726,1000.0,0.0,2771.6391309712635,112.9913108,30259297.804085962
4088,0.0,433.88089006919597,1566.119109930804,433.88089006919597,1000.0,0.0,1144.3333226474788,112.9913108,30259297.804085962
4089,0.0,1982.0889849152593,17.91101508474071,1982.0889849152593,1000.0,0.0,1125.7225422185968,112.9913108,30259297.804085962
4090,0.0,3786.2976581097655,0.0,3786.2976581097655,1000.0,1786.2976581097655,2844.855408383435,110.8483108,30259297.804085962
4091,0.0,4050.795568290395,0.0,4910.160828091957,1000.0,2050.795568290395,4818.541063306111,110.8483108,30259297.804085962
4092,0.0,2000.0,0.0,6139.554275921447,1000.0,0.0,4818.541063306111,110.8483108,30259297.804085962
4093,0.0,5941.8547870314615,0.0,6670.556207938655,1000.0,3941.854787031462,8612.182110345191,110.8483108,30259297.804085962
4094,0.0,5941.8547870314615,0.0,7104.431171233898,1000.0,3941.854787031462,12405.823157384268,110.8483108,30259297.804085962
4095,0.0,5941.8547870314615,0.0,6575.908106788702,1000.0,3941.854787031462,16199.464204423348,112.9913108,30259297.804085962
4096,0.0,5941.8547870314615,0.0,6143.658059840475,1000.0,3941.854787031462,19993.105251462428,112.9913108,30259297.804085962
4097,0.0,2000.0,0.0,5048.62223385735,1000.0,0.0,19993.105251462428,116.9923108,30259297.804085962
4098,0.0,3450.148639537527,0.0,3450.1486395375614,1000.0,1450.1486395375268,21388.72830215334,116.9923108,30259297.804085962
4099,0.0,1780.0188495315344,0.0,1780.0188495315344,780.0188495315379,0.0,21388.72830215334,117.9913108,30259297.804085962
4100,0.0,402.23071152385603,597.769288476144,402.23071152385603,0.0,0.0,20767.60476882401,119.9913108,30259297.804085962
4101,0.0,111.16407085667745,888.8359291433226,111.16407085667745,0.0,0.0,19844.042913936937,116.9923108,30259297.804085962
4102,0.0,0.0,1000.0,0.0,0.0,0.0,18804.97391975572,116.9923108,30259297.804085962
4103,0.0,0.0,1000.0,0.0,0.0,0.0,17765.90492557451,112.9913108,30259297.804085962
4104,0.0,0.0,1000.0,0.0,0.0,0.0,16726.835931393296,110.8483108,30259297.804085962
4105,0.0,0.0,2000.0,0.0,1000.0,0.0,14648.697943030867,129.1155513,30259297.804085962
4106,0.0,0.0,2000.0,0.0,1000.0,0.0,12570.55995466844,129.1155513,30259297.804085962
4107,0.0,0.0,1478.7913013885372,0.0,478.79130138853725,0.0,11033.993764530724,123.9695513,30259297.804085962
4108,0.0,0.0,2000.0,0.0,1000.0,0.0,8955.855776168297,123.9705513,30259297.804085962
4109,0.0,0.0,2000.0,0.0,1000.0,0.0,6877.717787805868,129.1155513,30259297.804085962
4110,0.0,0.0,2000.0,0.0,1000.0,0.0,4799.5797994434415,129.4725513,30259297.804085962
4111,0.0,45.98972643375271,1954.0102735662472,45.98972643375271,1000.0,0.0,2769.2283098692005,131.6155513,30259297.804085962
4112,0.0,418.2900492130566,1581.7099507869434,418.2900492130566,1000.0,0.0,1125.7225422185968,129.4725513,30259297.804085962
4113,0.0,2069.964642596099,0.0,2069.964642596107,1000.0,69.96464259609934,1193.0565142530827,129.4725513,30259297.804085962
4114,0.0,2653.2549123918525,0.0,4099.170117054047,1000.0,653.2549123918524,1821.7490419390015,129.1155513,30259297.804085962
4115,0.0,2000.0,0.0,5647.858573548709,1000.0,0.0,1821.7490419390015,129.1155513,30259297.804085962
4116,0.0,5941.8547870314615,0.0,6572.865846394595,1000.0,3941.854787031462,5615.390088978081,129.1155513,30259297.804085962
4117,0.0,5941.8547870314615,0.0,7377.558548838046,1000.0,3941.854787031462,9409.03113601716,129.1155513,30259297.804085962
4118,0.0,5941.8547870314615,0.0,7652.785266396225,1000.0,3941.854787031462,13202.672183056238,129.1155513,30259297.804085962
4119,0.0,5941.8547870314615,0.0,6884.706438218982,1000.0,3941.854787031462,16996.31323009532,129.4725513,30259297.804085962
4120,0.0,2000.0,0.0,5964.087603456331,1000.0,0.0,16996.31323009532,129.4725513,30259297.804085962
4121,0.0,5150.540920446851,0.0,5150.540920446866,1000.0,3150.5409204468506,20028.393811933365,131.6155513,30259297.804085962
4122,0.0,3413.4813905028823,0.0,3413.481390502884,1000.0,1413.4813905028823,21388.72830215334,132.6155513,30259297.804085962
4123,0.0,1642.2750228520617,357.72497714793826,1642.2750228520617,1000.0,0.0,21017.027369954732,134.6145513,30259297.804085962
4124,0.0,410.90678746260164,1589.0932125373984,410.90678746260164,1000.0,0.0,19365.84988394331,134.6145513,30259297.804085962
4125,0.0,120.64667256116269,1879.3533274388374,120.64667256116269,1000.0,0.0,17413.07211229032,134.6145513,30259297.804085962
4126,0.0,0.0,2000.0,0.0,1000.0,0.0,15334.934123927893,132.6155513,30259297.804085962
4127,0.0,0.0,2000.0,0.0,1000.0,0.0,13256.796135565466,131.6155513,30259297.804085962
4128,0.0,0.0,2000.0,0.0,1000.0,0.0,11178.65814720304,131.6155513,30259297.804085962
4129,0.0,0.0,1000.0,0.0,0.0,0.0,10139.589153021825,125.6330427,30259297.804085962
4130,0.0,0.0,1000.0,0.0,0.0,0.0,9100.520158840613,125.6330427,30259297.804085962
4131,0.0,0.0,1000.0,0.0,0.0,0.0,8061.451164659398,125.6330427,30259297.804085962
4132,0.0,0.0,1000.0,0.0,0.0,0.0,7022.382170478185,125.6330427,30259297.804085962
4133,0.0,0.0,1000.0,0.0,0.0,0.0,5983.3131762969715,125.6330427,30259297.804085962
4134,0.0,0.0,1126.5874634743577,0.0,126.58746347435772,0.0,4812.711073767514,131.1360427,30259297.804085962
4135,0.0,42.30699135327023,1957.6930086467298,42.30699135327023,1000.0,0.0,2778.532968357362,131.1360427,30259297.804085962
4136,0.0,409.3352458840554,1590.6647541159473,409.3352458840554,1000.0,0.0,1125.7225422185968,131.1360427,30259297.804085962
4137,0.0,2017.712490746858,0.0,2017.7124907468742,1000.0,17.71249074685801,1142.769043313373,125.6330427,30259297.804085962
4138,0.0,2749.693969700563,0.0,3883.8278953484146,1000.0,749.693969700563,1864.274519753195,131.1360427,30259297.804085962
4139,0.0,2000.0,0.0,5659.683648150869,1000.0,0.0,1864.274519753195,131.1360427,30259297.804085962
4140,0.0,5941.8547870314615,0.0,6812.101384051086,1000.0,3941.854787031462,5657.915566792274,131.1360427,30259297.804085962
4141,0.0,5941.8547870314615,0.0,7401.700935774133,1000.0,3941.854787031462,9451.556613831353,131.1360427,30259297.804085962
4142,0.0,5941.8547870314615,0.0,7133.869344781945,1000.0,3941.854787031462,13245.197660870432,134.2790427,30259297.804085962
4143,0.0,5941.8547870314615,0.0,6957.608011366626,1000.0,3941.854787031462,17038.838707909512,134.2790427,30259297.804085962
4144,0.0,2000.0,0.0,6138.1843686012435,1000.0,0.0,17038.838707909512,134.2790427,30259297.804085962
4145,0.0,5100.044141577389,0.0,5100.0441415774,1000.0,3100.0441415773894,20022.32118976359,134.2790427,30259297.804085962
4146,0.0,3419.7912639128745,0.0,3419.791263912881,1000.0,1419.7912639128745,21388.72830215334,134.2790427,30259297.804085962
4147,0.0,1731.9001267387243,268.09987326127566,1731.9001267387243,1000.0,0.0,21110.15403650362,135.7900427,30259297.804085962
4148,0.0,386.34335168797105,1613.656648312029,386.34335168797105,1000.0,0.0,19433.453445988212,135.7900427,30259297.804085962
4149,0.0,127.7215617839662,1872.278438216034,127.7215617839662,1000.0,0.0,17488.026972363907,135.7900427,30259297.804085962
4150,0.0,0.0,2000.0,0.0,1000.0,0.0,15409.88898400148,134.2790427,30259297.804085962
4151,0.0,0.0,2000.0,0.0,1000.0,0.0,13331.750995639051,134.2790427,30259297.804085962
4152,0.0,0.0,2000.0,0.0,1000.0,0.0,11253.613007276625,133.2790427,30259297.804085962
4153,0.0,0.0,1200.9241835261619,0.0,200.9241835261619,0.0,10005.769923812173,120.3768129,30259297.804085962
4154,0.0,0.0,2000.0,0.0,1000.0,0.0,7927.631935449746,120.3768129,30259297.804085962
4155,0.0,0.0,2000.0,0.0,1000.0,0.0,5849.493947087319,120.3768129,30259297.804085962
4156,0.0,0.0,1000.0,0.0,0.0,0.0,4810.424952906105,120.3768129,30259297.804085962
4157,0.0,0.0,1000.0,0.0,0.0,0.0,3771.355958724892,120.3768129,30259297.804085962
4158,0.0,0.0,1000.0,0.0,0.0,0.0,2732.286964543678,120.3768129,30259297.804085962
4159,0.0,43.31515137735248,956.6848486226475,43.31515137735248,0.0,0.0,1738.2254011369373,120.3768129,30259297.804085962
4160,0.0,410.5272485769903,589.4727514230108,410.5272485769903,0.0,0.0,1125.7225422185968,120.3768129,30259297.804085962
4161,0.0,1957.4425292347626,0.0,1957.4425292347626,957.442529234763,0.0,1125.7225422185968,120.3768129,30259297.804085962
4162,0.0,3917.292759683597,0.0,3917.292759683576,1000.0,1917.292759683597,2970.9250941380906,120.3768129,30259297.804085962
4163,0.0,5217.125853931257,0.0,5698.112208206898,1000.0,3217.125853931257,6067.087015961532,120.3768129,30259297.804085962
4164,0.0,2000.0,0.0,6554.547055713587,1000.0,0.0,6067.087015961532,120.3768129,30259297.804085962
4165,0.0,5941.8547870314615,0.0,6943.908938164588,1000.0,3941.854787031462,9860.728063000612,120.3768129,30259297.804085962
4166,0.0,5941.8547870314615,0.0,6907.289137124429,1000.0,3941.854787031462,13654.36911003969,120.3768129,30259297.804085962
4167,0.0,5941.8547870314615,0.0,6782.342973159851,1000.0,3941.854787031462,17448.01015707877,120.3768129,30259297.804085962
4168,0.0,2000.0,0.0,5890.90137614448,1000.0,0.0,17448.01015707877,127.5228129,30259297.804085962
4169,0.0,4721.184874402824,0.0,4721.184874402871,1000.0,2721.184874402824,20066.878480204046,129.0228129,30259297.804085962
4170,0.0,3373.493164951471,0.0,3373.4931649514765,1000.0,1373.493164951471,21388.72830215334,129.0228129,30259297.804085962
4171,0.0,1690.5716502721407,309.4283497278593,1690.5716502721407,1000.0,0.0,21067.210898030455,129.0228129,30259297.804085962
4172,0.0,433.72670380537033,1566.2732961946297,433.72670380537033,1000.0,0.0,19439.7448795406,131.0238129,30259297.804085962
4173,0.0,114.60959976746841,1885.3904002325316,114.60959976746841,1000.0,0.0,17480.694172732066,131.0238129,30259297.804085962
4174,0.0,0.0,2000.0,0.0,1000.0,0.0,15402.55618436964,129.0228129,30259297.804085962
4175,0.0,0.0,2000.0,0.0,1000.0,0.0,13324.418196007211,129.0228129,30259297.804085962
4176,0.0,0.0,2000.0,0.0,1000.0,0.0,11246.280207644784,127.5228129,30259297.804085962
4177,0.0,0.0,1000.0,0.0,0.0,0.0,10207.211213463563,107.2588891,30259297.804085962
4178,0.0,0.0,1000.0,0.0,0.0,0.0,9168.142219282348,107.2588891,30259297.804085962
4179,0.0,0.0,1000.0,0.0,0.0,0.0,8129.073225101134,107.2588891,30259297.804085962
4180,0.0,0.0,2000.0,0.0,1000.0,0.0,6050.935236738707,107.2588891,30259297.804085962
4181,0.0,0.0,2000.0,0.0,1000.0,0.0,3972.7972483762796,107.2588891,30259297.804085962
4182,0.0,0.0,1233.9205510282773,0.0,233.92055102827732,0.0,2690.6686625197985,107.2588891,30259297.804085962
4183,0.0,40.3796292525556,959.6203707474447,40.3796292525556,0.0,0.0,1693.5568890914478,107.2588891,30259297.804085962
4184,0.0,453.51622456957034,546.4837754304317,453.51622456957034,0.0,0.0,1125.7225422185968,107.2588891,30259297.804085962
4185,0.0,1925.6084967529391,0.0,1925.6084967529391,925.6084967529353,0.0,1125.7225422185968,107.2588891,30259297.804085962
4186,0.0,3774.7809560352725,0.0,3774.780956035257,1000.0,1774.7809560352725,2833.7717343069435,107.2588891,30259297.804085962
4187,0.0,2000.0,0.0,4833.564666315927,1000.0,0.0,2833.7717343069435,107.2588891,30259297.804085962
4188,0.0,2000.0,0.0,6356.966181176084,1000.0,0.0,2833.7717343069435,107.2588891,30259297.804085962
4189,0.0,5941.8547870314615,0.0,6773.08572407715,1000.0,3941.854787031462,6627.412781346023,107.2588891,30259297.804085962
4190,0.0,5941.8547870314615,0.0,7015.754914561263,1000.0,3941.854787031462,10421.053828385098,107.2588891,30259297.804085962
4191,0.0,5941.8547870314615,0.0,6958.699191296572,1000.0,3941.854787031462,14214.694875424178,107.2588891,30259297.804085962
4192,0.0,5941.8547870314615,0.0,6140.888600062671,1000.0,3941.854787031462,18008.33592246326,107.2588891,30259297.804085962
4193,0.0,3918.353454996812,0.0,4863.483190244941,1000.0,1918.3534549968122,19854.55928755219,112.7618891,30259297.804085962
4194,0.0,3594.1074549056034,0.0,3594.1074549056275,1000.0,1594.1074549056034,21388.72830215334,116.9048891,30259297.804085962
4195,0.0,1780.5229295435754,219.4770704564246,1780.5229295435754,1000.0,0.0,21160.676483308343,120.9048891,30259297.804085962
4196,0.0,444.2708290347766,1555.7291709652234,444.2708290347766,1000.0,0.0,19544.166538415127,165.9048891,30259297.804085962
4197,0.0,123.58219468595955,1876.4178053140404,123.58219468595955,1000.0,0.0,17594.438976783742,120.9048891,30259297.804085962
4198,0.0,0.0,2000.0,0.0,1000.0,0.0,15516.300988421315,116.9048891,30259297.804085962
4199,0.0,0.0,2000.0,0.0,1000.0,0.0,13438.163000058887,116.9048891,30259297.804085962
4200,0.0,0.0,2000.0,0.0,1000.0,0.0,11360.02501169646,114.7048891,30259297.804085962
4201,0.0,0.0,2000.0,0.0,1000.0,0.0,9281.887023334037,114.4065717,30259297.804085962
4202,0.0,0.0,1000.0,0.0,0.0,0.0,8242.818029152822,113.5035717,30259297.804085962
4203,0.0,0.0,2000.0,0.0,1000.0,0.0,6164.680040790396,114.4065717,30259297.804085962
4204,0.0,0.0,1000.0,0.0,0.0,0.0,5125.611046609182,113.5035717,30259297.804085962
4205,0.0,0.0,1000.0,0.0,0.0,0.0,4086.542052427969,113.5035717,30259297.804085962
4206,0.0,0.0,1310.771721831136,0.0,310.7717218311358,0.0,2724.559797823713,114.4065717,30259297.804085962
4207,0.0,37.03492310475152,962.9650768952484,37.03492310475152,0.0,0.0,1723.9726439425322,113.5035717,30259297.804085962
4208,0.0,424.2441021008851,575.7558978991149,424.2441021008851,0.0,0.0,1125.7225422185968,113.3605717,30259297.804085962
4209,0.0,1975.6308520153896,0.0,1975.6308520153896,975.630852015398,0.0,1125.7225422185968,113.3605717,30259297.804085962
4210,0.0,3810.1969008345627,0.0,3810.1969008345764,1000.0,1810.1969008345627,2867.8560395817804,107.8575717,30259297.804085962
4211,0.0,3855.450428381265,0.0,5444.875162862304,1000.0,1855.450428381265,4653.54153185591,107.8575717,30259297.804085962
4212,0.0,2000.0,0.0,6717.3939700910805,1000.0,0.0,4653.54153185591,107.8575717,30259297.804085962
4213,0.0,5941.8547870314615,0.0,7469.146598004403,1000.0,3941.854787031462,8447.18257889499,107.8575717,30259297.804085962
4214,0.0,5941.8547870314615,0.0,7670.920225676014,1000.0,3941.854787031462,12240.823625934067,107.8575717,30259297.804085962
4215,0.0,5941.8547870314615,0.0,7479.963523850112,1000.0,3941.854787031462,16034.464672973147,113.3605717,30259297.804085962
4216,0.0,5941.8547870314615,0.0,6399.98480230606,1000.0,3941.854787031462,19828.105720012227,113.5035717,30259297.804085962
4217,0.0,2000.0,0.0,5151.299998218088,1000.0,0.0,19828.105720012227,114.4065717,30259297.804085962
4218,0.0,3621.5945367218574,0.0,3621.594536721887,1000.0,1621.5945367218574,21388.72830215334,116.5035717,30259297.804085962
4219,0.0,1659.3425205653448,340.6574794346552,1659.3425205653448,1000.0,0.0,21034.761677636874,117.0035717,30259297.804085962
4220,0.0,461.4806594639793,1538.5193405360208,461.4806594639793,1000.0,0.0,19436.133933937766,117.0035717,30259297.804085962
4221,0.0,124.09812824590661,1875.9018717540935,124.09812824590661,1000.0,0.0,17486.942462871575,117.0035717,30259297.804085962
4222,0.0,0.0,2000.0,0.0,1000.0,0.0,15408.804474509148,117.0035717,30259297.804085962
4223,0.0,0.0,2000.0,0.0,1000.0,0.0,13330.666486146722,116.5035717,30259297.804085962
4224,0.0,0.0,2000.0,0.0,1000.0,0.0,11252.528497784295,116.5035717,30259297.804085962
4225,0.0,0.0,1000.0,0.0,0.0,0.0,10213.45950360308,106.0038689,30259297.804085962
4226,0.0,0.0,1000.0,0.0,0.0,0.0,9174.390509421892,111.6498689,30259297.804085962
4227,0.0,0.0,1000.0,0.0,0.0,0.0,8135.321515240678,106.0038689,30259297.804085962
4228,0.0,0.0,1000.0,0.0,0.0,0.0,7096.252521059464,106.0038689,30259297.804085962
4229,0.0,0.0,1000.0,0.0,0.0,0.0,6057.183526878251,111.5068689,30259297.804085962
4230,0.0,0.0,2000.0,0.0,1000.0,0.0,3979.0455385158234,111.6498689,30259297.804085962
4231,0.0,41.358132871610856,1150.1130940875391,41.358132871610856,191.47122695914993,0.0,2783.9986826476406,111.6498689,30259297.804085962
4232,0.0,404.07504245107367,1595.9249575489266,404.07504245107367,1000.0,0.0,1125.7225422185816,111.6498689,30259297.804085962
4233,0.0,1994.637565377293,0.0,1994.637565377293,994.6375653772755,0.0,1125.7225422185968,111.6498689,30259297.804085962
4234,0.0,4039.878659160982,0.0,4039.8786591609905,1000.0,2039.878659160982,3088.9017637951256,112.4098689,30259297.804085962
4235,0.0,4366.461216643531,0.0,5684.7037272106545,1000.0,2366.461216643531,5366.38403869286,112.4098689,30259297.804085962
4236,0.0,2000.0,0.0,6879.386933243578,1000.0,0.0,5366.38403869286,112.4098689,30259297.804085962
4237,0.0,5941.8547870314615,0.0,7516.091109693769,1000.0,3941.854787031462,9160.025085731939,112.4098689,30259297.804085962
4238,0.0,5941.8547870314615,0.0,6986.9394353777325,1000.0,3941.854787031462,12953.666132771017,112.4108689,30259297.804085962
4239,0.0,5941.8547870314615,0.0,6942.550895659922,1000.0,3941.854787031462,16747.307179810097,112.6498689,30259297.804085962
4240,0.0,2000.0,0.0,6431.065672522982,1000.0,0.0,16747.307179810097,112.6498689,30259297.804085962
4241,0.0,5173.5921161853685,0.0,5173.592116185372,1000.0,3173.5921161853685,19801.572232426897,112.6498689,30259297.804085962
4242,0.0,3649.164660979266,0.0,3649.1646609792742,1000.0,1649.164660979266,21388.72830215334,112.6498689,30259297.804085962
4243,0.0,1823.6898101634242,0.0,1823.6898101634242,823.6898101634142,0.0,21388.72830215334,114.6498689,30259297.804085962
4244,0.0,400.33893260212125,599.6610673978787,400.33893260212125,0.0,0.0,20765.63908000259,115.6298689,30259297.804085962
4245,0.0,115.40426071767097,884.5957392823291,115.40426071767097,0.0,0.0,19846.483074929518,114.6498689,30259297.804085962
4246,0.0,0.0,1000.0,0.0,0.0,0.0,18807.414080748305,112.6498689,30259297.804085962
4247,0.0,0.0,1000.0,0.0,0.0,0.0,17768.34508656709,112.6498689,30259297.804085962
4248,0.0,0.0,1000.0,0.0,0.0,0.0,16729.276092385877,112.4098689,30259297.804085962
4249,0.0,0.0,2000.0,0.0,1000.0,0.0,14651.138104023446,120.4419778,30259297.804085962
4250,0.0,0.0,2000.0,0.0,1000.0,0.0,12573.000115661012,120.4419778,30259297.804085962
4251,0.0,0.0,2000.0,0.0,1000.0,0.0,10494.862127298586,120.4419778,30259297.804085962
4252,0.0,0.0,1477.0477819566559,0.0,477.04778195665597,0.0,8960.10757414329,120.4419778,30259297.804085962
4253,0.0,0.0,2000.0,0.0,1000.0,0.0,6881.969585780864,120.4419778,30259297.804085962
4254,0.0,0.0,2000.0,0.0,1000.0,0.0,4803.831597418436,120.4419778,30259297.804085962
4255,0.0,32.86589960171789,1967.134100398282,32.86589960171789,1000.0,0.0,2759.8435462980265,120.4419778,30259297.804085962
4256,0.0,427.3219456739706,1572.6780543260284,427.3219456739706,1000.0,0.0,1125.722542218612,120.4419778,30259297.804085962
4257,0.0,1848.5438381438476,0.0,1848.5438381438476,848.5438381438536,0.0,1125.7225422185968,120.4419778,30259297.804085962
4258,0.0,3617.8109901460302,0.0,3617.810990146048,1000.0,1617.8109901460302,2682.703839135136,120.4419778,30259297.804085962
4259,0.0,4137.182715566187,0.0,5260.311365619896,1000.0,2137.1827155661863,4739.528484596034,120.4419778,30259297.804085962
4260,0.0,2000.0,0.0,6376.927679793599,1000.0,0.0,4739.528484596034,120.4419778,30259297.804085962
4261,0.0,5941.8547870314615,0.0,6973.857118498631,1000.0,3941.854787031462,8533.169531635114,120.4419778,30259297.804085962
4262,0.0,5941.8547870314615,0.0,7333.763047079727,1000.0,3941.854787031462,12326.81057867419,120.4419778,30259297.804085962
4263,0.0,5941.8547870314615,0.0,7303.506494218033,1000.0,3941.854787031462,16120.451625713271,120.4419778,30259297.804085962
4264,0.0,5941.8547870314615,0.0,6512.690769603887,1000.0,3941.854787031462,19914.09267275235,120.4419778,30259297.804085962
4265,0.0,2000.0,0.0,4951.335129562346,1000.0,0.0,19914.09267275235,125.9449778,30259297.804085962
4266,0.0,3532.248160225471,0.0,3532.2481602254798,1000.0,1532.248160225471,21388.72830215334,125.9459778,30259297.804085962
4267,0.0,1696.7866389607345,303.21336103926546,1696.7866389607345,1000.0,0.0,21073.66870007595,127.7879778,30259297.804085962
4268,0.0,456.2916111213263,1543.7083888786738,456.2916111213263,1000.0,0.0,19469.649177134677,129.0879778,30259297.804085962
4269,0.0,131.58221275934844,1868.4177872406515,131.58221275934844,1000.0,0.0,17528.234186236252,126.8489778,30259297.804085962
4270,0.0,0.0,2000.0,0.0,1000.0,0.0,15450.096197873825,126.8479778,30259297.804085962
4271,0.0,0.0,2000.0,0.0,1000.0,0.0,13371.958209511396,125.9449778,30259297.804085962
4272,0.0,0.0,2000.0,0.0,1000.0,0.0,11293.82022114897,125.4419778,30259297.804085962
4273,0.0,0.0,1000.0,0.0,0.0,0.0,10254.751226967745,120.8944591,30259297.804085962
4274,0.0,0.0,1000.0,0.0,0.0,0.0,9215.68223278653,120.8944591,30259297.804085962
4275,0.0,0.0,1221.182189855804,0.0,221.182189855804,0.0,7946.789683061048,120.8944591,30259297.804085962
4276,0.0,0.0,1000.0,0.0,0.0,0.0,6907.720688879835,120.8944591,30259297.804085962
4277,0.0,0.0,1000.0,0.0,0.0,0.0,5868.651694698621,120.8944591,30259297.804085962
4278,0.0,0.0,2000.0,0.0,1000.0,0.0,3790.5137063361944,120.8944591,30259297.804085962
4279,0.0,33.59533223554462,1966.4046677644556,33.59533223554462,1000.0,0.0,1747.283586048938,120.8944591,30259297.804085962
4280,0.0,401.80965141768064,598.1903485823204,401.80965141768064,0.0,0.0,1125.7225422185968,120.8944591,30259297.804085962
4281,0.0,1837.2050406966075,0.0,1837.2050406966075,837.2050406966005,0.0,1125.7225422185968,120.8944591,30259297.804085962
4282,0.0,3802.457807294288,0.0,3802.4578072943223,1000.0,1802.4578072942882,2860.40793595862,120.8944591,30259297.804085962
4283,0.0,4520.768461024313,0.0,5693.741550445521,1000.0,2520.768461024313,5286.395502848419,120.8944591,30259297.804085962
4284,0.0,2000.0,0.0,6857.5514472938185,1000.0,0.0,5286.395502848419,120.8944591,30259297.804085962
4285,0.0,5941.8547870314615,0.0,7569.932594711037,1000.0,3941.854787031462,9080.036549887498,120.8944591,30259297.804085962
4286,0.0,5941.8547870314615,0.0,7569.630148957339,1000.0,3941.854787031462,12873.677596926576,120.8944591,30259297.804085962
4287,0.0,5941.8547870314615,0.0,7410.365146897342,1000.0,3941.854787031462,16667.318643965657,120.8944591,30259297.804085962
4288,0.0,2000.0,0.0,6620.136522201102,1000.0,0.0,16667.318643965657,126.3974591,30259297.804085962
4289,0.0,5409.714227089763,0.0,5409.714227089797,1000.0,3409.714227089763,19948.827616116843,129.5404591,30259297.804085962
4290,0.0,3496.156157560783,0.0,3496.1561575608034,1000.0,1496.156157560783,21388.72830215334,129.5404591,30259297.804085962
4291,0.0,1793.2968626273948,206.70313737260517,1793.2968626273948,1000.0,0.0,21173.949481109477,129.5404591,30259297.804085962
4292,0.0,438.37015091541815,1561.6298490845818,438.37015091541815,1000.0,0.0,19551.308324537793,130.2604591,30259297.804085962
4293,0.0,134.82016937021265,1865.1798306297874,134.82016937021265,1000.0,0.0,17613.257793958226,129.5404591,30259297.804085962
4294,0.0,0.0,2000.0,0.0,1000.0,0.0,15535.1198055958,129.5404591,30259297.804085962
4295,0.0,0.0,2000.0,0.0,1000.0,0.0,13456.98181723337,128.0304591,30259297.804085962
4296,0.0,0.0,2000.0,0.0,1000.0,0.0,11378.843828870944,126.3974591,30259297.804085962
4297,0.0,0.0,1000.0,0.0,0.0,0.0,10339.774834689722,120.6199871,30259297.804085962
4298,0.0,0.0,2000.0,0.0,1000.0,0.0,8261.636846327296,120.6199871,30259297.804085962
4299,0.0,0.0,2000.0,0.0,1000.0,0.0,6183.498857964868,120.6199871,30259297.804085962
4300,0.0,0.0,1000.0,0.0,0.0,0.0,5144.429863783655,120.6199871,30259297.804085962
4301,0.0,0.0,1000.0,0.0,0.0,0.0,4105.360869602441,120.6199871,30259297.804085962
4302,0.0,0.0,1000.0,0.0,0.0,0.0,3066.2918754212274,120.6199871,30259297.804085962
4303,0.0,31.644251771387058,968.355748228613,31.644251771387058,0.0,0.0,2060.1034420997257,120.6199871,30259297.804085962
4304,0.0,366.5360393342811,899.2481780455837,366.5360393342811,265.78421737986605,0.0,1125.722542218612,120.6199871,30259297.804085962
4305,0.0,1890.524654112345,0.0,1890.524654112345,890.524654112345,0.0,1125.7225422185968,120.6199871,30259297.804085962
4306,0.0,4052.427239622999,0.0,4052.4272396230244,1000.0,2052.427239622999,3100.978517631771,120.6199871,30259297.804085962
4307,0.0,3873.348170223746,0.0,5752.404398467737,1000.0,1873.3481702237457,4903.888796655104,120.6199871,30259297.804085962
4308,0.0,2000.0,0.0,6946.203985603009,1000.0,0.0,4903.888796655104,120.6199871,30259297.804085962
4309,0.0,5941.8547870314615,0.0,7612.043878579917,1000.0,3941.854787031462,8697.529843694183,120.6199871,30259297.804085962
4310,0.0,5941.8547870314615,0.0,7796.388261242123,1000.0,3941.854787031462,12491.170890733261,120.6199871,30259297.804085962
4311,0.0,5941.8547870314615,0.0,7366.071491900934,1000.0,3941.854787031462,16284.811937772341,120.6199871,30259297.804085962
4312,0.0,2000.0,0.0,6716.682340314374,1000.0,0.0,16284.811937772341,120.6209871,30259297.804085962
4313,0.0,5490.953847243477,0.0,5490.953847243506,1000.0,3490.953847243477,19644.505920359465,129.2659871,30259297.804085962
4314,0.0,3812.367395878924,0.0,3812.3673958789354,1000.0,1812.367395878924,21388.72830215334,129.2659871,30259297.804085962
4315,0.0,1879.838196167019,120.16180383298092,1879.838196167019,1000.0,0.0,21263.871897505596,129.2659871,30259297.804085962
4316,0.0,404.55540409967193,1595.444595900328,404.55540409967193,1000.0,0.0,19606.094885971586,129.9859871,30259297.804085962
4317,0.0,131.74826383871113,1868.2517361612888,131.74826383871113,1000.0,0.0,17664.852433601187,129.9859871,30259297.804085962
4318,0.0,0.0,2000.0,0.0,1000.0,0.0,15586.71444523876,129.2659871,30259297.804085962
4319,0.0,0.0,2000.0,0.0,1000.0,0.0,13508.576456876332,129.2659871,30259297.804085962
4320,0.0,0.0,2000.0,0.0,1000.0,0.0,11430.438468513905,126.1229871,30259297.804085962
4321,0.0,0.0,1000.0,0.0,0.0,0.0,10391.369474332692,112.7182429,30259297.804085962
4322,0.0,0.0,1000.0,0.0,0.0,0.0,9352.300480151478,112.7182429,30259297.804085962
4323,0.0,0.0,1000.0,0.0,0.0,0.0,8313.231485970264,112.7182429,30259297.804085962
4324,0.0,0.0,1000.0,0.0,0.0,0.0,7274.162491789051,112.7182429,30259297.804085962
4325,0.0,0.0,1000.0,0.0,0.0,0.0,6235.093497607837,112.7182429,30259297.804085962
4326,0.0,0.0,2000.0,0.0,1000.0,0.0,4156.95550924541,118.2212429,30259297.804085962
4327,0.0,31.021568674500173,1968.9784313254997,31.021568674500173,1000.0,0.0,2111.0510710435046,118.2212429,30259297.804085962
4328,0.0,369.99934856693085,948.2801761410956,369.99934856693085,318.279524708023,0.0,1125.7225422185968,112.7192429,30259297.804085962
4329,0.0,1964.6004383634324,0.0,1964.6004383634324,964.6004383634324,0.0,1125.7225422185968,112.7182429,30259297.804085962
4330,0.0,4000.1157862313594,0.0,4000.115786231369,1000.0,2000.1157862313594,3050.633974887657,112.7182429,30259297.804085962
4331,0.0,4129.627464694801,0.0,5698.675589761362,1000.0,2129.6274646948013,5100.187446909934,112.7182429,30259297.804085962
4332,0.0,2000.0,0.0,6707.9113683865935,1000.0,0.0,5100.187446909934,112.7182429,30259297.804085962
4333,0.0,5941.8547870314615,0.0,6871.363185539114,1000.0,3941.854787031462,8893.828493949013,112.7182429,30259297.804085962
4334,0.0,5941.8547870314615,0.0,7831.389083976852,1000.0,3941.854787031462,12687.469540988091,112.7182429,30259297.804085962
4335,0.0,5941.8547870314615,0.0,7470.670691588433,1000.0,3941.854787031462,16481.11058802717,112.7192429,30259297.804085962
4336,0.0,2000.0,0.0,6722.18568795863,1000.0,0.0,16481.11058802717,118.2212429,30259297.804085962
4337,0.0,5412.19903270335,0.0,5412.199032703392,1000.0,3412.19903270335,19765.010937100877,121.3642429,30259297.804085962
4338,0.0,3687.154369339639,0.0,3687.154369339638,1000.0,1687.1543693396388,21388.72830215334,121.3642429,30259297.804085962
4339,0.0,1858.886329114911,0.0,1858.886329114911,858.8863291149102,0.0,21388.728302153326,121.3642429,30259297.804085962
4340,0.0,452.69783398829367,1547.3021660117063,452.69783398829367,1000.0,0.0,19780.974596821125,122.0842429,30259297.804085962
4341,0.0,127.04550391860941,1359.0875379998056,127.04550391860941,486.1330419184145,0.0,18368.78887570745,121.3642429,30259297.804085962
4342,0.0,0.0,2000.0,0.0,1000.0,0.0,16290.650887345024,121.3642429,30259297.804085962
4343,0.0,0.0,2000.0,0.0,1000.0,0.0,14212.512898982595,121.3642429,30259297.804085962
4344,0.0,0.0,1000.0,0.0,0.0,0.0,13173.443904801381,119.1252429,30259297.804085962
4345,0.0,0.0,2000.0,0.0,1000.0,0.0,11095.305916438954,122.284311,30259297.804085962
4346,0.0,0.0,1000.0,0.0,0.0,0.0,10056.23692225774,116.782311,30259297.804085962
4347,0.0,0.0,1000.0,0.0,0.0,0.0,9017.167928076527,116.782311,30259297.804085962
4348,0.0,0.0,1000.0,0.0,0.0,0.0,7978.098933895314,116.782311,30259297.804085962
4349,0.0,0.0,2000.0,0.0,1000.0,0.0,5899.960945532886,122.189311,30259297.804085962
4350,0.0,0.0,2000.0,0.0,1000.0,0.0,3821.8229571704596,122.189311,30259297.804085962
4351,0.0,23.424807850165557,1976.5751921498345,23.424807850165557,1000.0,0.0,1768.0249603397915,122.284311,30259297.804085962
4352,0.0,381.84815280016505,618.151847199835,381.84815280016505,0.0,0.0,1125.7225422185968,116.782311,30259297.804085962
4353,0.0,1813.673483309502,0.0,1813.673483309502,813.6734833094961,0.0,1125.7225422185968,116.782311,30259297.804085962
4354,0.0,3861.9508994457183,0.0,3861.9508994457206,1000.0,1861.9508994457183,2917.6640878451562,116.782311,30259297.804085962
4355,0.0,4327.599754201093,0.0,5518.624771728619,1000.0,2327.5997542010928,5157.746091288288,116.782311,30259297.804085962
4356,0.0,2000.0,0.0,6506.730789942106,1000.0,0.0,5157.746091288288,116.782311,30259297.804085962
4357,0.0,5941.8547870314615,0.0,7381.81653028853,1000.0,3941.854787031462,8951.387138327367,116.782311,30259297.804085962
4358,0.0,5941.8547870314615,0.0,7889.39365445557,1000.0,3941.854787031462,12745.028185366446,116.782311,30259297.804085962
4359,0.0,5941.8547870314615,0.0,7616.052789045173,1000.0,3941.854787031462,16538.669232405526,116.782311,30259297.804085962
4360,0.0,2000.0,0.0,6801.284458205378,1000.0,0.0,16538.669232405526,116.782311,30259297.804085962
4361,0.0,5262.167561362609,0.0,5262.16756136265,1000.0,3262.1675613626094,19678.1792934609,122.284311,30259297.804085962
4362,0.0,3777.3784379597246,0.0,3777.3784379597446,1000.0,1777.3784379597246,21388.72830215334,122.285311,30259297.804085962
4363,0.0,1853.1754204383583,146.8245795616417,1853.1754204383583,1000.0,0.0,21236.167433947136,122.286311,30259297.804085962
4364,0.0,447.485078549829,1552.514921450171,447.485078549829,1000.0,0.0,19622.99731606459,124.782311,30259297.804085962
4365,0.0,124.88686242215621,1875.1131375778439,124.88686242215621,1000.0,0.0,17674.625394225586,122.286311,30259297.804085962
4366,0.0,0.0,2000.0,0.0,1000.0,0.0,15596.48740586316,122.286311,30259297.804085962
4367,0.0,0.0,2000.0,0.0,1000.0,0.0,13518.34941750073,122.285311,30259297.804085962
4368,0.0,0.0,2000.0,0.0,1000.0,0.0,11440.211429138304,122.284311,30259297.804085962
4369,0.0,0.0,2000.0,0.0,1000.0,0.0,9362.07344077586,103.1336059,30259297.804085962
4370,0.0,0.0,1000.0,0.0,0.0,0.0,8323.004446594645,103.1336059,30259297.804085962
4371,0.0,0.0,1306.4129176176434,0.0,306.4129176176434,0.0,6965.551290300336,103.1336059,30259297.804085962
4372,0.0,0.0,2000.0,0.0,1000.0,0.0,4887.41330193791,103.1336059,30259297.804085962
4373,0.0,0.0,1000.0,0.0,0.0,0.0,3848.3443077566963,103.1336059,30259297.804085962
4374,0.0,0.0,1000.0,0.0,0.0,0.0,2809.275313575483,103.1336059,30259297.804085962
4375,0.0,20.12161165529439,979.8783883447057,20.12161165529439,0.0,0.0,1791.1140621782408,103.1336059,30259297.804085962
4376,0.0,359.62720119084025,640.3727988091614,359.62720119084025,0.0,0.0,1125.7225422185968,103.1336059,30259297.804085962
4377,0.0,1802.4236438097118,0.0,1802.4236438097118,802.4236438097087,0.0,1125.7225422185968,103.1336059,30259297.804085962
4378,0.0,3975.6294435886593,0.0,3975.629443588651,1000.0,1975.6294435886593,3027.0683187283225,103.1336059,30259297.804085962
4379,0.0,4205.274790524381,0.0,5471.324439517085,1000.0,2205.2747905243814,5149.424777128987,103.1336059,30259297.804085962
4380,0.0,2000.0,0.0,6299.115785693561,1000.0,0.0,5149.424777128987,103.1336059,30259297.804085962
4381,0.0,5941.8547870314615,0.0,6860.688592409327,1000.0,3941.854787031462,8943.065824168067,103.1336059,30259297.804085962
4382,0.0,5941.8547870314615,0.0,7904.332167077428,1000.0,3941.854787031462,12736.706871207145,103.1336059,30259297.804085962
4383,0.0,5941.8547870314615,0.0,7491.841984488374,1000.0,3941.854787031462,16530.347918246225,103.1336059,30259297.804085962
4384,0.0,2000.0,0.0,6535.777548521374,1000.0,0.0,16530.347918246225,103.1336059,30259297.804085962
4385,0.0,5276.619774294327,0.0,5276.619774294325,1000.0,3276.619774294327,19683.766789027086,103.1336059,30259297.804085962
4386,0.0,3771.572644561779,0.0,3771.572644561789,1000.0,1771.5726445617788,21388.72830215334,107.6326059,30259297.804085962
4387,0.0,1750.0706691974926,249.92933080250737,1750.0706691974926,1000.0,0.0,21129.034483779986,108.3526059,30259297.804085962
4388,0.0,365.6820768416556,1634.3179231583445,365.6820768416556,1000.0,0.0,19430.865403191514,108.3526059,30259297.804085962
4389,0.0,115.49321866512085,1884.5067813348792,115.49321866512085,1000.0,0.0,17472.73283738219,108.3526059,30259297.804085962
4390,0.0,0.0,2000.0,0.0,1000.0,0.0,15394.594849019764,108.3526059,30259297.804085962
4391,0.0,0.0,2000.0,0.0,1000.0,0.0,13316.456860657336,107.6326059,30259297.804085962
4392,0.0,0.0,2000.0,0.0,1000.0,0.0,11238.318872294909,107.6326059,30259297.804085962
4393,0.0,0.0,1000.0,0.0,0.0,0.0,10199.249878113696,101.843419,30259297.804085962
4394,0.0,0.0,1000.0,0.0,0.0,0.0,9160.180883932482,101.843419,30259297.804085962
4395,0.0,0.0,1000.0,0.0,0.0,0.0,8121.111889751269,101.843419,30259297.804085962
4396,0.0,0.0,1000.0,0.0,0.0,0.0,7082.042895570055,101.843419,30259297.804085962
4397,0.0,0.0,1000.0,0.0,0.0,0.0,6042.973901388841,104.471419,30259297.804085962
4398,0.0,0.0,2000.0,0.0,1000.0,0.0,3964.8359130264143,105.492419,30259297.804085962
4399,0.0,15.994109372824754,1984.0058906271752,15.994109372824754,1000.0,0.0,1903.316907802844,105.492419,30259297.804085962
4400,0.0,344.5167107156679,748.3568174382672,344.5167107156679,92.87352815393388,0.0,1125.7225422185968,105.436419,30259297.804085962
4401,0.0,1694.4678731588713,0.0,1694.4678731588713,694.4678731588647,0.0,1125.7225422185968,104.471419,30259297.804085962
4402,0.0,3527.4801719889797,0.0,3527.4801719890024,1000.0,1527.4801719889797,2595.769459740791,101.843419,30259297.804085962
4403,0.0,3885.013131788104,0.0,5297.58350616197,1000.0,1885.0131317881044,4409.906097773663,101.843419,30259297.804085962
4404,0.0,2000.0,0.0,6409.2657810198325,1000.0,0.0,4409.906097773663,104.471419,30259297.804085962
4405,0.0,5941.8547870314615,0.0,7556.002242113263,1000.0,3941.854787031462,8203.547144812743,104.471419,30259297.804085962
4406,0.0,5941.8547870314615,0.0,7785.494242264503,1000.0,3941.854787031462,11997.18819185182,104.471419,30259297.804085962
4407,0.0,5941.8547870314615,0.0,7533.146742591514,1000.0,3941.854787031462,15790.8292388909,105.492419,30259297.804085962
4408,0.0,5941.8547870314615,0.0,6553.847279484786,1000.0,3941.854787031462,19584.47028592998,105.492419,30259297.804085962
4409,0.0,2000.0,0.0,5283.712455106618,1000.0,0.0,19584.47028592998,106.342419,30259297.804085962
4410,0.0,3874.748562160603,0.0,3874.7485621606147,1000.0,1874.748562160603,21388.72830215334,107.062419,30259297.804085962
4411,0.0,1877.513503591203,0.0,1877.513503591203,877.5135035912031,0.0,21388.72830215334,108.408419,30259297.804085962
4412,0.0,386.8711500634551,613.1288499365448,386.8711500634551,0.0,0.0,20751.64512474629,108.408419,30259297.804085962
4413,0.0,105.90386742369574,894.0961325763043,105.90386742369574,0.0,0.0,19822.617555568915,108.407419,30259297.804085962
4414,0.0,0.0,1000.0,0.0,0.0,0.0,18783.548561387703,108.407419,30259297.804085962
4415,0.0,0.0,1000.0,0.0,0.0,0.0,17744.479567206487,107.062419,30259297.804085962
4416,0.0,0.0,1000.0,0.0,0.0,0.0,16705.410573025274,105.492419,30259297.804085962
4417,0.0,0.0,2000.0,0.0,1000.0,0.0,14627.272584662847,111.2783289,30259297.804085962
4418,0.0,0.0,2000.0,0.0,1000.0,0.0,12549.134596300422,111.2783289,30259297.804085962
4419,0.0,0.0,2000.0,0.0,1000.0,0.0,10470.996607937996,111.2783289,30259297.804085962
4420,0.0,0.0,1164.3695995347734,0.0,164.36959953477333,0.0,9261.13625929422,111.2783289,30259297.804085962
4421,0.0,0.0,2000.0,0.0,1000.0,0.0,7182.998270931794,113.9063289,30259297.804085962
4422,0.0,0.0,2000.0,0.0,1000.0,0.0,5104.860282569367,114.7773289,30259297.804085962
4423,0.0,18.111229648713948,1981.888770351286,18.111229648713948,1000.0,0.0,3045.5411113814043,114.7773289,30259297.804085962
4424,0.0,322.426227006726,1677.573772993274,322.426227006726,1000.0,0.0,1302.4262184124964,114.7773289,30259297.804085962
4425,0.0,1829.9403820309983,170.0596179690017,1829.9403820309983,1000.0,0.0,1125.7225422185968,113.9063289,30259297.804085962
4426,0.0,4013.1565818899144,0.0,4013.156581889907,1000.0,2013.1565818899144,3063.1844366294504,111.2783289,30259297.804085962
4427,0.0,3906.670701842955,0.0,5604.958544235948,1000.0,1906.6707018429552,4898.16432008311,111.2783289,30259297.804085962
4428,0.0,2000.0,0.0,6741.399962352829,1000.0,0.0,4898.16432008311,111.2783289,30259297.804085962
4429,0.0,5941.8547870314615,0.0,7613.532400252599,1000.0,3941.854787031462,8691.80536712219,111.2783289,30259297.804085962
4430,0.0,5941.8547870314615,0.0,7711.448114418444,1000.0,3941.854787031462,12485.44641416127,113.9063289,30259297.804085962
4431,0.0,5941.8547870314615,0.0,7581.063831125982,1000.0,3941.854787031462,16279.087461200348,114.7773289,30259297.804085962
4432,0.0,2000.0,0.0,6643.270749113106,1000.0,0.0,16279.087461200348,116.4973289,30259297.804085962
4433,0.0,5519.200018098605,0.0,5519.20001809862,1000.0,3519.200018098605,19665.965558618445,116.4973289,30259297.804085962
4434,0.0,3790.0693511376735,0.0,3790.069351137698,1000.0,1790.0693511376735,21388.72830215334,117.8423289,30259297.804085962
4435,0.0,1817.8484335864887,182.15156641351132,1817.8484335864887,1000.0,0.0,21199.46025725153,125.7773289,30259297.804085962
4436,0.0,370.26622240928054,1629.7337775907195,370.26622240928054,1000.0,0.0,19506.05442018718,195.7773289,30259297.804085962
4437,0.0,129.98695281735922,1870.0130471826408,129.98695281735922,1000.0,0.0,17562.981844145368,117.8433289,30259297.804085962
4438,0.0,0.0,2000.0,0.0,1000.0,0.0,15484.843855782941,117.8433289,30259297.804085962
4439,0.0,0.0,2000.0,0.0,1000.0,0.0,13406.705867420513,117.8433289,30259297.804085962
4440,0.0,0.0,2000.0,0.0,1000.0,0.0,11328.567879058086,116.4973289,30259297.804085962
4441,0.0,0.0,1000.0,0.0,0.0,0.0,10289.498884876872,113.4875453,30259297.804085962
4442,0.0,0.0,1146.3947758280362,0.0,146.3947758280363,0.0,9098.315618222636,113.4875453,30259297.804085962
4443,0.0,0.0,1000.0,0.0,0.0,0.0,8059.246624041422,113.4875453,30259297.804085962
4444,0.0,0.0,1000.0,0.0,0.0,0.0,7020.177629860209,113.4875453,30259297.804085962
4445,0.0,0.0,1000.0,0.0,0.0,0.0,5981.108635678996,113.4875453,30259297.804085962
4446,0.0,0.0,2000.0,0.0,1000.0,0.0,3902.9706473165684,116.1155453,30259297.804085962
4447,0.0,16.462606205885933,1983.537393794114,16.462606205885933,1000.0,0.0,1841.9384426260926,116.1155453,30259297.804085962
4448,0.0,310.7138174478277,689.2861825521741,310.7138174478277,0.0,0.0,1125.7225422185968,113.4875453,30259297.804085962
4449,0.0,1841.3325542467082,0.0,1841.3325542467082,841.3325542467064,0.0,1125.7225422185968,113.4875453,30259297.804085962
4450,0.0,4024.9282929912056,0.0,4024.9282929912283,1000.0,2024.9282929912056,3074.5135313933333,113.4875453,30259297.804085962
4451,0.0,4368.329277201825,0.0,5682.533220898665,1000.0,2368.3292772018253,5353.79362777237,113.4875453,30259297.804085962
4452,0.0,2000.0,0.0,6914.174256904426,1000.0,0.0,5353.79362777237,113.4875453,30259297.804085962
4453,0.0,5941.8547870314615,0.0,7414.3859109105015,1000.0,3941.854787031462,9147.43467481145,113.4875453,30259297.804085962
4454,0.0,5941.8547870314615,0.0,7808.219273885868,1000.0,3941.854787031462,12941.075721850528,113.4875453,30259297.804085962
4455,0.0,5941.8547870314615,0.0,7409.125707477519,1000.0,3941.854787031462,16734.716768889608,116.1155453,30259297.804085962
4456,0.0,2000.0,0.0,6720.240534268426,1000.0,0.0,16734.716768889608,116.1155453,30259297.804085962
4457,0.0,5176.242972878316,0.0,5176.24297287833,1000.0,3176.2429728783163,19791.5330059877,116.4865453,30259297.804085962
4458,0.0,3659.596109897798,0.0,3659.5961098977878,1000.0,1659.5961098977982,21388.72830215334,120.6865453,30259297.804085962
4459,0.0,1820.1731261623045,179.82687383769553,1820.1731261623045,1000.0,0.0,21201.875773228057,120.6865453,30259297.804085962
4460,0.0,418.63994296127197,1581.360057038728,418.63994296127197,1000.0,0.0,19558.733569322474,127.9865453,30259297.804085962
4461,0.0,122.95357354748863,1877.0464264525115,122.95357354748863,1000.0,0.0,17608.352826957023,120.6865453,30259297.804085962
4462,0.0,0.0,2000.0,0.0,1000.0,0.0,15530.214838594597,120.6865453,30259297.804085962
4463,0.0,0.0,2000.0,0.0,1000.0,0.0,13452.076850232168,120.0515453,30259297.804085962
4464,0.0,0.0,2000.0,0.0,1000.0,0.0,11373.938861869741,116.4865453,30259297.804085962
4465,0.0,0.0,2000.0,0.0,1000.0,0.0,9295.800873507358,115.2131566,30259297.804085962
4466,0.0,0.0,1000.0,0.0,0.0,0.0,8256.731879326144,115.2131566,30259297.804085962
4467,0.0,0.0,1000.0,0.0,0.0,0.0,7217.6628851449295,115.2131566,30259297.804085962
4468,0.0,0.0,2000.0,0.0,1000.0,0.0,5139.524896782503,115.2131566,30259297.804085962
4469,0.0,0.0,1000.0,0.0,0.0,0.0,4100.455902601289,115.2131566,30259297.804085962
4470,0.0,0.0,1000.0,0.0,0.0,0.0,3061.386908420076,115.2131566,30259297.804085962
4471,0.0,9.731672689713779,1181.887813759295,9.731672689713779,191.61948644900895,0.0,1833.3239265421716,115.2131566,30259297.804085962
4472,0.0,319.00442772700904,680.9955722729937,319.00442772700904,0.0,0.0,1125.722542218612,115.2131566,30259297.804085962
4473,0.0,1742.4086800567818,0.0,1742.4086800567818,742.4086800567829,0.0,1125.7225422185968,115.2131566,30259297.804085962
4474,0.0,3535.1540259452477,0.0,3535.15402594525,1000.0,1535.1540259452477,2603.154776788303,115.2131566,30259297.804085962
4475,0.0,2000.0,0.0,5089.2331425056445,1000.0,0.0,2603.154776788303,115.2131566,30259297.804085962
4476,0.0,2000.0,0.0,6200.707856331212,1000.0,0.0,2603.154776788303,115.2131566,30259297.804085962
4477,0.0,5941.8547870314615,0.0,6922.57753222687,1000.0,3941.854787031462,6396.795823827382,115.2131566,30259297.804085962
4478,0.0,5941.8547870314615,0.0,7096.680224145737,1000.0,3941.854787031462,10190.436870866459,115.2131566,30259297.804085962
4479,0.0,5941.8547870314615,0.0,6043.388007961419,1000.0,3941.854787031462,13984.077917905539,115.2131566,30259297.804085962
4480,0.0,5941.8547870314615,0.0,5956.461197494599,1000.0,3941.854787031462,17777.71896494462,115.2131566,30259297.804085962
4481,0.0,4332.830301229033,0.0,5073.630436833968,1000.0,2332.830301229032,20022.83484684744,115.2131566,30259297.804085962
4482,0.0,3419.2575387634083,0.0,3419.257538763444,1000.0,1419.2575387634083,21388.72830215334,119.7121566,30259297.804085962
4483,0.0,1573.8627105506419,426.13728944935815,1573.8627105506419,1000.0,0.0,20945.942257422088,121.7771566,30259297.804085962
4484,0.0,435.9031368913134,1564.0968631086866,435.9031368913134,1000.0,0.0,19320.737703069746,121.7771566,30259297.804085962
4485,0.0,116.8512611697874,1883.1487388302126,116.8512611697874,1000.0,0.0,17364.016237119817,121.7771566,30259297.804085962
4486,0.0,0.0,2000.0,0.0,1000.0,0.0,15285.87824875739,120.2121566,30259297.804085962
4487,0.0,0.0,2000.0,0.0,1000.0,0.0,13207.740260394961,119.7121566,30259297.804085962
4488,0.0,0.0,2000.0,0.0,1000.0,0.0,11129.602272032535,115.2131566,30259297.804085962
4489,0.0,0.0,1000.0,0.0,0.0,0.0,10090.533277851271,110.2846785,30259297.804085962
4490,0.0,0.0,1977.6590256114087,0.0,977.6590256114088,0.0,8035.609103275826,110.2846785,30259297.804085962
4491,0.0,0.0,1000.0,0.0,0.0,0.0,6996.5401090946125,110.2846785,30259297.804085962
4492,0.0,0.0,2000.0,0.0,1000.0,0.0,4918.402120732185,110.2846785,30259297.804085962
4493,0.0,0.0,1000.0,0.0,0.0,0.0,3879.3331265509714,110.2846785,30259297.804085962
4494,0.0,0.0,1000.0,0.0,0.0,0.0,2840.264132369758,110.2846785,30259297.804085962
4495,0.0,9.749464279203751,990.2505357207962,9.749464279203751,0.0,0.0,1811.3255042309424,110.2846785,30259297.804085962
4496,0.0,340.1757093593186,659.8242906406813,340.1757093593186,0.0,0.0,1125.7225422185968,110.2846785,30259297.804085962
4497,0.0,1877.3355989639344,0.0,1877.3355989639344,877.335598963925,0.0,1125.7225422185968,110.2846785,30259297.804085962
4498,0.0,3835.6498822807807,0.0,3835.6498822808126,1000.0,1835.6498822807807,2892.3519889256204,110.2846785,30259297.804085962
4499,0.0,3843.1568456784285,0.0,5306.817025613595,1000.0,1843.1568456784285,4666.20613720654,110.2846785,30259297.804085962
4500,0.0,2000.0,0.0,6498.072505592851,1000.0,0.0,4666.20613720654,110.2846785,30259297.804085962
4501,0.0,5941.8547870314615,0.0,7153.765603815454,1000.0,3941.854787031462,8459.84718424562,110.2846785,30259297.804085962
4502,0.0,5941.8547870314615,0.0,7157.513578479944,1000.0,3941.854787031462,12253.488231284697,110.2846785,30259297.804085962
4503,0.0,5941.8547870314615,0.0,7022.159672692663,1000.0,3941.854787031462,16047.129278323777,110.2846785,30259297.804085962
4504,0.0,5941.8547870314615,0.0,6385.408048247956,1000.0,3941.854787031462,19840.770325362857,110.2846785,30259297.804085962
4505,0.0,2000.0,0.0,5128.023449857795,1000.0,0.0,19840.770325362857,114.7836785,30259297.804085962
4506,0.0,3608.4351379784794,0.0,3608.4351379785035,1000.0,1608.4351379784794,21388.72830215334,114.7836785,30259297.804085962
4507,0.0,1893.3059787056852,106.69402129431478,1893.3059787056852,1000.0,0.0,21277.865852761897,116.7836785,30259297.804085962
4508,0.0,406.29298548994973,1593.7070145100502,406.29298548994973,1000.0,0.0,19621.894308175397,116.8486785,30259297.804085962
4509,0.0,116.29974443086041,1883.7002555691397,116.29974443086041,1000.0,0.0,17664.59977828228,116.7836785,30259297.804085962
4510,0.0,0.0,2000.0,0.0,1000.0,0.0,15586.461789919857,116.7836785,30259297.804085962
4511,0.0,0.0,2000.0,0.0,1000.0,0.0,13508.32380155743,114.7836785,30259297.804085962
4512,0.0,0.0,1000.0,0.0,0.0,0.0,12469.254807376215,110.2846785,30259297.804085962
4513,0.0,0.0,1249.6003385642261,0.0,249.60033856422615,0.0,11170.833840455745,114.4742957,30259297.804085962
4514,0.0,0.0,2000.0,0.0,1000.0,0.0,9092.695852093319,114.4742957,30259297.804085962
4515,0.0,0.0,1000.0,0.0,0.0,0.0,8053.626857912104,114.4742957,30259297.804085962
4516,0.0,0.0,2000.0,0.0,1000.0,0.0,5975.488869549677,114.4742957,30259297.804085962
4517,0.0,0.0,1000.0,0.0,0.0,0.0,4936.419875368463,114.4742957,30259297.804085962
4518,0.0,0.0,2000.0,0.0,1000.0,0.0,2858.2818870060364,114.4742957,30259297.804085962
4519,0.0,8.432931727470088,991.5670682725299,8.432931727470088,0.0,0.0,1827.975290712884,114.4742957,30259297.804085962
4520,0.0,324.151954849098,675.848045150902,324.151954849098,0.0,0.0,1125.7225422185968,114.4732957,30259297.804085962
4521,0.0,1891.5090957729842,0.0,1891.5090957729842,891.5090957729844,0.0,1125.7225422185968,114.4732957,30259297.804085962
4522,0.0,3678.573178122282,0.0,3678.573178122295,1000.0,1678.5731781222821,2741.1813688434813,114.3812957,30259297.804085962
4523,0.0,4328.5663930045675,0.0,5506.432011788753,1000.0,2328.5663930045675,4982.193665471077,114.3812957,30259297.804085962
4524,0.0,2000.0,0.0,6520.145197712302,1000.0,0.0,4982.193665471077,114.4732957,30259297.804085962
4525,0.0,5941.8547870314615,0.0,7197.068890377269,1000.0,3941.854787031462,8775.834712510157,114.3812957,30259297.804085962
4526,0.0,5941.8547870314615,0.0,7025.937292494548,1000.0,3941.854787031462,12569.475759549234,114.4742957,30259297.804085962
4527,0.0,5941.8547870314615,0.0,6559.860633915038,1000.0,3941.854787031462,16363.116806588314,114.4732957,30259297.804085962
4528,0.0,5941.8547870314615,0.0,6124.414129041248,1000.0,3941.854787031462,20156.757853627394,114.4742957,30259297.804085962
4529,0.0,2000.0,0.0,5108.643124384233,1000.0,0.0,20156.757853627394,114.4752957,30259297.804085962
4530,0.0,3280.1022948108357,0.0,3280.102294810835,1000.0,1280.1022948108357,21388.72830215334,115.7522957,30259297.804085962
4531,0.0,1712.946788145291,287.05321185470893,1712.946788145291,1000.0,0.0,21090.460210034973,116.2522957,30259297.804085962
4532,0.0,414.4175446897684,1585.5824553102316,414.4175446897684,1000.0,0.0,19442.930643004387,116.2522957,30259297.804085962
4533,0.0,120.26713367555136,1879.7328663244487,120.26713367555136,1000.0,0.0,17489.75850426327,116.2522957,30259297.804085962
4534,0.0,0.0,2000.0,0.0,1000.0,0.0,15411.620515900844,116.2522957,30259297.804085962
4535,0.0,0.0,2000.0,0.0,1000.0,0.0,13333.482527538416,115.9082957,30259297.804085962
4536,0.0,0.0,2000.0,0.0,1000.0,0.0,11255.344539175989,115.7522957,30259297.804085962
4537,0.0,0.0,1000.0,0.0,0.0,0.0,10216.275544994753,108.1806812,30259297.804085962
4538,0.0,0.0,1000.0,0.0,0.0,0.0,9177.206550813538,108.1806812,30259297.804085962
4539,0.0,0.0,1078.8898007876794,0.0,78.88980078767945,0.0,8056.165610676715,108.1806812,30259297.804085962
4540,0.0,0.0,2000.0,0.0,1000.0,0.0,5978.027622314287,108.1806812,30259297.804085962
4541,0.0,0.0,1000.0,0.0,0.0,0.0,4938.958628133074,108.1806812,30259297.804085962
4542,0.0,0.0,2000.0,0.0,1000.0,0.0,2860.820639770647,108.1806812,30259297.804085962
4543,0.0,5.977771251271404,994.0222287487286,5.977771251271404,0.0,0.0,1827.9629623509372,108.1806812,30259297.804085962
4544,0.0,324.16381966463496,675.836180335365,324.16381966463496,0.0,0.0,1125.7225422185968,108.1776812,30259297.804085962
4545,0.0,1917.3949908733016,0.0,1917.3949908733016,917.3949908732902,0.0,1125.7225422185968,101.7046812,30259297.804085962
4546,0.0,3927.208275042134,0.0,3927.2082750421428,1000.0,1927.2082750421341,2980.4677861191467,101.7046812,30259297.804085962
4547,0.0,3701.089820499692,0.0,5063.044801651628,1000.0,1701.089820499692,4617.59662936805,101.7046812,30259297.804085962
4548,0.0,2000.0,0.0,6558.300957152028,1000.0,0.0,4617.59662936805,101.7046812,30259297.804085962
4549,0.0,5941.8547870314615,0.0,7603.017920160588,1000.0,3941.854787031462,8411.23767640713,101.7046812,30259297.804085962
4550,0.0,5941.8547870314615,0.0,7818.318631913287,1000.0,3941.854787031462,12204.878723446207,101.7046812,30259297.804085962
4551,0.0,5941.8547870314615,0.0,7419.877405006853,1000.0,3941.854787031462,15998.519770485287,108.1776812,30259297.804085962
4552,0.0,5941.8547870314615,0.0,6756.56381632884,1000.0,3941.854787031462,19792.160817524367,108.1806812,30259297.804085962
4553,0.0,2000.0,0.0,5265.980764343517,1000.0,0.0,19792.160817524367,108.1806812,30259297.804085962
4554,0.0,3658.94377039586,0.0,3658.9437703958743,1000.0,1658.9437703958602,21388.72830215334,109.9486812,30259297.804085962
4555,0.0,1720.2055200369473,279.7944799630527,1720.2055200369473,1000.0,0.0,21098.00253328066,110.0486812,30259297.804085962
4556,0.0,328.31505157817867,1671.6849484218214,328.31505157817867,1000.0,0.0,19361.006535336128,110.0486812,30259297.804085962
4557,0.0,116.73858485889461,1883.2614151411053,116.73858485889461,1000.0,0.0,17404.16799092517,110.0486812,30259297.804085962
4558,0.0,0.0,2000.0,0.0,1000.0,0.0,15326.030002562742,110.0486812,30259297.804085962
4559,0.0,0.0,2000.0,0.0,1000.0,0.0,13247.892014200313,110.0486812,30259297.804085962
4560,0.0,0.0,2000.0,0.0,1000.0,0.0,11169.754025837887,109.9486812,30259297.804085962
4561,0.0,0.0,1000.0,0.0,0.0,0.0,10130.685031656612,102.0334196,30259297.804085962
4562,0.0,0.0,1000.0,0.0,0.0,0.0,9091.616037475398,102.0334196,30259297.804085962
4563,0.0,0.0,1000.0,0.0,0.0,0.0,8052.547043294184,102.0334196,30259297.804085962
4564,0.0,0.0,1989.9644731297917,0.0,989.9644731297917,0.0,5984.836659742862,102.0334196,30259297.804085962
4565,0.0,0.0,1000.0,0.0,0.0,0.0,4945.767665561649,102.0334196,30259297.804085962
4566,0.0,0.0,1000.0,0.0,0.0,0.0,3906.6986713804354,102.0334196,30259297.804085962
4567,0.0,4.240189860993524,995.7598101390065,4.240189860993524,0.0,0.0,2872.0355270132213,102.0334196,30259297.804085962
4568,0.0,319.34838343364044,1680.6516165663616,319.34838343364044,1000.0,0.0,1125.7225422185816,102.0334196,30259297.804085962
4569,0.0,1915.2482141923854,0.0,1915.2482141923854,915.2482141923692,0.0,1125.7225422185968,102.0334196,30259297.804085962
4570,0.0,4010.3693305226116,0.0,4010.3693305226143,1000.0,2010.3693305226116,3060.501985913558,102.0334196,30259297.804085962
4571,0.0,4226.51723851468,0.0,5722.557029629051,1000.0,2226.5172385146802,5203.3021762600865,102.0334196,30259297.804085962
4572,0.0,2000.0,0.0,6881.3973152501585,1000.0,0.0,5203.3021762600865,102.0334196,30259297.804085962
4573,0.0,5941.8547870314615,0.0,7578.715420186723,1000.0,3941.854787031462,8996.943223299166,102.0334196,30259297.804085962
4574,0.0,5941.8547870314615,0.0,7843.647072233095,1000.0,3941.854787031462,12790.584270338244,102.0334196,30259297.804085962
4575,0.0,5941.8547870314615,0.0,7556.690164794157,1000.0,3941.854787031462,16584.225317377324,111.3774196,30259297.804085962
4576,0.0,2000.0,0.0,6653.998728278997,1000.0,0.0,16584.225317377324,111.3774196,30259297.804085962
4577,0.0,5336.207751167122,0.0,5336.207751167127,1000.0,3336.2077511671223,19794.991657100563,113.3774196,30259297.804085962
4578,0.0,3656.002332764733,0.0,3656.0023327647546,1000.0,1656.0023327647332,21388.72830215334,114.3774196,30259297.804085962
4579,0.0,1916.535090339092,83.464909660908,1916.535090339092,1000.0,0.0,21302.002502422554,116.3774196,30259297.804085962
4580,0.0,387.25661572301937,1612.7433842769806,387.25661572301937,1000.0,0.0,19626.250856249462,140.3774196,30259297.804085962
4581,0.0,114.7934424363211,1885.2065575636789,114.7934424363211,1000.0,0.0,17667.391174657954,116.3774196,30259297.804085962
4582,0.0,0.0,2000.0,0.0,1000.0,0.0,15589.253186295527,116.3774196,30259297.804085962
4583,0.0,0.0,2000.0,0.0,1000.0,0.0,13511.115197933099,113.3774196,30259297.804085962
4584,0.0,0.0,2000.0,0.0,1000.0,0.0,11432.977209570672,111.3774196,30259297.804085962
4585,0.0,0.0,1000.0,0.0,0.0,0.0,10393.908215389429,107.6605351,30259297.804085962
4586,0.0,0.0,2000.0,0.0,1000.0,0.0,8315.770227027002,107.6605351,30259297.804085962
4587,0.0,0.0,1000.0,0.0,0.0,0.0,7276.701232845789,107.6605351,30259297.804085962
4588,0.0,0.0,1000.0,0.0,0.0,0.0,6237.632238664575,107.6605351,30259297.804085962
4589,0.0,0.0,1000.0,0.0,0.0,0.0,5198.563244483362,107.6605351,30259297.804085962
4590,0.0,0.0,1236.1088376621306,0.0,236.1088376621306,0.0,3914.1608778352625,107.6605351,30259297.804085962
4591,0.0,2.022246822117453,997.9777531778825,2.022246822117453,0.0,0.0,2877.1931376254925,107.6605351,30259297.804085962
4592,0.0,314.38469898040427,1685.6153010195958,314.38469898040427,1000.0,0.0,1125.7225422185968,114.2935351,30259297.804085962
4593,0.0,1766.2189648341428,0.0,1766.2189648341428,766.2189648341352,0.0,1125.7225422185968,107.6605351,30259297.804085962
4594,0.0,3698.4931555192315,0.0,3698.493155519247,1000.0,1698.4931555192315,2760.3523550903055,107.6605351,30259297.804085962
4595,0.0,3781.256041045308,0.0,5473.915994667619,1000.0,1781.256041045308,4474.63316899231,107.6605351,30259297.804085962
4596,0.0,2000.0,0.0,6351.172241326033,1000.0,0.0,4474.63316899231,107.6605351,30259297.804085962
4597,0.0,5941.8547870314615,0.0,7166.42686058838,1000.0,3941.854787031462,8268.27421603139,107.6605351,30259297.804085962
4598,0.0,5941.8547870314615,0.0,7683.688220718249,1000.0,3941.854787031462,12061.915263070467,107.6605351,30259297.804085962
4599,0.0,5941.8547870314615,0.0,7416.046410436498,1000.0,3941.854787031462,15855.556310109547,121.0045351,30259297.804085962
4600,0.0,5941.8547870314615,0.0,6566.816908785365,1000.0,3941.854787031462,19649.197357148627,121.0045351,30259297.804085962
4601,0.0,2000.0,0.0,5327.015741668434,1000.0,0.0,19649.197357148627,166.0045351,30259297.804085962
4602,0.0,3807.492669373147,0.0,3807.4926693731495,1000.0,1807.4926693731468,21388.72830215334,166.0045351,30259297.804085962
4603,0.0,1824.0100475066126,175.98995249338736,1824.0100475066126,1000.0,0.0,21205.862599230022,758.8535351,30259297.804085962
4604,0.0,385.70880377554715,1614.291196224453,385.70880377554715,1000.0,0.0,19528.502669653477,805.0915351,30259297.804085962
4605,0.0,112.581426171398,1887.418573828602,112.581426171398,1000.0,0.0,17567.344550546462,166.0045351,30259297.804085962
4606,0.0,0.0,2000.0,0.0,1000.0,0.0,15489.206562184036,166.0045351,30259297.804085962
4607,0.0,0.0,2000.0,0.0,1000.0,0.0,13411.068573821607,166.0045351,30259297.804085962
4608,0.0,0.0,2000.0,0.0,1000.0,0.0,11332.93058545918,166.0045351,30259297.804085962
4609,0.0,0.0,1000.0,0.0,0.0,0.0,10293.861591277982,118.1715159,30259297.804085962
4610,0.0,0.0,1000.0,0.0,0.0,0.0,9254.79259709677,118.0825159,30259297.804085962
4611,0.0,0.0,1000.0,0.0,0.0,0.0,8215.723602915556,118.0825159,30259297.804085962
4612,0.0,0.0,1000.0,0.0,0.0,0.0,7176.654608734342,118.0825159,30259297.804085962
4613,0.0,0.0,1162.2821289033584,0.0,162.28212890335837,0.0,5968.96328609993,118.1715159,30259297.804085962
4614,0.0,0.0,2000.0,0.0,1000.0,0.0,3890.8252977375028,126.9505159,30259297.804085962
4615,0.0,0.5515212459794279,1999.4484787540205,0.5515212459794279,1000.0,0.0,1813.2603780014051,126.9505159,30259297.804085962
4616,0.0,338.31358684261096,661.6864131573893,338.31358684261096,0.0,0.0,1125.7225422185816,118.1715159,30259297.804085962
4617,0.0,1850.1331600442527,0.0,1850.1331600442527,850.133160044223,0.0,1125.7225422185968,118.1715159,30259297.804085962
4618,0.0,3778.392524757778,0.0,3778.3925247577795,1000.0,1778.3925247577781,2837.2475080454824,118.0825159,30259297.804085962
4619,0.0,3869.5112488793916,0.0,5397.622278645287,1000.0,1869.5112488793916,4636.465133967009,118.0825159,30259297.804085962
4620,0.0,2000.0,0.0,6339.673330841015,1000.0,0.0,4636.465133967009,118.1715159,30259297.804085962
4621,0.0,5941.8547870314615,0.0,6829.495045881511,1000.0,3941.854787031462,8430.10618100609,118.0825159,30259297.804085962
4622,0.0,5941.8547870314615,0.0,7165.626272864226,1000.0,3941.854787031462,12223.747228045166,118.1715159,30259297.804085962
4623,0.0,5941.8547870314615,0.0,7175.5002782698575,1000.0,3941.854787031462,16017.388275084246,126.9505159,30259297.804085962
4624,0.0,5941.8547870314615,0.0,6440.6075870375225,1000.0,3941.854787031462,19811.029322123326,126.9505159,30259297.804085962
4625,0.0,2000.0,0.0,5310.39302242477,1000.0,0.0,19811.029322123326,139.9505159,30259297.804085962
4626,0.0,3639.338092300516,0.0,3639.3380923005266,1000.0,1639.338092300516,21388.72830215334,149.9505159,30259297.804085962
4627,0.0,1795.8706261884395,204.12937381156053,1795.8706261884395,1000.0,0.0,21176.623799024113,1135.364516,30259297.804085962
4628,0.0,372.3477595061898,1627.6522404938103,372.3477595061898,1000.0,0.0,19485.380822617415,761.9505159,30259297.804085962
4629,0.0,117.88907759889665,1882.1109224011034,117.88907759889665,1000.0,0.0,17529.73771954062,761.9505159,30259297.804085962
4630,0.0,0.0,2000.0,0.0,1000.0,0.0,15451.599731178192,189.9505159,30259297.804085962
4631,0.0,0.0,2000.0,0.0,1000.0,0.0,13373.461742815765,139.9505159,30259297.804085962
4632,0.0,0.0,1000.0,0.0,0.0,0.0,12334.392748634551,126.9505159,30259297.804085962
4633,0.0,0.0,1000.0,0.0,0.0,0.0,11295.323754453337,138.3399905,30259297.804085962
4634,0.0,0.0,1000.0,0.0,0.0,0.0,10256.254760272124,138.3399905,30259297.804085962
4635,0.0,0.0,1000.0,0.0,0.0,0.0,9217.18576609091,138.3399905,30259297.804085962
4636,0.0,0.0,1000.0,0.0,0.0,0.0,8178.116771909697,138.3399905,30259297.804085962
4637,0.0,0.0,1000.0,0.0,0.0,0.0,7139.047777728483,138.3399905,30259297.804085962
4638,0.0,0.0,1978.2743723808592,0.0,978.2743723808592,0.0,5083.484215404213,138.4629905,30259297.804085962
4639,0.0,0.13046677361966513,1999.8695332263803,0.13046677361966513,1000.0,0.0,3005.481791021024,138.4629905,30259297.804085962
4640,0.0,315.04889203022407,1684.9511079697768,315.04889203022407,1000.0,0.0,1254.7013380183462,138.4629905,30259297.804085962
4641,0.0,1875.8708069223278,124.12919307767879,1875.8708069223278,1000.0,0.0,1125.7225422185968,138.4629905,30259297.804085962
4642,0.0,3951.2261208517866,0.0,3951.226120851799,1000.0,1951.2261208517866,3003.5825609263566,138.3399905,30259297.804085962
4643,0.0,3752.3278855509107,0.0,5663.431622815358,1000.0,1752.3278855509104,4690.022917980553,138.3399905,30259297.804085962
4644,0.0,2000.0,0.0,6524.776791274444,1000.0,0.0,4690.022917980553,138.4629905,30259297.804085962
4645,0.0,5941.8547870314615,0.0,7222.361758785728,1000.0,3941.854787031462,8483.663965019632,138.4629905,30259297.804085962
4646,0.0,5941.8547870314615,0.0,7780.269610742869,1000.0,3941.854787031462,12277.30501205871,143.3399905,30259297.804085962
4647,0.0,5941.8547870314615,0.0,7396.108630182425,1000.0,3941.854787031462,16070.94605909779,158.3399905,30259297.804085962
4648,0.0,2000.0,0.0,6782.479367834185,1000.0,0.0,16070.94605909779,158.3399905,30259297.804085962
4649,0.0,5617.097940674929,0.0,5617.097940674974,1000.0,3617.0979406749293,19552.041117203342,158.3399905,30259297.804085962
4650,0.0,3908.444705891522,0.0,3908.4447058915152,1000.0,1908.444705891522,21388.72830215334,198.3399905,30259297.804085962
4651,0.0,1879.9330808884217,120.06691911157827,1879.9330808884217,1000.0,0.0,21263.970489277614,291.2399905,30259297.804085962
4652,0.0,428.50208355136857,1571.4979164486315,428.50208355136857,1000.0,0.0,19631.07572987546,807.4269905,30259297.804085962
4653,0.0,109.60439409366822,1890.3956059063319,109.60439409366822,1000.0,0.0,17666.82426904179,807.4269905,30259297.804085962
4654,0.0,0.0,2000.0,0.0,1000.0,0.0,15588.686280679363,188.3399905,30259297.804085962
4655,0.0,0.0,2000.0,0.0,1000.0,0.0,13510.548292316935,158.3399905,30259297.804085962
4656,0.0,0.0,1000.0,0.0,0.0,0.0,12471.47929813572,143.3399905,30259297.804085962
4657,0.0,0.0,1000.0,0.0,0.0,0.0,11432.410303954508,142.3333771,30259297.804085962
4658,0.0,0.0,1000.0,0.0,0.0,0.0,10393.341309773294,142.3333771,30259297.804085962
4659,0.0,0.0,1000.0,0.0,0.0,0.0,9354.272315592081,142.3333771,30259297.804085962
4660,0.0,0.0,1000.0,0.0,0.0,0.0,8315.203321410867,142.3333771,30259297.804085962
4661,0.0,0.0,1233.3868146112218,0.0,233.38681461122178,0.0,7033.629324516417,152.3333771,30259297.804085962
4662,0.0,0.0,2000.0,0.0,1000.0,0.0,4955.491336153989,156.3333771,30259297.804085962
4663,0.0,0.0,2000.0,0.0,1000.0,0.0,2877.3533477915626,156.3333771,30259297.804085962
4664,0.0,314.2305127165785,1685.7694872834215,314.2305127165785,1000.0,0.0,1125.7225422185968,156.3333771,30259297.804085962
4665,0.0,1864.988641492612,0.0,1864.988641492612,864.9886414926128,0.0,1125.7225422185968,152.3333771,30259297.804085962
4666,0.0,3951.439619925656,0.0,3951.439619925679,1000.0,1951.4396199256562,3003.788032435048,142.3333771,30259297.804085962
4667,0.0,3821.2324017812107,0.0,5482.823361269734,1000.0,1821.2324017812107,4756.542095909285,142.3333771,30259297.804085962
4668,0.0,2000.0,0.0,6859.253445505115,1000.0,0.0,4756.542095909285,142.3333771,30259297.804085962
4669,0.0,5941.8547870314615,0.0,7453.277029758008,1000.0,3941.854787031462,8550.183142948365,109.6143771,30259297.804085962
4670,0.0,5941.8547870314615,0.0,7577.624240256774,1000.0,3941.854787031462,12343.824189987445,142.3333771,30259297.804085962
4671,0.0,5941.8547870314615,0.0,7309.561358601219,1000.0,3941.854787031462,16137.465237026523,152.3333771,30259297.804085962
4672,0.0,2000.0,0.0,6618.920812412356,1000.0,0.0,16137.465237026523,156.3333771,30259297.804085962
4673,0.0,5547.220836331916,0.0,5547.220836331947,1000.0,3547.220836331916,19551.31056991236,161.4563771,30259297.804085962
4674,0.0,3909.203794930366,0.0,3909.2037949303685,1000.0,1909.2037949303658,21388.72830215334,180.3333771,30259297.804085962
4675,0.0,1919.2511866160564,80.74881338394357,1919.2511866160564,1000.0,0.0,21304.82471384915,284.2333771,30259297.804085962
4676,0.0,393.175096699499,1606.8249033005009,393.175096699499,1000.0,0.0,19635.222777751376,800.4203771,30259297.804085962
4677,0.0,107.31529596446333,1892.6847040355367,107.31529596446333,1000.0,0.0,17668.59278602701,284.2333771,30259297.804085962
4678,0.0,0.0,1000.0,0.0,0.0,0.0,16629.523791845797,180.3333771,30259297.804085962
4679,0.0,0.0,1000.0,0.0,0.0,0.0,15590.454797664583,181.3333771,30259297.804085962
4680,0.0,0.0,1000.0,0.0,0.0,0.0,14551.385803483368,161.4563771,30259297.804085962
4681,0.0,0.0,2000.0,0.0,1000.0,0.0,12473.247815120914,185.0712173,30259297.804085962
4682,0.0,0.0,2000.0,0.0,1000.0,0.0,10395.109826758488,185.0712173,30259297.804085962
4683,0.0,0.0,2000.0,0.0,1000.0,0.0,8316.97183839606,185.0712173,30259297.804085962
4684,0.0,0.0,2000.0,0.0,1000.0,0.0,6238.833850033634,185.0712173,30259297.804085962
4685,0.0,0.0,2000.0,0.0,1000.0,0.0,4160.695861671207,185.0712173,30259297.804085962
4686,0.0,0.0,1213.0991631441839,0.0,213.09916314418388,0.0,2900.2021343809083,185.0712173,30259297.804085962
4687,0.0,0.0,1000.0,0.0,0.0,0.0,1861.1331401996947,165.9712173,30259297.804085962
4688,0.0,292.24084050299246,707.7591594970075,292.24084050299246,0.0,0.0,1125.7225422185968,165.9712173,30259297.804085962
4689,0.0,1887.5891432551794,0.0,1887.5891432551794,887.5891432551725,0.0,1125.7225422185968,157.0712173,30259297.804085962
4690,0.0,3976.5249160342087,0.0,3976.5249160342096,1000.0,1976.5249160342087,3027.9301214099196,157.0712173,30259297.804085962
4691,0.0,4012.7643612447127,0.0,5669.059511586044,1000.0,2012.7643612447125,4965.014542671831,157.0712173,30259297.804085962
4692,0.0,2000.0,0.0,6816.715174756107,1000.0,0.0,4965.014542671831,165.9712173,30259297.804085962
4693,0.0,5941.8547870314615,0.0,7618.395273210479,1000.0,3941.854787031462,8758.65558971091,165.9712173,30259297.804085962
4694,0.0,5941.8547870314615,0.0,7889.690173435316,1000.0,3941.854787031462,12552.29663674999,165.9712173,30259297.804085962
4695,0.0,5941.8547870314615,0.0,7606.445646214257,1000.0,3941.854787031462,16345.937683789069,165.9712173,30259297.804085962
4696,0.0,2000.0,0.0,6775.706935632712,1000.0,0.0,16345.937683789069,165.9712173,30259297.804085962
4697,0.0,5617.803643677717,0.0,5617.8036436777265,1000.0,3617.8036436777174,19827.711910464503,186.0712173,30259297.804085962
4698,0.0,3622.003732012508,0.0,3622.0037320125252,1000.0,1622.003732012508,21388.72830215334,266.0712173,30259297.804085962
4699,0.0,1897.2140664079532,102.78593359204683,1897.2140664079532,1000.0,0.0,21281.92662551988,332.1942173,30259297.804085962
4700,0.0,336.9911275169243,1663.0088724830757,336.9911275169243,1000.0,0.0,19553.945669074456,332.1942173,30259297.804085962
4701,0.0,101.23670195020506,1898.763298049795,101.23670195020506,1000.0,0.0,17580.999598781636,332.1942173,30259297.804085962
4702,0.0,0.0,2000.0,0.0,1000.0,0.0,15502.861610419212,266.0712173,30259297.804085962
4703,0.0,0.0,2000.0,0.0,1000.0,0.0,13424.723622056785,266.0712173,30259297.804085962
4704,0.0,0.0,1000.0,0.0,0.0,0.0,12385.65462787557,201.0712173,30259297.804085962
4705,0.0,0.0,1000.0,0.0,0.0,0.0,11346.585633694356,229.4933673,30259297.804085962
4706,0.0,0.0,1000.0,0.0,0.0,0.0,10307.516639513142,229.4933673,30259297.804085962
4707,0.0,0.0,2000.0,0.0,1000.0,0.0,8229.378651150715,229.4933673,30259297.804085962
4708,0.0,0.0,2000.0,0.0,1000.0,0.0,6151.240662788288,229.4933673,30259297.804085962
4709,0.0,0.0,2000.0,0.0,1000.0,0.0,4073.1026744258616,229.4933673,30259297.804085962
4710,0.0,0.0,1151.9870814197366,0.0,151.98708141973657,0.0,2876.108616425303,229.4933673,30259297.804085962
4711,0.0,0.0,1000.0,0.0,0.0,0.0,1837.0396222440893,194.4933673,30259297.804085962
4712,0.0,315.4284421834665,684.5715578165335,315.4284421834665,0.0,0.0,1125.7225422185968,170.4933673,30259297.804085962
4713,0.0,1749.9046181181295,0.0,1749.9046181181295,749.9046181181329,0.0,1125.7225422185968,117.7143673,30259297.804085962
4714,0.0,3819.6261277705817,0.0,3819.6261277705917,1000.0,1819.6261277705817,2876.9307275850047,117.6243673,30259297.804085962
4715,0.0,4329.669437750042,0.0,5501.34971298304,1000.0,2329.6694377500417,5119.004594475645,117.6243673,30259297.804085962
4716,0.0,2000.0,0.0,6507.228931912564,1000.0,0.0,5119.004594475645,170.4933673,30259297.804085962
4717,0.0,5941.8547870314615,0.0,7469.093223235934,1000.0,3941.854787031462,8912.645641514724,170.4933673,30259297.804085962
4718,0.0,5941.8547870314615,0.0,7760.889285269308,1000.0,3941.854787031462,12706.286688553802,170.4933673,30259297.804085962
4719,0.0,5941.8547870314615,0.0,7218.358786362055,1000.0,3941.854787031462,16499.927735592883,171.4933673,30259297.804085962
4720,0.0,2000.0,0.0,6283.934140128059,1000.0,0.0,16499.927735592883,171.4933673,30259297.804085962
4721,0.0,5251.018533358217,0.0,5251.018533358217,1000.0,3251.0185333582167,19628.707972096832,229.4933673,30259297.804085962
4722,0.0,3828.782554090304,0.0,3828.7825540903045,1000.0,1828.782554090304,21388.72830215334,272.4163673,30259297.804085962
4723,0.0,1896.9294122437448,103.07058775625524,1896.9294122437448,1000.0,0.0,21281.630850203786,299.4933673,30259297.804085962
4724,0.0,414.6903340384399,1585.30966596156,414.6903340384399,1000.0,0.0,19634.38473012735,344.4933673,30259297.804085962
4725,0.0,102.44055819104594,1897.559441808954,102.44055819104594,1000.0,0.0,17662.68954952786,339.4933673,30259297.804085962
4726,0.0,0.0,2000.0,0.0,1000.0,0.0,15584.551561165432,279.4933673,30259297.804085962
4727,0.0,0.0,1234.8871898318196,0.0,234.8871898318196,0.0,14301.418570899608,272.4163673,30259297.804085962
4728,0.0,0.0,1000.0,0.0,0.0,0.0,13262.349576718394,272.4163673,30259297.804085962
4729,0.0,0.0,2000.0,0.0,1000.0,0.0,11184.211588355967,279.9515368,30259297.804085962
4730,0.0,0.0,1000.0,0.0,0.0,0.0,10145.142594174753,269.9515368,30259297.804085962
4731,0.0,0.0,1000.0,0.0,0.0,0.0,9106.073599993539,219.9515368,30259297.804085962
4732,0.0,0.0,1000.0,0.0,0.0,0.0,8067.004605812326,219.9515368,30259297.804085962
4733,0.0,0.0,1000.0,0.0,0.0,0.0,7027.935611631113,269.9515368,30259297.804085962
4734,0.0,0.0,2000.0,0.0,1000.0,0.0,4949.797623268685,279.9515368,30259297.804085962
4735,0.0,0.0,2000.0,0.0,1000.0,0.0,2871.6596349062584,299.0745368,30259297.804085962
4736,0.0,319.7101419973929,1680.2898580026072,319.7101419973929,1000.0,0.0,1125.7225422185968,279.9515368,30259297.804085962
4737,0.0,1693.1216954697422,0.0,1693.1216954697422,693.1216954697302,0.0,1125.7225422185968,231.9145368,30259297.804085962
4738,0.0,3904.477316646833,0.0,3904.4773166468244,1000.0,1904.477316646833,2958.591511759509,219.9515368,30259297.804085962
4739,0.0,4664.899254245682,0.0,5579.197190262059,1000.0,2664.8992542456817,5523.290554045553,269.9515368,30259297.804085962
4740,0.0,2000.0,0.0,6763.122760724067,1000.0,0.0,5523.290554045553,279.9515368,30259297.804085962
4741,0.0,5941.8547870314615,0.0,7319.66664340259,1000.0,3941.854787031462,9316.931601084632,279.9515368,30259297.804085962
4742,0.0,5941.8547870314615,0.0,7521.985861039175,1000.0,3941.854787031462,13110.57264812371,279.9515368,30259297.804085962
4743,0.0,5941.8547870314615,0.0,7332.434649712457,1000.0,3941.854787031462,16904.21369516279,299.0745368,30259297.804085962
4744,0.0,2000.0,0.0,6523.6974648924015,1000.0,0.0,16904.21369516279,299.0745368,30259297.804085962
4745,0.0,5082.229419640737,0.0,5082.229419640801,1000.0,3082.2294196407374,19870.551288625036,319.9515368,30259297.804085962
4746,0.0,3577.4906624358932,0.0,3577.490662435916,1000.0,1577.4906624358932,21388.72830215334,336.9515368,30259297.804085962
4747,0.0,1818.4236799564897,181.57632004351035,1818.4236799564897,1000.0,0.0,21200.0579779186,336.9515368,30259297.804085962
4748,0.0,384.0067942966181,1615.9932057033818,384.0067942966181,1000.0,0.0,19520.929543064703,799.0385368,30259297.804085962
4749,0.0,99.7778366825516,1900.2221633174483,99.7778366825516,1000.0,0.0,17546.46761110559,339.9515368,30259297.804085962
4750,0.0,0.0,2000.0,0.0,1000.0,0.0,15468.329622743162,339.9515368,30259297.804085962
4751,0.0,0.0,2000.0,0.0,1000.0,0.0,13390.191634380733,336.9515368,30259297.804085962
4752,0.0,0.0,2000.0,0.0,1000.0,0.0,11312.053646018307,319.9515368,30259297.804085962
4753,0.0,0.0,1000.0,0.0,0.0,0.0,10272.98465183709,306.4912502,30259297.804085962
4754,0.0,0.0,2000.0,0.0,1000.0,0.0,8194.846663474664,306.4912502,30259297.804085962
4755,0.0,0.0,1000.0,0.0,0.0,0.0,7155.77766929345,280.3682502,30259297.804085962
4756,0.0,0.0,1000.0,0.0,0.0,0.0,6116.708675112237,280.3682502,30259297.804085962
4757,0.0,0.0,1094.8008789870235,0.0,94.80087898702345,0.0,4979.135026954482,306.4912502,30259297.804085962
4758,0.0,0.0,1000.0,0.0,0.0,0.0,3940.0660327732685,306.4912502,30259297.804085962
4759,0.0,0.0,2000.0,0.0,1000.0,0.0,1861.9280444108413,306.4912502,30259297.804085962
4760,0.0,291.47582469018573,708.5241753098162,291.47582469018573,0.0,0.0,1125.7225422185968,306.4912502,30259297.804085962
4761,0.0,1822.6994529964627,0.0,1822.6994529964627,822.6994529964568,0.0,1125.7225422185968,306.4912502,30259297.804085962
4762,0.0,3843.394891327367,0.0,3843.394891327389,1000.0,1843.394891327367,2899.8057856320547,280.3682502,30259297.804085962
4763,0.0,4243.76265212287,0.0,5487.846347265394,1000.0,2243.76265212287,5059.202962035105,280.3682502,30259297.804085962
4764,0.0,2000.0,0.0,6397.120457806854,1000.0,0.0,5059.202962035105,306.4912502,30259297.804085962
4765,0.0,5941.8547870314615,0.0,7404.239116156196,1000.0,3941.854787031462,8852.844009074184,280.3682502,30259297.804085962
4766,0.0,5941.8547870314615,0.0,7629.307083777591,1000.0,3941.854787031462,12646.485056113263,306.4912502,30259297.804085962
4767,0.0,5941.8547870314615,0.0,7360.164887007622,1000.0,3941.854787031462,16440.126103152343,330.3682502,30259297.804085962
4768,0.0,2000.0,0.0,6078.892899440556,1000.0,0.0,16440.126103152343,332.3682502,30259297.804085962
4769,0.0,5265.16237376223,0.0,5265.162373762239,1000.0,3265.1623737622303,19582.518371661114,332.3682502,30259297.804085962
4770,0.0,3876.77673575668,0.0,3876.776735756685,1000.0,1876.77673575668,21388.72830215334,335.3682502,30259297.804085962
4771,0.0,1855.5890709616237,144.41092903837625,1855.5890709616237,1000.0,0.0,21238.675383368645,335.3682502,30259297.804085962
4772,0.0,394.7881369633471,1605.2118630366529,394.7881369633471,1000.0,0.0,19570.74950739539,794.4552502,30259297.804085962
4773,0.0,86.96832041975225,1913.0316795802478,86.96832041975225,1000.0,0.0,17582.977604257147,335.3682502,30259297.804085962
4774,0.0,0.0,1848.8804586497522,0.0,848.8804586497522,0.0,15661.86324572665,332.3682502,30259297.804085962
4775,0.0,0.0,2000.0,0.0,1000.0,0.0,13583.725257364207,332.3682502,30259297.804085962
4776,0.0,0.0,1000.0,0.0,0.0,0.0,12544.656263182993,306.4912502,30259297.804085962
4777,0.0,0.0,1000.0,0.0,0.0,0.0,11505.58726900178,311.8430752,30259297.804085962
4778,0.0,0.0,1000.0,0.0,0.0,0.0,10466.518274820566,311.8430752,30259297.804085962
4779,0.0,0.0,1000.0,0.0,0.0,0.0,9427.449280639354,311.8430752,30259297.804085962
4780,0.0,0.0,1000.0,0.0,0.0,0.0,8388.38028645814,311.8430752,30259297.804085962
4781,0.0,0.0,1000.0,0.0,0.0,0.0,7349.311292276926,311.8430752,30259297.804085962
4782,0.0,0.0,2000.0,0.0,1000.0,0.0,5271.173303914498,334.8430752,30259297.804085962
4783,0.0,0.0,2000.0,0.0,1000.0,0.0,3193.0353155520716,334.8430752,30259297.804085962
4784,0.0,299.4343328106417,1700.5656671893582,299.4343328106417,1000.0,0.0,1426.0302582065196,334.8430752,30259297.804085962
4785,0.0,1710.9838541332276,289.0161458667724,1710.9838541332276,1000.0,0.0,1125.7225422185968,334.8430752,30259297.804085962
4786,0.0,3575.1185331332017,0.0,3575.118533133214,1000.0,1575.1185331332017,2641.61661850599,311.8430752,30259297.804085962
4787,0.0,3817.48443838435,0.0,5418.040409280327,1000.0,1817.48443838435,4390.7636420070885,311.8430752,30259297.804085962
4788,0.0,2000.0,0.0,6624.234390613807,1000.0,0.0,4390.7636420070885,334.8430752,30259297.804085962
4789,0.0,5941.8547870314615,0.0,7231.613081094473,1000.0,3941.854787031462,8184.404689046168,311.8430752,30259297.804085962
4790,0.0,5941.8547870314615,0.0,7507.005838464384,1000.0,3941.854787031462,11978.045736085245,334.8430752,30259297.804085962
4791,0.0,5941.8547870314615,0.0,7276.398940019754,1000.0,3941.854787031462,15771.686783124325,338.8430752,30259297.804085962
4792,0.0,5941.8547870314615,0.0,6586.286192206376,1000.0,3941.854787031462,19565.327830163405,339.9660752,30259297.804085962
4793,0.0,2000.0,0.0,5333.0409609142225,1000.0,0.0,19565.327830163405,339.9660752,30259297.804085962
4794,0.0,3894.6388944201344,0.0,3894.6388944201703,1000.0,1894.6388944201344,21388.72830215334,339.9660752,30259297.804085962
4795,0.0,1867.764039311999,0.0,1867.764039311999,867.7640393119991,0.0,21388.72830215334,341.8430752,30259297.804085962
4796,0.0,438.1744546986594,1561.8255453013405,438.1744546986594,1000.0,0.0,19765.88380371055,389.8430752,30259297.804085962
4797,0.0,91.80747501418973,1908.1925249858102,91.80747501418973,1000.0,0.0,17783.140116069433,353.8430752,30259297.804085962
4798,0.0,0.0,1000.0,0.0,0.0,0.0,16744.07112188822,339.9660752,30259297.804085962
4799,0.0,0.0,1000.0,0.0,0.0,0.0,15705.002127707006,339.9660752,30259297.804085962
4800,0.0,0.0,1000.0,0.0,0.0,0.0,14665.933133525792,334.8430752,30259297.804085962
4801,0.0,0.0,1000.0,0.0,0.0,0.0,13626.864139344578,347.2208379,30259297.804085962
4802,0.0,0.0,2000.0,0.0,1000.0,0.0,11548.726150982153,347.2208379,30259297.804085962
4803,0.0,0.0,2000.0,0.0,1000.0,0.0,9470.588162619726,347.2208379,30259297.804085962
4804,0.0,0.0,2000.0,0.0,1000.0,0.0,7392.450174257298,347.2208379,30259297.804085962
4805,0.0,0.0,1327.170508147394,0.0,327.17050814739395,0.0,6013.428449249615,347.2208379,30259297.804085962
4806,0.0,0.0,2000.0,0.0,1000.0,0.0,3935.290460887188,354.1908379,30259297.804085962
4807,0.0,0.0,2000.0,0.0,1000.0,0.0,1857.152472524761,354.1908379,30259297.804085962
4808,0.0,296.07183507334764,703.9281649266522,296.07183507334764,0.0,0.0,1125.7225422185968,347.2208379,30259297.804085962
4809,0.0,1746.9453888975208,0.0,1746.9453888975208,746.9453888975078,0.0,1125.7225422185968,347.2208379,30259297.804085962
4810,0.0,3724.5806848778884,0.0,3724.580684877907,1000.0,1724.5806848778884,2785.4589933450766,308.9908379,30259297.804085962
4811,0.0,3730.1306523049884,0.0,5396.981803958911,1000.0,1730.1306523049884,4450.536733123397,347.2208379,30259297.804085962
4812,0.0,2000.0,0.0,6799.179180209763,1000.0,0.0,4450.536733123397,347.2208379,30259297.804085962
4813,0.0,5941.8547870314615,0.0,7169.154821680882,1000.0,3941.854787031462,8244.177780162478,347.2208379,30259297.804085962
4814,0.0,5941.8547870314615,0.0,7386.8513810997265,1000.0,3941.854787031462,12037.818827201554,347.2208379,30259297.804085962
4815,0.0,5941.8547870314615,0.0,7042.453273468904,1000.0,3941.854787031462,15831.459874240634,354.1908379,30259297.804085962
4816,0.0,5941.8547870314615,0.0,6229.054838681681,1000.0,3941.854787031462,19625.100921279714,354.1908379,30259297.804085962
4817,0.0,2000.0,0.0,5341.972034612149,1000.0,0.0,19625.100921279714,360.0908379,30259297.804085962
4818,0.0,3832.5305287548117,0.0,3832.530528754794,1000.0,1832.5305287548117,21388.72830215334,360.0908379,30259297.804085962
4819,0.0,1935.879832633674,64.12016736632609,1935.879832633674,1000.0,0.0,21322.103024341268,415.0908379,30259297.804085962
4820,0.0,400.51091045543694,1599.489089544563,400.51091045543694,1000.0,0.0,19660.123504864372,415.0908379,30259297.804085962
4821,0.0,87.4427440267664,1912.5572559732336,87.4427440267664,1000.0,0.0,17672.84456058628,390.0908379,30259297.804085962
4822,0.0,0.0,2000.0,0.0,1000.0,0.0,15594.706572223853,375.0908379,30259297.804085962
4823,0.0,0.0,2000.0,0.0,1000.0,0.0,13516.568583861424,360.0908379,30259297.804085962
4824,0.0,0.0,2000.0,0.0,1000.0,0.0,11438.430595498998,354.1908379,30259297.804085962
4825,0.0,0.0,1000.0,0.0,0.0,0.0,10399.36160131778,347.8728021,30259297.804085962
4826,0.0,0.0,1217.2622373380048,0.0,217.2622373380047,0.0,9134.542152712205,347.8728021,30259297.804085962
4827,0.0,0.0,2000.0,0.0,1000.0,0.0,7056.4041643497785,347.8728021,30259297.804085962
4828,0.0,0.0,1000.0,0.0,0.0,0.0,6017.335170168564,330.1428021,30259297.804085962
4829,0.0,0.0,1000.0,0.0,0.0,0.0,4978.266175987351,330.1428021,30259297.804085962
4830,0.0,0.0,1000.0,0.0,0.0,0.0,3939.1971818061375,347.8728021,30259297.804085962
4831,0.0,0.0,2000.0,0.0,1000.0,0.0,1861.0591934437089,347.8728021,30259297.804085962
4832,0.0,292.3120068609523,707.6879931390476,292.3120068609523,0.0,0.0,1125.7225422185968,339.1428021,30259297.804085962
4833,0.0,1795.443639308311,0.0,1795.443639308311,795.4436393083015,0.0,1125.7225422185968,330.1428021,30259297.804085962
4834,0.0,3894.876111857492,0.0,3894.8761118574926,1000.0,1894.876111857492,2949.351312270247,330.1428021,30259297.804085962
4835,0.0,4553.397143188655,0.0,5565.1185781744125,1000.0,2553.3971431886544,5406.740722875008,330.1428021,30259297.804085962
4836,0.0,2000.0,0.0,6800.056872333462,1000.0,0.0,5406.740722875008,330.1428021,30259297.804085962
4837,0.0,5941.8547870314615,0.0,7344.9773034005375,1000.0,3941.854787031462,9200.381769914087,330.1428021,30259297.804085962
4838,0.0,5941.8547870314615,0.0,7201.5462864079545,1000.0,3941.854787031462,12994.022816953166,330.1428021,30259297.804085962
4839,0.0,5941.8547870314615,0.0,6521.609989753909,1000.0,3941.854787031462,16787.663863992246,347.8728021,30259297.804085962
4840,0.0,2000.0,0.0,6138.901936419533,1000.0,0.0,16787.663863992246,347.8728021,30259297.804085962
4841,0.0,5236.963650901639,0.0,5236.963650901644,1000.0,3236.963650901639,19902.917681619983,354.1428021,30259297.804085962
4842,0.0,3543.8597470213617,0.0,3543.8597470213913,1000.0,1543.8597470213617,21388.72830215334,379.1428021,30259297.804085962
4843,0.0,1813.8217427993748,186.17825720062524,1813.8217427993748,1000.0,0.0,21195.27624770548,384.1428021,30259297.804085962
4844,0.0,406.0972892731912,1593.902710726809,406.0972892731912,1000.0,0.0,19539.10136124787,384.1428021,30259297.804085962
4845,0.0,81.12694384281659,1918.8730561571833,81.12694384281659,1000.0,0.0,17545.259864825188,384.1428021,30259297.804085962
4846,0.0,0.0,2000.0,0.0,1000.0,0.0,15467.121876462761,379.1428021,30259297.804085962
4847,0.0,0.0,2000.0,0.0,1000.0,0.0,13388.983888100332,379.1428021,30259297.804085962
4848,0.0,0.0,2000.0,0.0,1000.0,0.0,11310.845899737906,354.1428021,30259297.804085962
4849,0.0,0.0,2000.0,0.0,1000.0,0.0,9232.70791137546,346.4584321,30259297.804085962
4850,0.0,0.0,1000.0,0.0,0.0,0.0,8193.638917194246,346.4584321,30259297.804085962
4851,0.0,0.0,1000.0,0.0,0.0,0.0,7154.569923013033,325.4584321,30259297.804085962
4852,0.0,0.0,1000.0,0.0,0.0,0.0,6115.50092883182,325.4584321,30259297.804085962
4853,0.0,0.0,2000.0,0.0,1000.0,0.0,4037.362940469392,346.4584321,30259297.804085962
4854,0.0,0.0,1000.0,0.0,0.0,0.0,2998.2939462881786,346.4584321,30259297.804085962
4855,0.0,0.0,1103.1804472136557,0.0,103.18044721365564,0.0,1852.0133486015038,346.4584321,30259297.804085962
4856,0.0,301.01772793709387,698.9822720629061,301.01772793709387,0.0,0.0,1125.7225422185968,325.4584321,30259297.804085962
4857,0.0,1814.3139579958788,0.0,1814.3139579958788,814.3139579958661,0.0,1125.7225422185968,229.9234321,30259297.804085962
4858,0.0,3871.3860644233164,0.0,3871.3860644233205,1000.0,1871.3860644233164,2926.7444906195965,229.9234321,30259297.804085962
4859,0.0,3540.466764667369,0.0,5167.359335907288,1000.0,1540.466764667369,4409.289704935472,278.3584321,30259297.804085962
4860,0.0,2000.0,0.0,6556.883601837308,1000.0,0.0,4409.289704935472,304.3584321,30259297.804085962
4861,0.0,5941.8547870314615,0.0,7468.559498086497,1000.0,3941.854787031462,8202.930751974553,260.5044321,30259297.804085962
4862,0.0,5941.8547870314615,0.0,7599.7977438715825,1000.0,3941.854787031462,11996.571799013629,278.3584321,30259297.804085962
4863,0.0,5941.8547870314615,0.0,7150.747061784791,1000.0,3941.854787031462,15790.21284605271,325.4584321,30259297.804085962
4864,0.0,5941.8547870314615,0.0,6157.025030883786,1000.0,3941.854787031462,19583.85389309179,346.4584321,30259297.804085962
4865,0.0,2000.0,0.0,5527.170379766982,1000.0,0.0,19583.85389309179,346.4584321,30259297.804085962
4866,0.0,3875.389036847003,0.0,3875.3890368469915,1000.0,1875.389036847003,21388.72830215334,350.4584321,30259297.804085962
4867,0.0,1923.888706952151,76.1112930478489,1923.888706952151,1000.0,0.0,21309.64341744026,375.4584321,30259297.804085962
4868,0.0,390.2870225692191,1609.712977430781,390.2870225692191,1000.0,0.0,19637.040573060804,375.4584321,30259297.804085962
4869,0.0,86.17958624350264,1913.8204137564974,86.17958624350264,1000.0,0.0,17648.449120695368,375.4584321,30259297.804085962
4870,0.0,0.0,2000.0,0.0,1000.0,0.0,15570.311132332941,350.4584321,30259297.804085962
4871,0.0,0.0,2000.0,0.0,1000.0,0.0,13492.173143970513,346.4584321,30259297.804085962
4872,0.0,0.0,2000.0,0.0,1000.0,0.0,11414.035155608086,346.4584321,30259297.804085962
4873,0.0,0.0,1000.0,0.0,0.0,0.0,10374.966161426864,331.8599666,30259297.804085962
4874,0.0,0.0,1000.0,0.0,0.0,0.0,9335.89716724565,331.8599666,30259297.804085962
4875,0.0,0.0,2000.0,0.0,1000.0,0.0,7257.759178883223,366.8599666,30259297.804085962
4876,0.0,0.0,2000.0,0.0,1000.0,0.0,5179.621190520796,331.8599666,30259297.804085962
4877,0.0,0.0,1000.0,0.0,0.0,0.0,4140.552196339582,331.8599666,30259297.804085962
4878,0.0,0.0,1199.6076509744357,0.0,199.60765097443578,0.0,2894.077081029487,331.8599666,30259297.804085962
4879,0.0,0.0,1000.0,0.0,0.0,0.0,1855.0080868482728,331.8599666,30259297.804085962
4880,0.0,298.135591848398,701.864408151602,298.135591848398,0.0,0.0,1125.7225422185968,261.8599666,30259297.804085962
4881,0.0,1774.088515007149,0.0,1774.088515007149,774.0885150071408,0.0,1125.7225422185968,110.0809666,30259297.804085962
4882,0.0,3808.8032638833074,0.0,3808.803263883299,1000.0,1808.8032638833074,2866.514803379892,110.0809666,30259297.804085962
4883,0.0,3790.940277008154,0.0,5597.9014578702645,1000.0,1790.9402770081542,4590.11572597254,110.0809666,30259297.804085962
4884,0.0,2000.0,0.0,6855.013266911753,1000.0,0.0,4590.11572597254,259.7079666,30259297.804085962
4885,0.0,5941.8547870314615,0.0,7578.418901206978,1000.0,3941.854787031462,8383.756773011619,261.8599666,30259297.804085962
4886,0.0,5941.8547870314615,0.0,7781.870808726443,1000.0,3941.854787031462,12177.397820050697,261.8599666,30259297.804085962
4887,0.0,5941.8547870314615,0.0,7655.999504643648,1000.0,3941.854787031462,15971.038867089777,261.8599666,30259297.804085962
4888,0.0,2000.0,0.0,6922.5538138634265,1000.0,0.0,15971.038867089777,331.8599666,30259297.804085962
4889,0.0,5678.008376873427,0.0,5678.008376873461,1000.0,3678.0083768734266,19510.75412899276,366.8599666,30259297.804085962
4890,0.0,3951.3447352042595,0.0,3951.3447352042763,1000.0,1951.3447352042595,21388.72830215334,366.8599666,30259297.804085962
4891,0.0,1924.0903412104938,75.90965878950624,1924.0903412104938,1000.0,0.0,21309.852929346278,383.8599666,30259297.804085962
4892,0.0,336.14901857220474,1663.8509814277952,336.14901857220474,1000.0,0.0,19580.996963606667,383.8599666,30259297.804085962
4893,0.0,81.2396201537094,1918.7603798462906,81.2396201537094,1000.0,0.0,17587.272545645013,383.8599666,30259297.804085962
4894,0.0,0.0,2000.0,0.0,1000.0,0.0,15509.134557282587,383.8599666,30259297.804085962
4895,0.0,0.0,2000.0,0.0,1000.0,0.0,13430.996568920134,366.8599666,30259297.804085962
4896,0.0,0.0,1115.1775109367331,0.0,115.17751093673314,0.0,12272.250194297592,366.8599666,30259297.804085962
4897,0.0,0.0,2000.0,0.0,1000.0,0.0,10194.112205935166,376.5061013,30259297.804085962
4898,0.0,0.0,2000.0,0.0,1000.0,0.0,8115.974217572739,376.5061013,30259297.804085962
4899,0.0,0.0,2000.0,0.0,1000.0,0.0,6037.836229210311,376.5061013,30259297.804085962
4900,0.0,0.0,1000.0,0.0,0.0,0.0,4998.767235029098,336.5061013,30259297.804085962
4901,0.0,0.0,1000.0,0.0,0.0,0.0,3959.698240847884,336.5061013,30259297.804085962
4902,0.0,0.0,1000.0,0.0,0.0,0.0,2920.62924666667,336.5061013,30259297.804085962
4903,0.0,0.0,1000.0,0.0,0.0,0.0,1881.5602524854567,336.5061013,30259297.804085962
4904,0.0,272.58178763917516,727.4182123608248,272.58178763917516,0.0,0.0,1125.7225422185968,266.5061013,30259297.804085962
4905,0.0,1829.6853842718167,0.0,1829.6853842718167,829.6853842718119,0.0,1125.7225422185968,114.7271013,30259297.804085962
4906,0.0,3794.3688425410883,0.0,3794.3688425411146,1000.0,1794.3688425410883,2852.6231162801405,114.7271013,30259297.804085962
4907,0.0,3794.142650440007,0.0,5671.200361493008,1000.0,1794.1426504400072,4579.306003063603,114.7271013,30259297.804085962
4908,0.0,2000.0,0.0,6910.527105002924,1000.0,0.0,4579.306003063603,289.4061013,30259297.804085962
4909,0.0,5941.8547870314615,0.0,7488.3905288036285,1000.0,3941.854787031462,8372.947050102683,266.5061013,30259297.804085962
4910,0.0,5941.8547870314615,0.0,7738.775083196922,1000.0,3941.854787031462,12166.588097141761,266.5061013,30259297.804085962
4911,0.0,5941.8547870314615,0.0,7513.321638648335,1000.0,3941.854787031462,15960.229144180841,266.5061013,30259297.804085962
4912,0.0,2000.0,0.0,6905.349921475809,1000.0,0.0,15960.229144180841,315.4061013,30259297.804085962
4913,0.0,5695.135176129173,0.0,5695.135176129167,1000.0,3695.1351761291726,19516.427237687556,376.5061013,30259297.804085962
4914,0.0,3945.449983858879,0.0,3945.4499838588704,1000.0,1945.449983858879,21388.72830215334,392.4261013,30259297.804085962
4915,0.0,1935.0673800939815,64.93261990601854,1935.0673800939815,1000.0,0.0,21321.258830098035,393.5061013,30259297.804085962
4916,0.0,387.80814372957747,1612.1918562704225,387.80814372957747,1000.0,0.0,19646.08025957599,407.6171013,30259297.804085962
4917,0.0,74.45532313669841,1925.5446768633017,74.45532313669841,1000.0,0.0,17645.306488936636,393.5061013,30259297.804085962
4918,0.0,0.0,2000.0,0.0,1000.0,0.0,15567.16850057421,393.5061013,30259297.804085962
4919,0.0,0.0,2000.0,0.0,1000.0,0.0,13489.030512211782,392.4261013,30259297.804085962
4920,0.0,0.0,2000.0,0.0,1000.0,0.0,11410.892523849356,392.4261013,30259297.804085962
4921,0.0,0.0,1000.0,0.0,0.0,0.0,10371.823529668141,114.4992421,30259297.804085962
4922,0.0,0.0,1000.0,0.0,0.0,0.0,9332.754535486929,114.4992421,30259297.804085962
4923,0.0,0.0,1000.0,0.0,0.0,0.0,8293.685541305715,114.4992421,30259297.804085962
4924,0.0,0.0,1000.0,0.0,0.0,0.0,7254.616547124501,114.4992421,30259297.804085962
4925,0.0,0.0,1000.0,0.0,0.0,0.0,6215.547552943288,114.5902421,30259297.804085962
4926,0.0,0.0,1000.0,0.0,0.0,0.0,5176.478558762072,266.3692421,30259297.804085962
4927,0.0,0.0,1980.8244187052685,0.0,980.8244187052685,0.0,3118.2653223684174,266.3692421,30259297.804085962
4928,0.0,263.4609332308113,1736.5390667691886,263.4609332308113,1000.0,0.0,1313.8814209041739,270.6292421,30259297.804085962
4929,0.0,1818.9158951529937,181.0841048470063,1818.9158951529937,1000.0,0.0,1125.7225422185968,271.4152421,30259297.804085962
4930,0.0,3935.6115616322095,0.0,3935.6115616322168,1000.0,1935.6115616322095,2988.5551091334355,266.3692421,30259297.804085962
4931,0.0,3688.6894882599186,0.0,5650.070589813632,1000.0,1688.6894882599186,4613.749872634781,266.3692421,30259297.804085962
4932,0.0,2000.0,0.0,6865.207498392943,1000.0,0.0,4613.749872634781,266.3692421,30259297.804085962
4933,0.0,5941.8547870314615,0.0,7210.54261095752,1000.0,3941.854787031462,8407.39091967386,264.2172421,30259297.804085962
4934,0.0,5941.8547870314615,0.0,7858.959196966609,1000.0,3941.854787031462,12201.03196671294,266.3692421,30259297.804085962
4935,0.0,5941.8547870314615,0.0,7655.756360432372,1000.0,3941.854787031462,15994.673013752019,381.3692421,30259297.804085962
4936,0.0,2000.0,0.0,6896.679772311015,1000.0,0.0,15994.673013752019,388.0772421,30259297.804085962
4937,0.0,5655.2596268886255,0.0,5655.259626888653,1000.0,3655.2596268886255,19512.494878669633,388.0772421,30259297.804085962
4938,0.0,3949.535976188393,0.0,3949.5359761884074,1000.0,1949.5359761883929,21388.72830215334,388.3692421,30259297.804085962
4939,0.0,1885.5431780696188,114.45682193038124,1885.5431780696188,1000.0,0.0,21269.799767312943,429.3692421,30259297.804085962
4940,0.0,391.71623143184553,1608.2837685681545,391.71623143184553,1000.0,0.0,19598.681969548852,516.3692421,30259297.804085962
4941,0.0,70.719213287746,1929.280786712254,70.719213287746,1000.0,0.0,17594.026123006603,396.3692421,30259297.804085962
4942,0.0,0.0,2000.0,0.0,1000.0,0.0,15515.888134644176,388.3692421,30259297.804085962
4943,0.0,0.0,2000.0,0.0,1000.0,0.0,13437.750146281747,388.0772421,30259297.804085962
4944,0.0,0.0,2000.0,0.0,1000.0,0.0,11359.61215791932,381.3692421,30259297.804085962
4945,0.0,0.0,1000.0,0.0,0.0,0.0,10320.543163738106,186.7067506,30259297.804085962
4946,0.0,0.0,1000.0,0.0,0.0,0.0,9281.474169556892,254.5547506,30259297.804085962
4947,0.0,0.0,1000.0,0.0,0.0,0.0,8242.40517537568,254.5547506,30259297.804085962
4948,0.0,0.0,1000.0,0.0,0.0,0.0,7203.336181194465,261.7527506,30259297.804085962
4949,0.0,0.0,1000.0,0.0,0.0,0.0,6164.267187013252,279.6067506,30259297.804085962
4950,0.0,0.0,2000.0,0.0,1000.0,0.0,4086.1291986508245,305.7067506,30259297.804085962
4951,0.0,0.0,2000.0,0.0,1000.0,0.0,2007.9912102883973,325.6267506,30259297.804085962
4952,0.0,249.15697978900963,849.0953661503809,249.15697978900963,98.25234593938958,0.0,1125.7225422185968,304.7067506,30259297.804085962
4953,0.0,1806.7349887610342,0.0,1806.7349887610342,806.7349887610326,0.0,1125.7225422185968,304.7067506,30259297.804085962
4954,0.0,3888.862746159608,0.0,3888.8627461596107,1000.0,1888.862746159608,2943.5640491226036,186.7067506,30259297.804085962
4955,0.0,3890.089503819856,0.0,5631.390040568869,1000.0,1890.089503819856,4762.586187598833,304.7067506,30259297.804085962
4956,0.0,2000.0,0.0,6844.741931031018,1000.0,0.0,4762.586187598833,304.7067506,30259297.804085962
4957,0.0,5941.8547870314615,0.0,7560.491502959485,1000.0,3941.854787031462,8556.227234637912,261.7527506,30259297.804085962
4958,0.0,5941.8547870314615,0.0,7862.9503045747415,1000.0,3941.854787031462,12349.86828167699,304.7067506,30259297.804085962
4959,0.0,5941.8547870314615,0.0,7614.1195001705055,1000.0,3941.854787031462,16143.50932871607,325.6267506,30259297.804085962
4960,0.0,2000.0,0.0,6855.066630412591,1000.0,0.0,16143.50932871607,326.7067506,30259297.804085962
4961,0.0,5563.5351830479385,0.0,5563.53518304796,1000.0,3563.5351830479385,19573.055588881405,381.7067506,30259297.804085962
4962,0.0,3886.609219941741,0.0,3886.6092199417544,1000.0,1886.6092199417408,21388.72830215334,384.7067506,30259297.804085962
4963,0.0,1887.8204226509179,112.17957734908214,1887.8204226509179,1000.0,0.0,21272.165981549537,406.7067506,30259297.804085962
4964,0.0,370.97786345361726,1629.0221365463826,370.97786345361726,1000.0,0.0,19579.499588629347,406.7067506,30259297.804085962
4965,0.0,64.56945291552782,1935.4305470844722,64.56945291552782,1000.0,0.0,17568.4537167627,406.7067506,30259297.804085962
4966,0.0,0.0,2000.0,0.0,1000.0,0.0,15490.315728400272,384.7067506,30259297.804085962
4967,0.0,0.0,2000.0,0.0,1000.0,0.0,13412.177740037843,381.7067506,30259297.804085962
4968,0.0,0.0,2000.0,0.0,1000.0,0.0,11334.039751675416,325.6267506,30259297.804085962
4969,0.0,0.0,1091.8535033143046,0.0,91.85350331430452,0.0,10199.52863019337,290.7341119,30259297.804085962
4970,0.0,0.0,2000.0,0.0,1000.0,0.0,8121.3906418309425,290.7341119,30259297.804085962
4971,0.0,0.0,1000.0,0.0,0.0,0.0,7082.321647649729,290.7341119,30259297.804085962
4972,0.0,0.0,1000.0,0.0,0.0,0.0,6043.252653468516,290.7341119,30259297.804085962
4973,0.0,0.0,1000.0,0.0,0.0,0.0,5004.183659287302,290.7341119,30259297.804085962
4974,0.0,0.0,2000.0,0.0,1000.0,0.0,2926.045670924875,292.7271119,30259297.804085962
4975,0.0,0.0,1000.0,0.0,0.0,0.0,1886.9766767436613,290.7341119,30259297.804085962
4976,0.0,267.36902093307936,732.630979066922,267.36902093307936,0.0,0.0,1125.7225422185968,290.7341119,30259297.804085962
4977,0.0,1659.7042678614662,0.0,1659.7042678614662,659.7042678614525,0.0,1125.7225422185968,262.7271119,30259297.804085962
4978,0.0,3687.5101785941733,0.0,3687.510178594175,1000.0,1687.5101785941733,2749.7823380976292,260.5751119,30259297.804085962
4979,0.0,3709.9793842446675,0.0,5130.010102233302,1000.0,1709.9793842446675,4395.466497494697,262.7271119,30259297.804085962
4980,0.0,2000.0,0.0,6594.677613980913,1000.0,0.0,4395.466497494697,290.7341119,30259297.804085962
4981,0.0,5941.8547870314615,0.0,7106.583885956398,1000.0,3941.854787031462,8189.1075445337765,285.6271119,30259297.804085962
4982,0.0,5941.8547870314615,0.0,7189.009570761457,1000.0,3941.854787031462,11982.748591572854,290.7341119,30259297.804085962
4983,0.0,5941.8547870314615,0.0,7170.03250253695,1000.0,3941.854787031462,15776.389638611934,290.7341119,30259297.804085962
4984,0.0,5941.8547870314615,0.0,6574.3543680672765,1000.0,3941.854787031462,19570.030685651014,331.7271119,30259297.804085962
4985,0.0,2000.0,0.0,5365.539175178235,1000.0,0.0,19570.030685651014,332.7271119,30259297.804085962
4986,0.0,3889.7523030988455,0.0,3889.752303098847,1000.0,1889.7523030988455,21388.72830215334,367.7271119,30259297.804085962
4987,0.0,1801.3680470587437,198.63195294125626,1801.3680470587437,1000.0,0.0,21182.3359985984,367.7271119,30259297.804085962
4988,0.0,367.04604612027515,1632.9539538797248,367.04604612027515,1000.0,0.0,19485.584176196353,462.7271119,30259297.804085962
4989,0.0,53.906724601275755,1946.0932753987242,53.906724601275755,1000.0,0.0,17463.458993944994,367.7271119,30259297.804085962
4990,0.0,0.0,2000.0,0.0,1000.0,0.0,15385.321005582568,367.7271119,30259297.804085962
4991,0.0,0.0,2000.0,0.0,1000.0,0.0,13307.183017220139,332.7271119,30259297.804085962
4992,0.0,0.0,2000.0,0.0,1000.0,0.0,11229.045028857712,320.7271119,30259297.804085962
4993,0.0,0.0,1000.0,0.0,0.0,0.0,10189.976034676478,265.749923,30259297.804085962
4994,0.0,0.0,1000.0,0.0,0.0,0.0,9150.907040495264,265.749923,30259297.804085962
4995,0.0,0.0,1000.0,0.0,0.0,0.0,8111.83804631405,265.749923,30259297.804085962
4996,0.0,0.0,1000.0,0.0,0.0,0.0,7072.769052132837,263.750923,30259297.804085962
4997,0.0,0.0,1976.5619301751499,0.0,976.56193017515,0.0,5018.984835408865,265.749923,30259297.804085962
4998,0.0,0.0,1000.0,0.0,0.0,0.0,3979.915841227652,265.749923,30259297.804085962
4999,0.0,0.0,1000.0,0.0,0.0,0.0,2940.8468470464386,265.749923,30259297.804085962
5000,0.0,253.12436903370056,1746.8756309663004,253.12436903370056,1000.0,0.0,1125.722542218612,265.749923,30259297.804085962
5001,0.0,1806.954414608867,0.0,1806.954414608867,806.9544146088705,0.0,1125.7225422185968,265.749923,30259297.804085962
5002,0.0,3907.7152732576847,0.0,3907.715273257688,1000.0,1907.7152732576847,2961.7077212017925,265.749923,30259297.804085962
5003,0.0,3584.653670126867,0.0,5259.546349807089,1000.0,1584.6536701268667,4486.778413331889,265.749923,30259297.804085962
5004,0.0,2000.0,0.0,6641.989799740352,1000.0,0.0,4486.778413331889,265.749923,30259297.804085962
5005,0.0,5941.8547870314615,0.0,7111.68396508397,1000.0,3941.854787031462,8280.41946037097,263.750923,30259297.804085962
5006,0.0,5941.8547870314615,0.0,7545.98591525934,1000.0,3941.854787031462,12074.060507410046,265.749923,30259297.804085962
5007,0.0,5941.8547870314615,0.0,7504.93615491538,1000.0,3941.854787031462,15867.701554449126,270.796923,30259297.804085962
5008,0.0,5941.8547870314615,0.0,6750.2242977814485,1000.0,3941.854787031462,19661.342601488206,294.750923,30259297.804085962
5009,0.0,2000.0,0.0,5570.295761701528,1000.0,0.0,19661.342601488206,305.750923,30259297.804085962
5010,0.0,3794.872922553134,0.0,3794.8729225531556,1000.0,1794.8729225531338,21388.72830215334,305.750923,30259297.804085962
5011,0.0,1909.804168090551,90.195831909449,1909.804168090551,1000.0,0.0,21295.008609811834,333.750923,30259297.804085962
5012,0.0,342.1505081869191,1657.849491813081,342.1505081869191,1000.0,0.0,19572.388605849774,335.750923,30259297.804085962
5013,0.0,47.602777965231866,1952.3972220347682,47.602777965231866,1000.0,0.0,17543.71318810791,305.750923,30259297.804085962
5014,0.0,0.0,2000.0,0.0,1000.0,0.0,15465.575199745484,305.750923,30259297.804085962
5015,0.0,0.0,2000.0,0.0,1000.0,0.0,13387.437211383056,305.750923,30259297.804085962
5016,0.0,0.0,2000.0,0.0,1000.0,0.0,11309.29922302063,294.750923,30259297.804085962
5017,0.0,0.0,1039.1031982269774,0.0,39.10319822697744,0.0,10229.599307988425,198.4852582,30259297.804085962
5018,0.0,0.0,1000.0,0.0,0.0,0.0,9190.53031380721,198.4852582,30259297.804085962
5019,0.0,0.0,1000.0,0.0,0.0,0.0,8151.461319625996,198.4852582,30259297.804085962
5020,0.0,0.0,1000.0,0.0,0.0,0.0,7112.392325444783,198.4852582,30259297.804085962
5021,0.0,0.0,2000.0,0.0,1000.0,0.0,5034.254337082355,212.4852582,30259297.804085962
5022,0.0,0.0,2000.0,0.0,1000.0,0.0,2956.1163487199283,213.4852582,30259297.804085962
5023,0.0,0.0,1000.0,0.0,0.0,0.0,1917.0473545387147,198.4852582,30259297.804085962
5024,0.0,238.4290006231195,761.5709993768814,238.4290006231195,0.0,0.0,1125.7225422185968,198.4852582,30259297.804085962
5025,0.0,1805.5074141567504,0.0,1805.5074141567504,805.5074141567457,0.0,1125.7225422185968,116.7062582,30259297.804085962
5026,0.0,3909.0199522615058,0.0,3909.019952261516,1000.0,1909.0199522615058,2962.96334427507,116.7062582,30259297.804085962
5027,0.0,3770.723780631449,0.0,5626.343324942136,1000.0,1770.723780631449,4667.107910754777,116.7062582,30259297.804085962
5028,0.0,2000.0,0.0,6894.034853659642,1000.0,0.0,4667.107910754777,116.7062582,30259297.804085962
5029,0.0,5941.8547870314615,0.0,7246.106803979081,1000.0,3941.854787031462,8460.748957793856,116.7062582,30259297.804085962
5030,0.0,5941.8547870314615,0.0,7907.107564896814,1000.0,3941.854787031462,12254.390004832934,117.3292582,30259297.804085962
5031,0.0,5941.8547870314615,0.0,7661.378311161475,1000.0,3941.854787031462,16048.031051872014,198.4852582,30259297.804085962
5032,0.0,2000.0,0.0,6946.7080543474185,1000.0,0.0,16048.031051872014,212.4852582,30259297.804085962
5033,0.0,5710.743808574788,0.0,5710.743808574796,1000.0,3710.743808574788,19619.25089324439,215.4862582,30259297.804085962
5034,0.0,3838.6091115014046,0.0,3838.609111501422,1000.0,1838.6091115014046,21388.72830215334,288.4852582,30259297.804085962
5035,0.0,1793.0655832316563,206.93441676834368,1793.0655832316563,1000.0,0.0,21173.709165860382,288.4852582,30259297.804085962
5036,0.0,307.5588807428293,1692.4411192571706,307.5588807428293,1000.0,0.0,19415.146074362907,313.4852582,30259297.804085962
5037,0.0,49.37001576053673,1950.6299842394633,49.37001576053673,1000.0,0.0,17388.3069386195,288.4852582,30259297.804085962
5038,0.0,0.0,2000.0,0.0,1000.0,0.0,15310.168950257072,288.4852582,30259297.804085962
5039,0.0,0.0,2000.0,0.0,1000.0,0.0,13232.030961894643,288.4852582,30259297.804085962
5040,0.0,0.0,2000.0,0.0,1000.0,0.0,11153.892973532216,215.4862582,30259297.804085962
5041,0.0,0.0,1000.0,0.0,0.0,0.0,10114.823979350978,170.4513511,30259297.804085962
5042,0.0,0.0,1000.0,0.0,0.0,0.0,9075.754985169764,108.6723511,30259297.804085962
5043,0.0,0.0,1000.0,0.0,0.0,0.0,8036.685990988551,170.4513511,30259297.804085962
5044,0.0,0.0,1000.0,0.0,0.0,0.0,6997.616996807337,170.4513511,30259297.804085962
5045,0.0,0.0,2000.0,0.0,1000.0,0.0,4919.4790084449105,170.4513511,30259297.804085962
5046,0.0,0.0,1888.508345331798,0.0,888.5083453317981,0.0,2957.188541558171,170.4513511,30259297.804085962
5047,0.0,0.0,1000.0,0.0,0.0,0.0,1918.1195473769574,108.0343511,30259297.804085962
5048,0.0,237.39712223559434,762.6028777644057,237.39712223559434,0.0,0.0,1125.7225422185968,108.0343511,30259297.804085962
5049,0.0,1809.3087523220786,0.0,1809.3087523220786,809.3087523220747,0.0,1125.7225422185968,108.0343511,30259297.804085962
5050,0.0,3938.8257998796325,0.0,3938.825799879638,1000.0,1938.8257998796325,2991.648492022755,102.1073511,30259297.804085962
5051,0.0,4091.7385790974013,0.0,5675.232979054074,1000.0,2091.7385790974013,5004.737700546094,102.1073511,30259297.804085962
5052,0.0,2000.0,0.0,6878.538886257274,1000.0,0.0,5004.737700546094,102.1073511,30259297.804085962
5053,0.0,5941.8547870314615,0.0,7585.932630857816,1000.0,3941.854787031462,8798.378747585173,108.0313511,30259297.804085962
5054,0.0,5941.8547870314615,0.0,7448.2896269413295,1000.0,3941.854787031462,12592.019794624252,108.0343511,30259297.804085962
5055,0.0,5941.8547870314615,0.0,7565.123096521627,1000.0,3941.854787031462,16385.66084166333,108.0343511,30259297.804085962
5056,0.0,2000.0,0.0,6897.189790364641,1000.0,0.0,16385.66084166333,110.1073511,30259297.804085962
5057,0.0,5478.096882986194,0.0,5478.09688298619,1000.0,3478.096882986194,19732.981281849246,189.9513511,30259297.804085962
5058,0.0,3720.4353910059176,0.0,3720.435391005947,1000.0,1720.4353910059176,21388.72830215334,203.4513511,30259297.804085962
5059,0.0,1865.9730831532513,134.0269168467487,1865.9730831532513,1000.0,0.0,21249.465088472185,207.4523511,30259297.804085962
5060,0.0,297.2519729507456,1702.7480270492545,297.2519729507456,1000.0,0.0,19480.19240866207,207.4523511,30259297.804085962
5061,0.0,35.006749508681104,1964.9932504913188,35.006749508681104,1000.0,0.0,17438.42884830119,207.4523511,30259297.804085962
5062,0.0,0.0,2000.0,0.0,1000.0,0.0,15360.290859938765,207.4523511,30259297.804085962
5063,0.0,0.0,2000.0,0.0,1000.0,0.0,13282.152871576336,207.4523511,30259297.804085962
5064,0.0,0.0,2000.0,0.0,1000.0,0.0,11204.01488321391,203.4513511,30259297.804085962
5065,0.0,0.0,1000.0,0.0,0.0,0.0,10164.945889032677,184.6695652,30259297.804085962
5066,0.0,0.0,1000.0,0.0,0.0,0.0,9125.876894851463,171.6625652,30259297.804085962
5067,0.0,0.0,1940.5114374634582,0.0,940.5114374634582,0.0,7109.551627329167,184.6695652,30259297.804085962
5068,0.0,0.0,1000.0,0.0,0.0,0.0,6070.4826331479535,184.6695652,30259297.804085962
5069,0.0,0.0,1000.0,0.0,0.0,0.0,5031.41363896674,184.6695652,30259297.804085962
5070,0.0,0.0,2000.0,0.0,1000.0,0.0,2953.2756506043124,184.6695652,30259297.804085962
5071,0.0,0.0,1000.0,0.0,0.0,0.0,1914.2066564230988,184.6695652,30259297.804085962
5072,0.0,241.1628884895737,758.8371115104273,241.1628884895737,0.0,0.0,1125.7225422185816,184.6695652,30259297.804085962
5073,0.0,1723.556152958704,0.0,1723.556152958704,723.5561529586886,0.0,1125.7225422185968,184.6695652,30259297.804085962
5074,0.0,3846.5794844374004,0.0,3846.5794844374145,1000.0,1846.5794844374004,2902.8706380411513,184.6695652,30259297.804085962
5075,0.0,3520.718753856152,0.0,5322.224035068514,1000.0,1520.7187538561523,4366.410366752312,184.6695652,30259297.804085962
5076,0.0,2000.0,0.0,6433.289553603443,1000.0,0.0,4366.410366752312,186.0625652,30259297.804085962
5077,0.0,5941.8547870314615,0.0,7156.48762686637,1000.0,3941.854787031462,8160.0514137913915,186.0625652,30259297.804085962
5078,0.0,5941.8547870314615,0.0,7132.268146798372,1000.0,3941.854787031462,11953.692460830469,186.0625652,30259297.804085962
5079,0.0,5941.8547870314615,0.0,7483.272646818936,1000.0,3941.854787031462,15747.333507869549,186.0625652,30259297.804085962
5080,0.0,5941.8547870314615,0.0,6487.890116391934,1000.0,3941.854787031462,19540.97455490863,186.0625652,30259297.804085962
5081,0.0,2000.0,0.0,5567.80501804635,1000.0,0.0,19540.97455490863,206.6625652,30259297.804085962
5082,0.0,3919.9436276441356,0.0,3919.9436276441643,1000.0,1919.9436276441356,21388.72830215334,216.6625652,30259297.804085962
5083,0.0,1831.5771519259204,168.42284807407964,1831.5771519259204,1000.0,0.0,21213.725342807862,216.6625652,30259297.804085962
5084,0.0,316.3594978080048,1683.6405021919952,316.3594978080048,1000.0,0.0,19464.306699632478,386.6625652,30259297.804085962
5085,0.0,36.55457272378442,1963.4454272762155,36.55457272378442,1000.0,0.0,17424.151434382875,216.6625652,30259297.804085962
5086,0.0,0.0,2000.0,0.0,1000.0,0.0,15346.01344602045,216.6625652,30259297.804085962
5087,0.0,0.0,2000.0,0.0,1000.0,0.0,13267.875457658023,206.6625652,30259297.804085962
5088,0.0,0.0,1000.0,0.0,0.0,0.0,12228.806463476809,186.0625652,30259297.804085962
5089,0.0,0.0,1000.0,0.0,0.0,0.0,11189.737469295591,195.0136159,30259297.804085962
5090,0.0,0.0,1000.0,0.0,0.0,0.0,10150.668475114377,195.0136159,30259297.804085962
5091,0.0,0.0,1000.0,0.0,0.0,0.0,9111.599480933162,195.0136159,30259297.804085962
5092,0.0,0.0,2000.0,0.0,1000.0,0.0,7033.461492570736,195.0136159,30259297.804085962
5093,0.0,0.0,1927.5121404902038,0.0,927.5121404902038,0.0,5030.643391479502,195.0136159,30259297.804085962
5094,0.0,0.0,1000.0,0.0,0.0,0.0,3991.574397298288,195.0136159,30259297.804085962
5095,0.0,0.0,1000.0,0.0,0.0,0.0,2952.505403117075,195.0136159,30259297.804085962
5096,0.0,241.90417467130632,1758.0958253286954,241.90417467130632,1000.0,0.0,1125.7225422185968,195.0136159,30259297.804085962
5097,0.0,1773.9165371538331,0.0,1773.9165371538331,773.9165371538331,0.0,1125.7225422185968,189.4136159,30259297.804085962
5098,0.0,3808.9100134202135,0.0,3808.910013420239,1000.0,1808.9100134202135,2866.6175391342103,189.4136159,30259297.804085962
5099,0.0,3893.208846078237,0.0,5541.432834523481,1000.0,1893.2088460782368,4688.6417325999055,189.4136159,30259297.804085962
5100,0.0,2000.0,0.0,6787.537948276456,1000.0,0.0,4688.6417325999055,195.0136159,30259297.804085962
5101,0.0,5941.8547870314615,0.0,7727.697221550448,1000.0,3941.854787031462,8482.282779638985,195.0136159,30259297.804085962
5102,0.0,5941.8547870314615,0.0,8105.601703469365,1000.0,3941.854787031462,12275.923826678063,195.0136159,30259297.804085962
5103,0.0,5941.8547870314615,0.0,7461.775201069486,1000.0,3941.854787031462,16069.564873717143,195.0136159,30259297.804085962
5104,0.0,2000.0,0.0,6605.518258190065,1000.0,0.0,16069.564873717143,197.4206159,30259297.804085962
5105,0.0,5698.9009423831485,0.0,5698.900942383147,1000.0,3698.9009423831485,19629.387140666684,199.4136159,30259297.804085962
5106,0.0,3828.076851087546,0.0,3828.076851087552,1000.0,1828.076851087546,21388.72830215334,274.4596159,30259297.804085962
5107,0.0,1908.9264759668517,91.07352403314826,1908.9264759668517,1000.0,0.0,21294.096627139676,239.4136159,30259297.804085962
5108,0.0,317.74719671769833,1682.2528032823016,317.74719671769833,1000.0,0.0,19546.119898874604,399.4136159,30259297.804085962
5109,0.0,20.382547456059935,1979.61745254394,20.382547456059935,1000.0,0.0,17489.160783596206,199.4136159,30259297.804085962
5110,0.0,0.0,2000.0,0.0,1000.0,0.0,15411.02279523378,199.4136159,30259297.804085962
5111,0.0,0.0,2000.0,0.0,1000.0,0.0,13332.88480687135,197.4206159,30259297.804085962
5112,0.0,0.0,2000.0,0.0,1000.0,0.0,11254.746818508924,197.4206159,30259297.804085962
5113,0.0,0.0,1986.5011526295586,0.0,986.5011526295586,0.0,9190.635063906291,166.4143053,30259297.804085962
5114,0.0,0.0,1000.0,0.0,0.0,0.0,8151.566069725077,166.4143053,30259297.804085962
5115,0.0,0.0,1000.0,0.0,0.0,0.0,7112.4970755438635,166.4143053,30259297.804085962
5116,0.0,0.0,1000.0,0.0,0.0,0.0,6073.42808136265,166.4143053,30259297.804085962
5117,0.0,0.0,2000.0,0.0,1000.0,0.0,3995.2900930002234,166.4143053,30259297.804085962
5118,0.0,0.0,1000.0,0.0,0.0,0.0,2956.22109881901,166.4143053,30259297.804085962
5119,0.0,0.0,1000.0,0.0,0.0,0.0,1917.1521046377966,166.4143053,30259297.804085962
5120,0.0,238.32818912776372,761.671810872238,238.32818912776372,0.0,0.0,1125.7225422185968,166.4143053,30259297.804085962
5121,0.0,1669.2105879293943,0.0,1669.2105879293943,669.2105879293958,-0.0,1125.7225422185968,111.3613053,30259297.804085962
5122,0.0,3807.682438815938,0.0,3807.682438815955,1000.0,1807.682438815938,2865.4361213350558,111.3613053,30259297.804085962
5123,0.0,3798.3472571220836,0.0,5597.314346684726,1000.0,1798.3472571220834,4596.165521589349,111.3613053,30259297.804085962
5124,0.0,2000.0,0.0,6710.449560036289,1000.0,0.0,4596.165521589349,113.7973053,30259297.804085962
5125,0.0,5941.8547870314615,0.0,7520.1652484753995,1000.0,3941.854787031462,8389.806568628428,115.5633053,30259297.804085962
5126,0.0,5941.8547870314615,0.0,7680.9721357089165,1000.0,3941.854787031462,12183.447615667508,166.4143053,30259297.804085962
5127,0.0,5941.8547870314615,0.0,7663.851263227164,1000.0,3941.854787031462,15977.088662706587,176.4143053,30259297.804085962
5128,0.0,2000.0,0.0,6655.35084400971,1000.0,0.0,15977.088662706587,176.4143053,30259297.804085962
5129,0.0,5698.361279192075,0.0,5698.361279192126,1000.0,3698.361279192075,19536.39155780104,176.4143053,30259297.804085962
5130,0.0,3924.705677839049,0.0,3924.705677839058,1000.0,1924.7056778390488,21388.72830215334,192.4143053,30259297.804085962
5131,0.0,1814.9307143188128,185.06928568118724,1814.9307143188128,1000.0,0.0,21196.42854562674,256.4143053,30259297.804085962
5132,0.0,305.43582242535604,1694.564177574644,305.43582242535604,1000.0,0.0,19435.65945005873,256.4143053,30259297.804085962
5133,0.0,20.89849228363807,1979.101507716362,20.89849228363807,1000.0,0.0,17379.23643705336,192.4143053,30259297.804085962
5134,0.0,0.0,2000.0,0.0,1000.0,0.0,15301.098448690935,192.4143053,30259297.804085962
5135,0.0,0.0,2000.0,0.0,1000.0,0.0,13222.960460328506,186.9143053,30259297.804085962
5136,0.0,0.0,2000.0,0.0,1000.0,0.0,11144.82247196608,176.4143053,30259297.804085962
5137,0.0,0.0,1000.0,0.0,0.0,0.0,10105.753477784852,155.6678049,30259297.804085962
5138,0.0,0.0,2000.0,0.0,1000.0,0.0,8027.615489422425,155.6678049,30259297.804085962
5139,0.0,0.0,1000.0,0.0,0.0,0.0,6988.546495241211,155.6678049,30259297.804085962
5140,0.0,0.0,1000.0,0.0,0.0,0.0,5949.477501059998,155.6678049,30259297.804085962
5141,0.0,0.0,1000.0,0.0,0.0,0.0,4910.4085068787845,155.6678049,30259297.804085962
5142,0.0,0.0,1000.0,0.0,0.0,0.0,3871.339512697571,155.6678049,30259297.804085962
5143,0.0,0.0,1853.9345094771757,0.0,853.9345094771758,0.0,1944.9736466572804,155.6678049,30259297.804085962
5144,0.0,211.55273708821002,788.44726291179,211.55273708821002,0.0,0.0,1125.7225422185968,125.6678049,30259297.804085962
5145,0.0,1678.995635387578,0.0,1678.995635387578,678.995635387575,0.0,1125.7225422185968,123.0508049,30259297.804085962
5146,0.0,3947.4722194133483,0.0,3947.472219413357,1000.0,1947.4722194133483,2999.9698061820036,120.6148049,30259297.804085962
5147,0.0,3624.4284078720557,0.0,5684.869778290017,1000.0,1624.428407872056,4563.31970591807,123.0508049,30259297.804085962
5148,0.0,2000.0,0.0,6926.645744234547,1000.0,0.0,4563.31970591807,125.6678049,30259297.804085962
5149,0.0,5941.8547870314615,0.0,7618.7095725120835,1000.0,3941.854787031462,8356.96075295715,125.6678049,30259297.804085962
5150,0.0,5941.8547870314615,0.0,7926.665794997644,1000.0,3941.854787031462,12150.601799996228,125.6678049,30259297.804085962
5151,0.0,5941.8547870314615,0.0,7592.372972168194,1000.0,3941.854787031462,15944.242847035308,155.6678049,30259297.804085962
5152,0.0,2000.0,0.0,6846.521022374228,1000.0,0.0,15944.242847035308,155.6678049,30259297.804085962
5153,0.0,5708.253076187212,0.0,5708.253076187249,1000.0,3708.253076187212,19513.06560755788,155.6678049,30259297.804085962
5154,0.0,3948.9429494965307,0.0,3948.942949496547,1000.0,1948.9429494965307,21388.72830215334,165.5678049,30259297.804085962
5155,0.0,1874.5008996021245,125.49910039787551,1874.5008996021245,1000.0,0.0,21258.326078132268,180.7788049,30259297.804085962
5156,0.0,287.33051955059506,1712.669480449405,287.33051955059506,1000.0,0.0,19478.744323716848,180.7788049,30259297.804085962
5157,0.0,17.957043384888237,1982.0429566151117,17.957043384888237,1000.0,0.0,17419.26494236283,180.7788049,30259297.804085962
5158,0.0,0.0,2000.0,0.0,1000.0,0.0,15341.126954000405,165.5678049,30259297.804085962
5159,0.0,0.0,2000.0,0.0,1000.0,0.0,13262.988965637976,165.5678049,30259297.804085962
5160,0.0,0.0,2000.0,0.0,1000.0,0.0,11184.85097727555,165.5678049,30259297.804085962
5161,0.0,0.0,1000.0,0.0,0.0,0.0,10145.781983094323,146.0931217,30259297.804085962
5162,0.0,0.0,1000.0,0.0,0.0,0.0,9106.712988913108,146.0931217,30259297.804085962
5163,0.0,0.0,1000.0,0.0,0.0,0.0,8067.643994731894,146.0931217,30259297.804085962
5164,0.0,0.0,2000.0,0.0,1000.0,0.0,5989.506006369466,146.0931217,30259297.804085962
5165,0.0,0.0,1000.0,0.0,0.0,0.0,4950.437012188253,146.0931217,30259297.804085962
5166,0.0,0.0,1894.8419371052457,0.0,894.8419371052457,0.0,2981.565506467923,146.0931217,30259297.804085962
5167,0.0,0.0,1000.0,0.0,0.0,0.0,1942.4965122867095,123.4761217,30259297.804085962
5168,0.0,213.93673120644883,786.0632687935512,213.93673120644883,0.0,0.0,1125.7225422185968,117.2421217,30259297.804085962
5169,0.0,1797.904726558463,0.0,1797.904726558463,797.9047265584668,0.0,1125.7225422185968,117.2421217,30259297.804085962
5170,0.0,3961.9956099706233,0.0,3961.995609970622,1000.0,1961.9956099706233,3013.9471172543244,117.2421217,30259297.804085962
5171,0.0,3545.6142917895286,0.0,5778.337741562571,1000.0,1545.6142917895284,4501.4463116725665,117.2421217,30259297.804085962
5172,0.0,2000.0,0.0,7042.494783421837,1000.0,0.0,4501.4463116725665,117.2421217,30259297.804085962
5173,0.0,5941.8547870314615,0.0,7734.813620726185,1000.0,3941.854787031462,8295.087358711646,117.2421217,30259297.804085962
5174,0.0,5941.8547870314615,0.0,8053.0648974559235,1000.0,3941.854787031462,12088.728405750724,117.2421217,30259297.804085962
5175,0.0,5941.8547870314615,0.0,7814.772291507141,1000.0,3941.854787031462,15882.369452789804,121.0401217,30259297.804085962
5176,0.0,2000.0,0.0,7024.496230084016,1000.0,0.0,15882.369452789804,123.4761217,30259297.804085962
5177,0.0,5734.903987100316,0.0,5734.903987100373,1000.0,3734.903987100316,19476.841049975148,146.0931217,30259297.804085962
5178,0.0,3986.582764108679,0.0,3986.5827641086953,1000.0,1986.582764108679,21388.72830215334,147.0931217,30259297.804085962
5179,0.0,1863.363736413227,136.6362635867731,1863.363736413227,1000.0,0.0,21246.753797179532,176.0931217,30259297.804085962
5180,0.0,284.555132998839,1715.4448670011611,284.555132998839,1000.0,0.0,19464.288224651304,176.2041217,30259297.804085962
5181,0.0,13.64569843356591,1986.354301566434,13.64569843356591,1000.0,0.0,17400.32905843515,176.2041217,30259297.804085962
5182,0.0,0.0,2000.0,0.0,1000.0,0.0,15322.191070072722,176.2041217,30259297.804085962
5183,0.0,0.0,2000.0,0.0,1000.0,0.0,13244.053081710294,176.0931217,30259297.804085962
5184,0.0,0.0,2000.0,0.0,1000.0,0.0,11165.915093347867,161.0931217,30259297.804085962
5185,0.0,0.0,1000.0,0.0,0.0,0.0,10126.846099166632,143.2876373,30259297.804085962
5186,0.0,0.0,2000.0,0.0,1000.0,0.0,8048.708110804205,143.2876373,30259297.804085962
5187,0.0,0.0,1000.0,0.0,0.0,0.0,7009.639116622991,143.2876373,30259297.804085962
5188,0.0,0.0,1000.0,0.0,0.0,0.0,5970.570122441778,143.2876373,30259297.804085962
5189,0.0,0.0,1862.278505792456,0.0,862.2785057924559,0.0,4035.5342685427177,143.2876373,30259297.804085962
5190,0.0,0.0,1000.0,0.0,0.0,0.0,2996.4652743615043,143.2876373,30259297.804085962
5191,0.0,0.0,1000.0,0.0,0.0,0.0,1957.3962801802907,132.2876373,30259297.804085962
5192,0.0,199.5971945856672,800.4028054143328,199.5971945856672,0.0,0.0,1125.7225422185968,132.2876373,30259297.804085962
5193,0.0,1704.994218066419,0.0,1704.994218066419,704.994218066422,0.0,1125.7225422185968,132.2876373,30259297.804085962
5194,0.0,3648.6665077411785,0.0,3648.6665077411863,1000.0,1648.6665077411785,2712.3991892687072,132.2876373,30259297.804085962
5195,0.0,3979.4892550847153,0.0,5465.109450828491,1000.0,1979.4892550847153,4617.459648362237,132.2876373,30259297.804085962
5196,0.0,2000.0,0.0,6807.718861474173,1000.0,0.0,4617.459648362237,132.2876373,30259297.804085962
5197,0.0,5941.8547870314615,0.0,7738.840311513299,1000.0,3941.854787031462,8411.100695401317,132.2876373,30259297.804085962
5198,0.0,5941.8547870314615,0.0,8049.097496943601,1000.0,3941.854787031462,12204.741742440394,132.2876373,30259297.804085962
5199,0.0,5941.8547870314615,0.0,7748.085707048092,1000.0,3941.854787031462,15998.382789479474,143.2876373,30259297.804085962
5200,0.0,5941.8547870314615,0.0,6623.36262526406,1000.0,3941.854787031462,19792.023836518554,147.2876373,30259297.804085962
5201,0.0,2000.0,0.0,5320.74737821137,1000.0,0.0,19792.023836518554,160.2876373,30259297.804085962
5202,0.0,3659.086103111793,0.0,3659.086103111794,1000.0,1659.086103111793,21388.72830215334,162.2876373,30259297.804085962
5203,0.0,1815.274670025444,184.72532997455596,1815.274670025444,1000.0,0.0,21196.785939336878,178.2876373,30259297.804085962
5204,0.0,316.9584625414487,1683.0415374585514,316.9584625414487,1000.0,0.0,19447.989661844622,178.2876373,30259297.804085962
5205,0.0,10.040056484996287,1989.9599435150037,10.040056484996287,1000.0,0.0,17380.28398487559,162.2876373,30259297.804085962
5206,0.0,0.0,2000.0,0.0,1000.0,0.0,15302.145996513165,162.2876373,30259297.804085962
5207,0.0,0.0,2000.0,0.0,1000.0,0.0,13224.008008150737,162.2876373,30259297.804085962
5208,0.0,0.0,2000.0,0.0,1000.0,0.0,11145.87001978831,162.2876373,30259297.804085962
5209,0.0,0.0,2000.0,0.0,1000.0,0.0,9067.732031425883,134.1578071,30259297.804085962
5210,0.0,0.0,1000.0,0.0,0.0,0.0,8028.663037244665,133.1578071,30259297.804085962
5211,0.0,0.0,1000.0,0.0,0.0,0.0,6989.594043063451,133.1578071,30259297.804085962
5212,0.0,0.0,1000.0,0.0,0.0,0.0,5950.525048882238,122.1578071,30259297.804085962
5213,0.0,0.0,1000.0,0.0,0.0,0.0,4911.456054701024,122.1578071,30259297.804085962
5214,0.0,0.0,1838.7765822751576,0.0,838.7765822751576,0.0,3000.840320832407,133.1578071,30259297.804085962
5215,0.0,0.0,1000.0,0.0,0.0,0.0,1961.7713266511935,122.1578071,30259297.804085962
5216,0.0,195.38664986206953,804.6133501379304,195.38664986206953,0.0,0.0,1125.7225422185968,122.1578071,30259297.804085962
5217,0.0,1775.1026018051841,0.0,1775.1026018051841,775.102601805178,0.0,1125.7225422185968,122.1578071,30259297.804085962
5218,0.0,3922.096331098999,0.0,3922.0963310990337,1000.0,1922.0963310989991,2975.5480512682734,110.2878071,30259297.804085962
5219,0.0,4509.322925307755,0.0,5752.422190057227,1000.0,2509.3229253077548,5390.520434584457,122.1578071,30259297.804085962
5220,0.0,2000.0,0.0,7054.776501309153,1000.0,0.0,5390.520434584457,122.1578071,30259297.804085962
5221,0.0,5941.8547870314615,0.0,7587.272881772991,1000.0,3941.854787031462,9184.161481623536,122.1578071,30259297.804085962
5222,0.0,5941.8547870314615,0.0,7822.736726401549,1000.0,3941.854787031462,12977.802528662614,122.1578071,30259297.804085962
5223,0.0,5941.8547870314615,0.0,7612.725874486858,1000.0,3941.854787031462,16771.443575701694,122.1578071,30259297.804085962
5224,0.0,2000.0,0.0,6818.085082076311,1000.0,0.0,16771.443575701694,133.1578071,30259297.804085962
5225,0.0,5005.0995214476725,0.0,5005.0995214477025,1000.0,3005.0995214476725,19663.551355142936,134.1578071,30259297.804085962
5226,0.0,3792.57787511472,0.0,3792.577875114736,1000.0,1792.57787511472,21388.72830215334,142.1578071,30259297.804085962
5227,0.0,1649.9607303562152,350.0392696437848,1649.9607303562152,1000.0,0.0,21025.01335032063,142.1578071,30259297.804085962
5228,0.0,303.1348594806141,1696.865140519386,303.1348594806141,1000.0,0.0,19261.853395499988,157.1578071,30259297.804085962
5229,0.0,7.140117539179359,1992.8598824608207,7.140117539179359,1000.0,0.0,17191.134481887333,142.1578071,30259297.804085962
5230,0.0,0.0,2000.0,0.0,1000.0,0.0,15112.996493524906,142.1578071,30259297.804085962
5231,0.0,0.0,2000.0,0.0,1000.0,0.0,13034.858505162478,142.1578071,30259297.804085962
5232,0.0,0.0,2000.0,0.0,1000.0,0.0,10956.720516800051,142.1578071,30259297.804085962
5233,0.0,0.0,1000.0,0.0,0.0,0.0,9917.651522618838,140.8012719,30259297.804085962
5234,0.0,0.0,1000.0,0.0,0.0,0.0,8878.582528437626,131.8012719,30259297.804085962
5235,0.0,0.0,1000.0,0.0,0.0,0.0,7839.513534256411,131.8012719,30259297.804085962
5236,0.0,0.0,1000.0,0.0,0.0,0.0,6800.444540075197,131.8012719,30259297.804085962
5237,0.0,0.0,1000.0,0.0,0.0,0.0,5761.375545893984,140.8012719,30259297.804085962
5238,0.0,0.0,1000.0,0.0,0.0,0.0,4722.306551712771,140.8012719,30259297.804085962
5239,0.0,0.0,1656.8458501361952,0.0,656.845850136195,0.0,3000.729400698437,140.8012719,30259297.804085962
5240,0.0,195.49339939900943,1804.506600600991,195.49339939900943,1000.0,0.0,1125.7225422186043,140.8012719,30259297.804085962
5241,0.0,1651.83471768846,0.0,1651.83471768846,651.834717688463,0.0,1125.7225422185968,140.8012719,30259297.804085962
5242,0.0,3604.4262275132414,0.0,3604.4262275132483,1000.0,1604.4262275132414,2669.8223435773407,140.8012719,30259297.804085962
5243,0.0,3964.461795783043,0.0,5292.008992159754,1000.0,1964.4617957830428,4560.420375838941,140.8012719,30259297.804085962
5244,0.0,2000.0,0.0,6707.697880580345,1000.0,0.0,4560.420375838941,140.8012719,30259297.804085962
5245,0.0,5941.8547870314615,0.0,7441.754400909548,1000.0,3941.854787031462,8354.061422878021,140.8012719,30259297.804085962
5246,0.0,5941.8547870314615,0.0,7586.644271902152,1000.0,3941.854787031462,12147.702469917098,140.8012719,30259297.804085962
5247,0.0,5941.8547870314615,0.0,6934.550877586533,1000.0,3941.854787031462,15941.343516956178,150.8012719,30259297.804085962
5248,0.0,5941.8547870314615,0.0,6425.953728579873,1000.0,3941.854787031462,19734.98456399526,151.8012719,30259297.804085962
5249,0.0,2000.0,0.0,5154.306675433214,1000.0,0.0,19734.98456399526,195.8012719,30259297.804085962
5250,0.0,3718.353842641402,0.0,3718.3538426414075,1000.0,1718.353842641402,21388.72830215334,195.8012719,30259297.804085962
5251,0.0,1788.5525927543604,211.44740724563962,1788.5525927543604,1000.0,0.0,21169.01985738438,200.8012719,30259297.804085962
5252,0.0,327.9948142349902,1672.0051857650099,327.9948142349902,1000.0,0.0,19431.69111074577,195.8012719,30259297.804085962
5253,0.0,6.16754069407706,1993.8324593059228,6.16754069407706,1000.0,0.0,17359.961622688905,1175.437272,30259297.804085962
5254,0.0,0.0,2000.0,0.0,1000.0,0.0,15281.823634326478,570.8012719,30259297.804085962
5255,0.0,0.0,2000.0,0.0,1000.0,0.0,13203.685645964051,195.8012719,30259297.804085962
5256,0.0,0.0,2000.0,0.0,1000.0,0.0,11125.547657601624,151.8012719,30259297.804085962
5257,0.0,0.0,1000.0,0.0,0.0,0.0,10086.47866342041,137.0978519,30259297.804085962
5258,0.0,0.0,1000.0,0.0,0.0,0.0,9047.409669239198,137.0978519,30259297.804085962
5259,0.0,0.0,1000.0,0.0,0.0,0.0,8008.340675057983,137.0978519,30259297.804085962
5260,0.0,0.0,1000.0,0.0,0.0,0.0,6969.27168087677,137.0978519,30259297.804085962
5261,0.0,0.0,1000.0,0.0,0.0,0.0,5930.202686695557,137.0978519,30259297.804085962
5262,0.0,0.0,1000.0,0.0,0.0,0.0,4891.1336925143405,149.9868519,30259297.804085962
5263,0.0,0.0,2000.0,0.0,1000.0,0.0,2812.9957041519133,149.9868519,30259297.804085962
5264,0.0,206.3518351976512,1623.8316910446238,206.3518351976512,830.1835262422759,0.0,1125.7225422185968,149.9868519,30259297.804085962
5265,0.0,1672.1579636020972,0.0,1672.1579636020972,672.1579636020906,-0.0,1125.7225422185968,137.0978519,30259297.804085962
5266,0.0,3624.7909946474592,0.0,3624.790994647449,1000.0,1624.7909946474592,2689.4213954673114,137.0978519,30259297.804085962
5267,0.0,3924.0287804943637,0.0,5238.333558221847,1000.0,1924.0287804943637,4541.106693815087,137.0978519,30259297.804085962
5268,0.0,2000.0,0.0,6501.6069811834595,1000.0,0.0,4541.106693815087,149.9868519,30259297.804085962
5269,0.0,5941.8547870314615,0.0,7081.978940228833,1000.0,3941.854787031462,8334.747740854167,149.9868519,30259297.804085962
5270,0.0,5941.8547870314615,0.0,7224.982959073657,1000.0,3941.854787031462,12128.388787893244,149.9868519,30259297.804085962
5271,0.0,5941.8547870314615,0.0,7332.950594540034,1000.0,3941.854787031462,15922.029834932324,158.9868519,30259297.804085962
5272,0.0,5941.8547870314615,0.0,6313.840799241537,1000.0,3941.854787031462,19715.670881971404,158.9868519,30259297.804085962
5273,0.0,2000.0,0.0,5404.71494818995,1000.0,0.0,19715.670881971404,398.9868519,30259297.804085962
5274,0.0,3738.422090795865,0.0,3738.4220907958625,1000.0,1738.4220907958652,21388.72830215334,398.9868519,30259297.804085962
5275,0.0,1740.1788722023687,259.82112779763133,1740.1788722023687,1000.0,0.0,21118.756224225617,1091.020852,30259297.804085962
5276,0.0,315.23866147302965,1684.7613385269703,315.23866147302965,1000.0,0.0,19368.172954767004,1091.020852,30259297.804085962
5277,0.0,5.894751345405589,1994.1052486545943,5.894751345405589,1000.0,0.0,17296.160019755996,274.0328519,30259297.804085962
5278,0.0,0.0,1000.0,0.0,0.0,0.0,16257.091025574784,189.4868519,30259297.804085962
5279,0.0,0.0,1000.0,0.0,0.0,0.0,15218.02203139357,158.9868519,30259297.804085962
5280,0.0,0.0,1000.0,0.0,0.0,0.0,14178.953037212355,158.9868519,30259297.804085962
5281,0.0,0.0,2000.0,0.0,1000.0,0.0,12100.815048849949,207.3677986,30259297.804085962
5282,0.0,0.0,1000.0,0.0,0.0,0.0,11061.746054668736,187.3677986,30259297.804085962
5283,0.0,0.0,1000.0,0.0,0.0,0.0,10022.677060487522,187.3677986,30259297.804085962
5284,0.0,0.0,1000.0,0.0,0.0,0.0,8983.608066306308,187.3677986,30259297.804085962
5285,0.0,0.0,1772.0781330005825,0.0,772.0781330005824,0.0,7142.29662303887,207.3677986,30259297.804085962
5286,0.0,0.0,2000.0,0.0,1000.0,0.0,5064.1586346764425,207.3677986,30259297.804085962
5287,0.0,0.0,2000.0,0.0,1000.0,0.0,2986.0206463140153,237.3677986,30259297.804085962
5288,0.0,209.64910461856942,1790.3508953814305,209.64910461856942,1000.0,0.0,1125.7225422185968,237.3677986,30259297.804085962
5289,0.0,1692.3922628359153,0.0,1692.3922628359153,692.3922628359114,0.0,1125.7225422185968,207.3677986,30259297.804085962
5290,0.0,3740.900969635491,0.0,3740.900969635504,1000.0,1740.900969635491,2801.1656353957933,207.3677986,30259297.804085962
5291,0.0,4588.724130040539,0.0,5708.4072624510745,1000.0,2588.7241300405394,5292.553738146808,207.3677986,30259297.804085962
5292,0.0,2000.0,0.0,6976.911243708274,1000.0,0.0,5292.553738146808,237.3677986,30259297.804085962
5293,0.0,5941.8547870314615,0.0,7630.11360954333,1000.0,3941.854787031462,9086.194785185888,207.3677986,30259297.804085962
5294,0.0,5941.8547870314615,0.0,7870.108213703413,1000.0,3941.854787031462,12879.835832224966,207.3677986,30259297.804085962
5295,0.0,5941.8547870314615,0.0,7320.0758386932275,1000.0,3941.854787031462,16673.476879264046,237.3677986,30259297.804085962
5296,0.0,2000.0,0.0,6520.334967155109,1000.0,0.0,16673.476879264046,237.3677986,30259297.804085962
5297,0.0,5242.579674856793,0.0,5242.579674856794,1000.0,3242.5796748567927,19794.135558346225,237.3677986,30259297.804085962
5298,0.0,3656.891878436324,0.0,3656.8918784363605,1000.0,1656.891878436324,21388.72830215334,272.4137986,30259297.804085962
5299,0.0,1631.4047222378833,368.59527776211667,1631.4047222378833,1000.0,0.0,21005.7323776291,397.3677986,30259297.804085962
5300,0.0,302.5477595627072,1697.4522404372929,302.5477595627072,1000.0,0.0,19241.96238548727,1161.999799,30259297.804085962
5301,0.0,5.337296564894546,1994.6627034351054,5.337296564894546,1000.0,0.0,17169.370216498177,397.3677986,30259297.804085962
5302,0.0,0.0,2000.0,0.0,1000.0,0.0,15091.23222813575,237.3677986,30259297.804085962
5303,0.0,0.0,2000.0,0.0,1000.0,0.0,13013.094239773322,237.3677986,30259297.804085962
5304,0.0,0.0,1000.0,0.0,0.0,0.0,11974.025245592107,207.3677986,30259297.804085962
5305,0.0,0.0,1000.0,0.0,0.0,0.0,10934.956251410893,202.1374188,30259297.804085962
5306,0.0,0.0,1000.0,0.0,0.0,0.0,9895.887257229679,202.1374188,30259297.804085962
5307,0.0,0.0,1000.0,0.0,0.0,0.0,8856.818263048466,202.1374188,30259297.804085962
5308,0.0,0.0,1000.0,0.0,0.0,0.0,7817.749268867252,202.1374188,30259297.804085962
5309,0.0,0.0,1000.0,0.0,0.0,0.0,6778.6802746860385,202.1374188,30259297.804085962
5310,0.0,0.0,2000.0,0.0,1000.0,0.0,4700.542286323611,255.1374188,30259297.804085962
5311,0.0,0.0,2000.0,0.0,1000.0,0.0,2622.404297961184,255.1374188,30259297.804085962
5312,0.0,193.32883112860327,1440.4065217266689,193.32883112860327,633.7353528552712,0.0,1125.7225422185893,236.6374188,30259297.804085962
5313,0.0,1633.4506874234432,0.0,1633.4506874234432,633.4506874234353,0.0,1125.7225422185968,236.6374188,30259297.804085962
5314,0.0,3526.691437812746,0.0,3526.691437812753,1000.0,1526.6914378127458,2595.0103819695832,202.1374188,30259297.804085962
5315,0.0,4013.772510001156,0.0,5363.3983252712715,1000.0,2013.7725100011562,4533.065045594696,236.6374188,30259297.804085962
5316,0.0,2000.0,0.0,6537.355016873875,1000.0,0.0,4533.065045594696,255.1374188,30259297.804085962
5317,0.0,5941.8547870314615,0.0,7263.239541276371,1000.0,3941.854787031462,8326.706092633776,255.1374188,30259297.804085962
5318,0.0,5941.8547870314615,0.0,7203.746449124972,1000.0,3941.854787031462,12120.347139672853,255.1374188,30259297.804085962
5319,0.0,5941.8547870314615,0.0,6911.226881231723,1000.0,3941.854787031462,15913.988186711933,255.1374188,30259297.804085962
5320,0.0,5941.8547870314615,0.0,6005.1195722108,1000.0,3941.854787031462,19707.629233751013,255.1374188,30259297.804085962
5321,0.0,2000.0,0.0,5002.270748859845,1000.0,0.0,19707.629233751013,255.1374188,30259297.804085962
5322,0.0,3746.777918123784,0.0,3746.777918123789,1000.0,1746.7779181237838,21388.72830215334,268.1374188,30259297.804085962
5323,0.0,1700.7125182524926,299.2874817475074,1700.7125182524926,1000.0,0.0,21077.747959522916,1079.171419,30259297.804085962
5324,0.0,334.7850380259541,1665.2149619740458,334.7850380259541,1000.0,0.0,19347.47472388904,457.1374188,30259297.804085962
5325,0.0,4.708686694054699,1995.2913133059453,4.708686694054699,1000.0,0.0,17274.229385873714,372.1174188,30259297.804085962
5326,0.0,0.0,2000.0,0.0,1000.0,0.0,15196.091397511287,268.1374188,30259297.804085962
5327,0.0,0.0,1000.0,0.0,0.0,0.0,14157.022403330075,255.1374188,30259297.804085962
5328,0.0,0.0,1000.0,0.0,0.0,0.0,13117.95340914886,255.1374188,30259297.804085962
5329,0.0,0.0,1000.0,0.0,0.0,0.0,12078.884414967668,256.0114485,30259297.804085962
5330,0.0,0.0,1000.0,0.0,0.0,0.0,11039.815420786454,256.0114485,30259297.804085962
5331,0.0,0.0,1000.0,0.0,0.0,0.0,10000.74642660524,256.0114485,30259297.804085962
5332,0.0,0.0,1000.0,0.0,0.0,0.0,8961.677432424025,256.0114485,30259297.804085962
5333,0.0,0.0,1752.0751356977412,0.0,752.0751356977413,0.0,7141.150483444659,256.0114485,30259297.804085962
5334,0.0,0.0,2000.0,0.0,1000.0,0.0,5063.012495082232,267.4514485,30259297.804085962
5335,0.0,0.0,2000.0,0.0,1000.0,0.0,2984.8745067198042,266.0114485,30259297.804085962
5336,0.0,210.75214936405447,1789.2478506359475,210.75214936405447,1000.0,0.0,1125.722542218612,256.0114485,30259297.804085962
5337,0.0,1651.4788971662915,0.0,1651.4788971662915,651.4788971662925,0.0,1125.7225422185968,256.0114485,30259297.804085962
5338,0.0,3726.846075911294,0.0,3726.8460759112995,1000.0,1726.846075911294,2787.6392056756263,256.0114485,30259297.804085962
5339,0.0,4632.59080942447,0.0,5569.590047431145,1000.0,2632.59080942447,5321.2446006657365,256.0114485,30259297.804085962
5340,0.0,2000.0,0.0,6234.368416883132,1000.0,0.0,5321.2446006657365,266.0114485,30259297.804085962
5341,0.0,5941.8547870314615,0.0,7167.731539592209,1000.0,3941.854787031462,9114.885647704816,266.0114485,30259297.804085962
5342,0.0,5941.8547870314615,0.0,7578.881471266086,1000.0,3941.854787031462,12908.526694743894,268.0114485,30259297.804085962
5343,0.0,5941.8547870314615,0.0,7168.632950079351,1000.0,3941.854787031462,16702.167741782974,268.0114485,30259297.804085962
5344,0.0,2000.0,0.0,6545.283879856933,1000.0,0.0,16702.167741782974,268.0114485,30259297.804085962
5345,0.0,5268.744297347318,0.0,5268.744297347366,1000.0,3268.744297347318,19848.007253550033,279.0114485,30259297.804085962
5346,0.0,3600.9154702860624,0.0,3600.915470286081,1000.0,1600.9154702860624,21388.72830215334,279.0114485,30259297.804085962
5347,0.0,1691.6509653865517,308.34903461344834,1691.6509653865517,1000.0,0.0,21068.332380900792,1090.045448,30259297.804085962
5348,0.0,272.51654805516824,1727.4834519448318,272.51654805516824,1000.0,0.0,19273.357888023784,468.0114485,30259297.804085962
5349,0.0,4.240189860993524,1995.7598101390065,4.240189860993524,1000.0,0.0,17199.62574947536,318.0114485,30259297.804085962
5350,0.0,0.0,1000.0,0.0,0.0,0.0,16160.556755294147,279.0114485,30259297.804085962
5351,0.0,0.0,1000.0,0.0,0.0,0.0,15121.487761112932,268.0114485,30259297.804085962
5352,0.0,0.0,1000.0,0.0,0.0,0.0,14082.418766931718,268.0114485,30259297.804085962
5353,0.0,0.0,2000.0,0.0,1000.0,0.0,12004.280778569238,279.4707694,30259297.804085962
5354,0.0,0.0,2000.0,0.0,1000.0,0.0,9926.142790206812,279.4707694,30259297.804085962
5355,0.0,0.0,2000.0,0.0,1000.0,0.0,7848.004801844384,279.4707694,30259297.804085962
5356,0.0,0.0,1000.0,0.0,0.0,0.0,6808.935807663171,279.4707694,30259297.804085962
5357,0.0,0.0,2000.0,0.0,1000.0,0.0,4730.797819300743,279.4707694,30259297.804085962
5358,0.0,0.0,1000.0,0.0,0.0,0.0,3691.7288251195296,279.4707694,30259297.804085962
5359,0.0,0.0,1000.0,0.0,0.0,0.0,2652.659830938316,279.4707694,30259297.804085962
5360,0.0,185.3406666031203,1469.5244466638578,185.3406666031203,654.8651132669775,0.0,1125.7225422185968,279.4707694,30259297.804085962
5361,0.0,1769.1900588702883,0.0,1769.1900588702883,769.1900588702713,0.0,1125.7225422185968,279.4707694,30259297.804085962
5362,0.0,3838.294812199829,0.0,3838.294812199817,1000.0,1838.2948121998288,2894.897469479712,279.4707694,30259297.804085962
5363,0.0,4620.054071242666,0.0,5597.320284726311,1000.0,2620.0540712426664,5416.4375076436545,279.4707694,30259297.804085962
5364,0.0,2000.0,0.0,6933.999360847606,1000.0,0.0,5416.4375076436545,279.4707694,30259297.804085962
5365,0.0,5941.8547870314615,0.0,7678.113717983662,1000.0,3941.854787031462,9210.078554682734,279.4707694,30259297.804085962
5366,0.0,5941.8547870314615,0.0,7711.993704383416,1000.0,3941.854787031462,13003.719601721812,266.4707694,30259297.804085962
5367,0.0,5941.8547870314615,0.0,7102.42671600127,1000.0,3941.854787031462,16797.360648760892,266.4707694,30259297.804085962
5368,0.0,2000.0,0.0,6615.659126170418,1000.0,0.0,16797.360648760892,279.4707694,30259297.804085962
5369,0.0,5135.027172722631,0.0,5135.027172722639,1000.0,3135.027172722631,19814.510799789154,279.4707694,30259297.804085962
5370,0.0,3635.7205968040207,0.0,3635.720596804051,1000.0,1635.7205968040207,21388.72830215334,290.4707694,30259297.804085962
5371,0.0,1737.5458070989014,262.4541929010986,1737.5458070989014,1000.0,0.0,21116.020287916952,354.9707694,30259297.804085962
5372,0.0,282.5862609451915,1717.4137390548085,282.5862609451915,1000.0,0.0,19331.508921484266,355.2707694,30259297.804085962
5373,0.0,3.89622288673107,1996.103777113269,3.89622288673107,1000.0,0.0,17257.419377517865,354.9707694,30259297.804085962
5374,0.0,0.0,2000.0,0.0,1000.0,0.0,15179.28138915544,290.4707694,30259297.804085962
5375,0.0,0.0,2000.0,0.0,1000.0,0.0,13101.143400793011,280.4707694,30259297.804085962
5376,0.0,0.0,2000.0,0.0,1000.0,0.0,11023.005412430584,280.4707694,30259297.804085962
5377,0.0,0.0,2000.0,0.0,1000.0,0.0,8944.867424068158,281.9672123,30259297.804085962
5378,0.0,0.0,1715.6688111961955,0.0,715.6688111961955,0.0,7162.169158070437,278.9672123,30259297.804085962
5379,0.0,0.0,1000.0,0.0,0.0,0.0,6123.100163889224,278.9672123,30259297.804085962
5380,0.0,0.0,1000.0,0.0,0.0,0.0,5084.031169708011,277.9672123,30259297.804085962
5381,0.0,0.0,1000.0,0.0,0.0,0.0,4044.9621755267967,277.9672123,30259297.804085962
5382,0.0,0.0,1000.0,0.0,0.0,0.0,3005.893181345583,277.9672123,30259297.804085962
5383,0.0,0.0,1000.0,0.0,0.0,0.0,1966.8241871643695,277.9672123,30259297.804085962
5384,0.0,190.52377690418916,809.4762230958108,190.52377690418916,0.0,0.0,1125.7225422185968,200.4672123,30259297.804085962
5385,0.0,1656.0156060070306,0.0,1656.0156060070306,656.0156060070221,0.0,1125.7225422185968,200.4672123,30259297.804085962
5386,0.0,3575.57516515074,0.0,3575.575165150738,1000.0,1575.5751651507398,2642.056081159669,200.4672123,30259297.804085962
5387,0.0,3978.5403966030517,0.0,5328.593210020934,1000.0,1978.5403966030515,4546.2033588504455,200.4672123,30259297.804085962
5388,0.0,2000.0,0.0,6528.684878976712,1000.0,0.0,4546.2033588504455,242.4362123,30259297.804085962
5389,0.0,5941.8547870314615,0.0,7495.708562237708,1000.0,3941.854787031462,8339.844405889526,277.9672123,30259297.804085962
5390,0.0,5941.8547870314615,0.0,7777.7966699448125,1000.0,3941.854787031462,12133.485452928602,277.9672123,30259297.804085962
5391,0.0,5941.8547870314615,0.0,7352.728250488698,1000.0,3941.854787031462,15927.126499967682,277.9672123,30259297.804085962
5392,0.0,5941.8547870314615,0.0,6265.301038877814,1000.0,3941.854787031462,19720.767547006762,278.9672123,30259297.804085962
5393,0.0,2000.0,0.0,5296.278827158143,1000.0,0.0,19720.767547006762,281.9672123,30259297.804085962
5394,0.0,3733.1263041838974,0.0,3733.1263041839015,1000.0,1733.1263041838974,21388.72830215334,308.9672123,30259297.804085962
5395,0.0,1717.3530290856472,282.6469709143528,1717.3530290856472,1000.0,0.0,21095.038598377003,353.4672123,30259297.804085962
5396,0.0,276.2467311301677,1723.7532688698323,276.2467311301677,1000.0,0.0,19303.94002307584,353.7672123,30259297.804085962
5397,0.0,3.564131995636719,1996.4358680043633,3.564131995636719,1000.0,0.0,17229.50541376124,353.7672123,30259297.804085962
5398,0.0,0.0,2000.0,0.0,1000.0,0.0,15151.367425398812,353.7672123,30259297.804085962
5399,0.0,0.0,2000.0,0.0,1000.0,0.0,13073.229437036385,338.9672123,30259297.804085962
5400,0.0,0.0,2000.0,0.0,1000.0,0.0,10995.091448673958,308.9672123,30259297.804085962
5401,0.0,0.0,1000.0,0.0,0.0,0.0,9956.022454492744,298.5608092,30259297.804085962
5402,0.0,0.0,1000.0,0.0,0.0,0.0,8916.953460311532,298.5608092,30259297.804085962
5403,0.0,0.0,1000.0,0.0,0.0,0.0,7877.884466130317,284.5608092,30259297.804085962
5404,0.0,0.0,1000.0,0.0,0.0,0.0,6838.815471949104,284.5608092,30259297.804085962
5405,0.0,0.0,1000.0,0.0,0.0,0.0,5799.746477767891,284.5608092,30259297.804085962
5406,0.0,0.0,1685.1098238484424,0.0,685.1098238484424,0.0,4048.8011080168176,304.5608092,30259297.804085962
5407,0.0,0.0,2000.0,0.0,1000.0,0.0,1970.6631196543904,304.5608092,30259297.804085962
5408,0.0,186.82918827580076,813.1708117241992,186.82918827580076,0.0,0.0,1125.7225422186043,298.5608092,30259297.804085962
5409,0.0,1657.8955201132283,0.0,1657.8955201132283,657.8955201132367,0.0,1125.7225422185968,304.5608092,30259297.804085962
5410,0.0,3922.89693009083,0.0,3922.8969300908207,1000.0,1922.8969300908302,2976.318547738012,304.5608092,30259297.804085962
5411,0.0,4135.747579929592,0.0,5512.439439445052,1000.0,2135.747579929591,5031.762018662251,304.5608092,30259297.804085962
5412,0.0,2000.0,0.0,6524.059212188524,1000.0,0.0,5031.762018662251,304.5608092,30259297.804085962
5413,0.0,5941.8547870314615,0.0,7346.821634327755,1000.0,3941.854787031462,8825.40306570133,304.5608092,30259297.804085962
5414,0.0,5941.8547870314615,0.0,7810.793037446913,1000.0,3941.854787031462,12619.044112740408,314.5608092,30259297.804085962
5415,0.0,5941.8547870314615,0.0,7494.931681609365,1000.0,3941.854787031462,16412.68515977949,330.5608092,30259297.804085962
5416,0.0,2000.0,0.0,6789.3822792036735,1000.0,0.0,16412.68515977949,333.5608092,30259297.804085962
5417,0.0,5459.807737442561,0.0,5459.807737442577,1000.0,3459.807737442561,19742.40412629421,345.0608092,30259297.804085962
5418,0.0,3710.644405506165,0.0,3710.6444055061793,1000.0,1710.6444055061652,21388.72830215334,345.0608092,30259297.804085962
5419,0.0,1743.1914874590784,256.8085125409216,1743.1914874590784,1000.0,0.0,21121.886539330255,1081.594809,30259297.804085962
5420,0.0,250.4972307041862,1749.5027692958138,250.4972307041862,1000.0,0.0,19304.0324565208,1081.594809,30259297.804085962
5421,0.0,0.0,2000.0,0.0,1000.0,0.0,17225.894468158374,459.5608092,30259297.804085962
5422,0.0,0.0,2000.0,0.0,1000.0,0.0,15147.756479795946,330.5608092,30259297.804085962
5423,0.0,0.0,1000.0,0.0,0.0,0.0,14108.687485614733,314.5608092,30259297.804085962
5424,0.0,0.0,1000.0,0.0,0.0,0.0,13069.618491433519,314.5608092,30259297.804085962
5425,0.0,0.0,2000.0,0.0,1000.0,0.0,10991.480503071092,335.7193848,30259297.804085962
5426,0.0,0.0,1000.0,0.0,0.0,0.0,9952.411508889905,323.7193848,30259297.804085962
5427,0.0,0.0,1000.0,0.0,0.0,0.0,8913.342514708691,323.7193848,30259297.804085962
5428,0.0,0.0,1000.0,0.0,0.0,0.0,7874.273520527478,323.7193848,30259297.804085962
5429,0.0,0.0,1673.7057868172087,0.0,673.7057868172086,0.0,6135.177732064044,323.7193848,30259297.804085962
5430,0.0,0.0,2000.0,0.0,1000.0,0.0,4057.039743701617,328.7193848,30259297.804085962
5431,0.0,0.0,2000.0,0.0,1000.0,0.0,1978.9017553391898,328.7193848,30259297.804085962
5432,0.0,178.9003252927407,821.0996747072586,178.9003252927407,0.0,0.0,1125.7225422185968,323.7193848,30259297.804085962
5433,0.0,1544.5965261235406,0.0,1544.5965261235406,544.5965261235361,0.0,1125.7225422185968,323.7193848,30259297.804085962
5434,0.0,3674.184728771402,0.0,3674.1847287714286,1000.0,1674.1847287714022,2736.957925188194,323.7193848,30259297.804085962
5435,0.0,4477.880296527046,0.0,5460.976010504438,1000.0,2477.8802965270456,5121.669922565823,323.7193848,30259297.804085962
5436,0.0,2000.0,0.0,6442.855175213793,1000.0,0.0,5121.669922565823,328.7193848,30259297.804085962
5437,0.0,5941.8547870314615,0.0,7328.307136162356,1000.0,3941.854787031462,8915.310969604903,328.7193848,30259297.804085962
5438,0.0,5941.8547870314615,0.0,6665.29007773172,1000.0,3941.854787031462,12708.95201664398,328.7193848,30259297.804085962
5439,0.0,5941.8547870314615,0.0,7034.975126997047,1000.0,3941.854787031462,16502.59306368306,335.7193848,30259297.804085962
5440,0.0,5941.8547870314615,0.0,6008.820098880771,1000.0,3941.854787031462,20296.23411072214,335.7193848,30259297.804085962
5441,0.0,2000.0,0.0,5019.415339705041,1000.0,0.0,20296.23411072214,378.7193848,30259297.804085962
5442,0.0,3135.1768406392407,0.0,3135.17684063925,1000.0,1135.1768406392407,21388.72830215334,378.7193848,30259297.804085962
5443,0.0,1638.5922877715793,361.4077122284207,1638.5922877715793,1000.0,0.0,21013.20075411882,1150.801385,30259297.804085962
5444,0.0,228.94639891863423,1771.0536010813657,228.94639891863423,1000.0,0.0,19172.953870202193,1150.748385,30259297.804085962
5445,0.0,0.0,2000.0,0.0,1000.0,0.0,17094.815881839764,563.7193848,30259297.804085962
5446,0.0,0.0,2000.0,0.0,1000.0,0.0,15016.67789347734,378.7193848,30259297.804085962
5447,0.0,0.0,1000.0,0.0,0.0,0.0,13977.608899296125,335.7193848,30259297.804085962
5448,0.0,0.0,1000.0,0.0,0.0,0.0,12938.53990511491,335.7193848,30259297.804085962
5449,0.0,0.0,1000.0,0.0,0.0,0.0,11899.470910933698,330.2087594,30259297.804085962
5450,0.0,0.0,1000.0,0.0,0.0,0.0,10860.401916752484,327.4087594,30259297.804085962
5451,0.0,0.0,1000.0,0.0,0.0,0.0,9821.332922571271,340.4087594,30259297.804085962
5452,0.0,0.0,1000.0,0.0,0.0,0.0,8782.263928390057,330.2087594,30259297.804085962
5453,0.0,0.0,2000.0,0.0,1000.0,0.0,6704.125940027641,355.4087594,30259297.804085962
5454,0.0,0.0,2000.0,0.0,1000.0,0.0,4625.9879516652145,355.4087594,30259297.804085962
5455,0.0,0.0,2000.0,0.0,1000.0,0.0,2547.849963302787,355.4087594,30259297.804085962
5456,0.0,180.88106216192529,1368.6554300514244,180.88106216192529,549.5364922133485,0.0,1125.7225422185968,355.4087594,30259297.804085962
5457,0.0,1563.7989357022025,0.0,1563.7989357022025,563.798935702196,0.0,1125.7225422185968,355.4087594,30259297.804085962
5458,0.0,3420.6155812680763,0.0,3420.61558126811,1000.0,1420.6155812680763,2492.9229776309935,355.4087594,30259297.804085962
5459,0.0,4593.628524218977,0.0,5033.517670156131,1000.0,2593.6285242189765,4989.031069339337,355.4087594,30259297.804085962
5460,0.0,2000.0,0.0,6223.622657395383,1000.0,0.0,4989.031069339337,355.4087594,30259297.804085962
5461,0.0,5941.8547870314615,0.0,7098.17467259237,1000.0,3941.854787031462,8782.672116378417,340.4087594,30259297.804085962
5462,0.0,5941.8547870314615,0.0,7242.335110951148,1000.0,3941.854787031462,12576.313163417493,355.4087594,30259297.804085962
5463,0.0,5941.8547870314615,0.0,7006.052887008945,1000.0,3941.854787031462,16369.954210456573,355.4087594,30259297.804085962
5464,0.0,5941.8547870314615,0.0,6463.071682858123,1000.0,3941.854787031462,20163.595257495654,355.4087594,30259297.804085962
5465,0.0,2000.0,0.0,5049.8735268250775,1000.0,0.0,20163.595257495654,375.4087594,30259297.804085962
5466,0.0,3272.997760450635,0.0,3272.9977604506353,1000.0,1272.9977604506348,21388.72830215334,385.4087594,30259297.804085962
5467,0.0,1466.0551993896745,533.9448006103255,1466.0551993896745,1000.0,0.0,20833.922815234873,390.4087594,30259297.804085962
5468,0.0,265.24596261560606,1734.754037384394,265.24596261560606,1000.0,0.0,19031.393682458074,1087.442759,30259297.804085962
5469,0.0,0.0,2000.0,0.0,1000.0,0.0,16953.25569409565,385.4087594,30259297.804085962
5470,0.0,0.0,2000.0,0.0,1000.0,0.0,14875.117705733219,385.4087594,30259297.804085962
5471,0.0,0.0,2000.0,0.0,1000.0,0.0,12796.979717370792,375.4087594,30259297.804085962
5472,0.0,0.0,1000.0,0.0,0.0,0.0,11757.910723189578,355.4087594,30259297.804085962
5473,0.0,0.0,1000.0,0.0,0.0,0.0,10718.841729008363,357.4294852,30259297.804085962
5474,0.0,0.0,1000.0,0.0,0.0,0.0,9679.772734827151,357.4294852,30259297.804085962
5475,0.0,0.0,1000.0,0.0,0.0,0.0,8640.703740645937,357.4294852,30259297.804085962
5476,0.0,0.0,1000.0,0.0,0.0,0.0,7601.634746464723,357.4294852,30259297.804085962
5477,0.0,0.0,1000.0,0.0,0.0,0.0,6562.56575228351,357.4294852,30259297.804085962
5478,0.0,0.0,2000.0,0.0,1000.0,0.0,4484.42776392107,371.9294852,30259297.804085962
5479,0.0,0.0,1392.1336126700278,0.0,392.1336126700278,0.0,3037.904891238165,371.9294852,30259297.804085962
5480,0.0,159.71570730356868,1840.2842926964322,159.71570730356868,1000.0,0.0,1125.7225422185968,371.9294852,30259297.804085962
5481,0.0,1605.0028823099879,0.0,1605.0028823099879,605.0028823099841,0.0,1125.7225422185968,371.9294852,30259297.804085962
5482,0.0,3483.4118696143646,0.0,3483.41186961438,1000.0,1483.4118696143646,2553.358125535461,357.4294852,30259297.804085962
5483,0.0,4340.148334663087,0.0,5045.129268219674,1000.0,2340.148334663087,4805.516882815216,357.4294852,30259297.804085962
5484,0.0,2000.0,0.0,6370.161163098448,1000.0,0.0,4805.516882815216,357.4294852,30259297.804085962
5485,0.0,5941.8547870314615,0.0,7505.327558616529,1000.0,3941.854787031462,8599.157929854297,357.4294852,30259297.804085962
5486,0.0,5941.8547870314615,0.0,7724.073788012389,1000.0,3941.854787031462,12392.798976893373,371.9294852,30259297.804085962
5487,0.0,5941.8547870314615,0.0,7471.821184328434,1000.0,3941.854787031462,16186.440023932453,381.9294852,30259297.804085962
5488,0.0,5941.8547870314615,0.0,6485.174031382601,1000.0,3941.854787031462,19980.081070971533,381.9294852,30259297.804085962
5489,0.0,2000.0,0.0,4830.368219657995,1000.0,0.0,19980.081070971533,402.9294852,30259297.804085962
5490,0.0,3463.6816616602355,0.0,3463.681661660234,1000.0,1463.6816616602355,21388.72830215334,458.9294852,30259297.804085962
5491,0.0,1716.6591796308005,283.3408203691995,1716.6591796308005,1000.0,0.0,21094.31764092182,458.9294852,30259297.804085962
5492,0.0,250.90048795324043,1749.0995120467596,250.90048795324043,1000.0,0.0,19276.882570216534,1083.963485,30259297.804085962
5493,0.0,0.0,2000.0,0.0,1000.0,0.0,17198.74458185411,458.9294852,30259297.804085962
5494,0.0,0.0,2000.0,0.0,1000.0,0.0,15120.60659349168,458.9294852,30259297.804085962
5495,0.0,0.0,2000.0,0.0,1000.0,0.0,13042.468605129254,401.9294852,30259297.804085962
5496,0.0,0.0,2000.0,0.0,1000.0,0.0,10964.330616766827,381.9294852,30259297.804085962
5497,0.0,0.0,1000.0,0.0,0.0,0.0,9925.261622585575,374.7422004,30259297.804085962
5498,0.0,0.0,1000.0,0.0,0.0,0.0,8886.19262840436,374.7422004,30259297.804085962
5499,0.0,0.0,1000.0,0.0,0.0,0.0,7847.123634223147,374.7422004,30259297.804085962
5500,0.0,0.0,1000.0,0.0,0.0,0.0,6808.054640041933,374.7422004,30259297.804085962
5501,0.0,0.0,1000.0,0.0,0.0,0.0,5768.98564586072,374.7422004,30259297.804085962
5502,0.0,0.0,1646.6693989768391,0.0,646.6693989768393,0.0,4057.9825297168722,374.7422004,30259297.804085962
5503,0.0,0.0,2000.0,0.0,1000.0,0.0,1979.844541354445,384.7422004,30259297.804085962
5504,0.0,177.99298803164533,822.0070119683551,177.99298803164533,0.0,0.0,1125.7225422185816,374.7422004,30259297.804085962
5505,0.0,1682.8384947734703,0.0,1682.8384947734703,682.8384947734626,0.0,1125.7225422185968,374.7422004,30259297.804085962
5506,0.0,3414.0922200518644,0.0,3414.092220051865,1000.0,1414.0922200518644,2486.644894796511,374.7422004,30259297.804085962
5507,0.0,2000.0,0.0,5019.112893951342,1000.0,0.0,2486.644894796511,374.7422004,30259297.804085962
5508,0.0,2000.0,0.0,6139.9990431234355,1000.0,0.0,2486.644894796511,374.7422004,30259297.804085962
5509,0.0,5941.8547870314615,0.0,6720.827634186334,1000.0,3941.854787031462,6280.28594183559,374.7422004,30259297.804085962
5510,0.0,5941.8547870314615,0.0,7488.070291460441,1000.0,3941.854787031462,10073.926988874668,384.7422004,30259297.804085962
5511,0.0,5941.8547870314615,0.0,7570.306206822695,1000.0,3941.854787031462,13867.568035913748,386.7422004,30259297.804085962
5512,0.0,5941.8547870314615,0.0,6609.942290719911,1000.0,3941.854787031462,17661.209082952828,386.7422004,30259297.804085962
5513,0.0,4270.787175147625,0.0,5342.298209996922,1000.0,2270.7871751476255,19846.614660314903,386.7422004,30259297.804085962
5514,0.0,3602.362470738197,0.0,3602.362470738198,1000.0,1602.3624707381969,21388.72830215334,414.7422004,30259297.804085962
5515,0.0,1723.8585987124025,276.14140128759755,1723.8585987124025,1000.0,0.0,21101.798334065636,554.7422004,30259297.804085962
5516,0.0,259.99762399816143,1740.0023760018385,259.99762399816143,1000.0,0.0,19293.815815360475,554.7422004,30259297.804085962
5517,0.0,0.0,2000.0,0.0,1000.0,0.0,17215.67782699805,414.7422004,30259297.804085962
5518,0.0,0.0,2000.0,0.0,1000.0,0.0,15137.539838635621,404.7422004,30259297.804085962
5519,0.0,0.0,2000.0,0.0,1000.0,0.0,13059.401850273194,386.7422004,30259297.804085962
5520,0.0,0.0,2000.0,0.0,1000.0,0.0,10981.263861910767,384.7422004,30259297.804085962
5521,0.0,0.0,1000.0,0.0,0.0,0.0,9942.194867729562,307.4440384,30259297.804085962
5522,0.0,0.0,1000.0,0.0,0.0,0.0,8903.12587354835,257.4440384,30259297.804085962
5523,0.0,0.0,1000.0,0.0,0.0,0.0,7864.056879367135,257.4440384,30259297.804085962
5524,0.0,0.0,1000.0,0.0,0.0,0.0,6824.987885185921,257.4440384,30259297.804085962
5525,0.0,0.0,2000.0,0.0,1000.0,0.0,4746.8498968234935,307.4440384,30259297.804085962
5526,0.0,0.0,1646.3788180387132,0.0,646.3788180387131,0.0,3036.1487143227523,307.4440384,30259297.804085962
5527,0.0,0.0,1000.0,0.0,0.0,0.0,1997.079720141539,307.4440384,30259297.804085962
5528,0.0,161.4058519669607,838.5941480330393,161.4058519669607,0.0,0.0,1125.7225422185968,262.4900384,30259297.804085962
5529,0.0,1588.3564447028803,0.0,1588.3564447028803,588.3564447028766,0.0,1125.7225422185968,257.4440384,30259297.804085962
5530,0.0,3796.72318025431,0.0,3796.7231802543265,1000.0,1796.7231802543101,2854.888930895345,257.4440384,30259297.804085962
5531,0.0,4815.126433070766,0.0,5545.8331374222535,1000.0,2815.1264330707663,5564.166610082651,257.4440384,30259297.804085962
5532,0.0,2000.0,0.0,6609.236576449527,1000.0,0.0,5564.166610082651,257.4440384,30259297.804085962
5533,0.0,5941.8547870314615,0.0,7270.37965881555,1000.0,3941.854787031462,9357.80765712173,257.4440384,30259297.804085962
5534,0.0,5941.8547870314615,0.0,7416.046410436498,1000.0,3941.854787031462,13151.448704160808,257.4440384,30259297.804085962
5535,0.0,5941.8547870314615,0.0,7313.083980643922,1000.0,3941.854787031462,16945.08975119989,307.4440384,30259297.804085962
5536,0.0,2000.0,0.0,6431.291025144768,1000.0,0.0,16945.08975119989,362.4440384,30259297.804085962
5537,0.0,5093.277624882239,0.0,5093.277624882248,1000.0,3093.2776248822393,19922.060137386557,367.4440384,30259297.804085962
5538,0.0,3523.9694147618297,0.0,3523.9694147618357,1000.0,1523.9694147618297,21388.72830215334,381.6440384,30259297.804085962
5539,0.0,1621.6137480057462,378.3862519942538,1621.6137480057462,1000.0,0.0,20995.558879881668,555.7440384,30259297.804085962
5540,0.0,238.25702276980383,1761.7429772301962,238.25702276980383,1000.0,0.0,19164.986376525267,305.6410384,30259297.804085962
5541,0.0,0.0,2000.0,0.0,1000.0,0.0,17086.84838816284,537.4440384,30259297.804085962
5542,0.0,0.0,2000.0,0.0,1000.0,0.0,15008.710399800413,405.4440384,30259297.804085962
5543,0.0,0.0,2000.0,0.0,1000.0,0.0,12930.572411437986,381.6440384,30259297.804085962
5544,0.0,0.0,2000.0,0.0,1000.0,0.0,10852.43442307556,381.6440384,30259297.804085962
5545,0.0,0.0,2000.0,0.0,1000.0,0.0,8774.296434713115,176.3191708,30259297.804085962
5546,0.0,0.0,1000.0,0.0,0.0,0.0,7735.227440531901,176.3191708,30259297.804085962
5547,0.0,0.0,1000.0,0.0,0.0,0.0,6696.158446350688,176.3191708,30259297.804085962
5548,0.0,0.0,1000.0,0.0,0.0,0.0,5657.0894521694745,176.3191708,30259297.804085962
5549,0.0,0.0,1516.563843074654,0.0,516.5638430746541,0.0,4081.274985134298,176.3191708,30259297.804085962
5550,0.0,0.0,1000.0,0.0,0.0,0.0,3042.2059909530844,176.3191708,30259297.804085962
5551,0.0,0.0,1000.0,0.0,0.0,0.0,2003.1369967718708,124.1281708,30259297.804085962
5552,0.0,155.57632893793095,844.423671062069,155.57632893793095,0.0,0.0,1125.7225422185968,124.1281708,30259297.804085962
5553,0.0,1771.176722513426,0.0,1771.176722513426,771.1767225134245,0.0,1125.7225422185968,124.1251708,30259297.804085962
5554,0.0,3952.216489286352,0.0,3952.216489286391,1000.0,1952.216489286352,3004.535691507782,124.1251708,30259297.804085962
5555,0.0,3840.980412592544,0.0,5631.621319964608,1000.0,1840.980412592544,4776.295240586846,124.1251708,30259297.804085962
5556,0.0,2000.0,0.0,6973.768160551182,1000.0,0.0,4776.295240586846,124.1281708,30259297.804085962
5557,0.0,5941.8547870314615,0.0,7673.87352812267,1000.0,3941.854787031462,8569.936287625926,124.1281708,30259297.804085962
5558,0.0,5941.8547870314615,0.0,7934.428595633712,1000.0,3941.854787031462,12363.577334665006,176.3191708,30259297.804085962
5559,0.0,5941.8547870314615,0.0,7632.319687766668,1000.0,3941.854787031462,16157.218381704084,176.3191708,30259297.804085962
5560,0.0,2000.0,0.0,6838.965782770459,1000.0,0.0,16157.218381704084,176.3191708,30259297.804085962
5561,0.0,5604.42481908645,0.0,5604.42481908651,1000.0,3604.42481908645,19626.116827592883,176.3191708,30259297.804085962
5562,0.0,3831.4749320038004,0.0,3831.474932003826,1000.0,1831.4749320038004,21388.72830215334,326.3191708,30259297.804085962
5563,0.0,1688.4545187286203,311.5454812713797,1688.4545187286203,1000.0,0.0,21065.011052286965,331.3191708,30259297.804085962
5564,0.0,210.81737768043035,1789.1826223195696,210.81737768043035,1000.0,0.0,19205.926864506866,556.3191708,30259297.804085962
5565,0.0,0.0,2000.0,0.0,1000.0,0.0,17127.78887614444,331.3191708,30259297.804085962
5566,0.0,0.0,2000.0,0.0,1000.0,0.0,15049.65088778201,331.3191708,30259297.804085962
5567,0.0,0.0,2000.0,0.0,1000.0,0.0,12971.512899419584,326.3191708,30259297.804085962
5568,0.0,0.0,1000.0,0.0,0.0,0.0,11932.44390523837,240.7991708,30259297.804085962
5569,0.0,0.0,1000.0,0.0,0.0,0.0,10893.374911057155,227.7179443,30259297.804085962
5570,0.0,0.0,1000.0,0.0,0.0,0.0,9854.305916875943,227.7179443,30259297.804085962
5571,0.0,0.0,1000.0,0.0,0.0,0.0,8815.236922694728,227.7179443,30259297.804085962
5572,0.0,0.0,1000.0,0.0,0.0,0.0,7776.167928513515,227.7179443,30259297.804085962
5573,0.0,0.0,1000.0,0.0,0.0,0.0,6737.098934332302,227.7179443,30259297.804085962
5574,0.0,0.0,2000.0,0.0,1000.0,0.0,4658.9609459698495,243.2179443,30259297.804085962
5575,0.0,0.0,1551.90269474205,0.0,551.90269474205,0.0,3046.4269738771127,243.2179443,30259297.804085962
5576,0.0,151.51405497183717,1848.4859450281629,151.51405497183717,1000.0,0.0,1125.7225422185893,243.2179443,30259297.804085962
5577,0.0,1620.125226333066,0.0,1620.125226333066,620.1252263330606,0.0,1125.7225422185968,243.2179443,30259297.804085962
5578,0.0,3726.8816590902634,0.0,3726.8816590902798,1000.0,1726.8816590902634,2787.6734509270664,227.7179443,30259297.804085962
5579,0.0,3965.250529959305,0.0,5192.575111183833,1000.0,1965.2505299593051,4679.030560959902,227.7179443,30259297.804085962
5580,0.0,2000.0,0.0,6692.789024363516,1000.0,0.0,4679.030560959902,243.2179443,30259297.804085962
5581,0.0,5941.8547870314615,0.0,7598.018652528372,1000.0,3941.854787031462,8472.671607998982,227.7179443,30259297.804085962
5582,0.0,5941.8547870314615,0.0,7813.710756714589,1000.0,3941.854787031462,12266.312655038058,243.2179443,30259297.804085962
5583,0.0,5941.8547870314615,0.0,7288.052048036229,1000.0,3941.854787031462,16059.953702077139,249.7179443,30259297.804085962
5584,0.0,5941.8547870314615,0.0,6616.963805174245,1000.0,3941.854787031462,19853.59474911622,249.7179443,30259297.804085962
5585,0.0,2000.0,0.0,5403.789819339365,1000.0,0.0,19853.59474911622,249.7179443,30259297.804085962
5586,0.0,3595.109676888118,0.0,3595.1096768881257,1000.0,1595.109676888118,21388.72830215334,319.7179443,30259297.804085962
5587,0.0,1527.0842499406394,472.91575005936056,1527.0842499406394,1000.0,0.0,20897.336209406712,379.7179443,30259297.804085962
5588,0.0,207.8166272392576,1792.1833727607425,207.8166272392576,1000.0,0.0,19035.134034883915,549.7179443,30259297.804085962
5589,0.0,0.0,2000.0,0.0,1000.0,0.0,16956.99604652149,549.7179443,30259297.804085962
5590,0.0,0.0,2000.0,0.0,1000.0,0.0,14878.85805815906,319.7179443,30259297.804085962
5591,0.0,0.0,1000.0,0.0,0.0,0.0,13839.789063977847,249.7179443,30259297.804085962
5592,0.0,0.0,1000.0,0.0,0.0,0.0,12800.720069796633,249.7179443,30259297.804085962
5593,0.0,0.0,2000.0,0.0,1000.0,0.0,10722.582081434188,254.8556819,30259297.804085962
5594,0.0,0.0,2000.0,0.0,1000.0,0.0,8644.444093071761,254.8556819,30259297.804085962
5595,0.0,0.0,1000.0,0.0,0.0,0.0,7605.375098890548,254.8556819,30259297.804085962
5596,0.0,0.0,1000.0,0.0,0.0,0.0,6566.306104709334,254.8556819,30259297.804085962
5597,0.0,0.0,2000.0,0.0,1000.0,0.0,4488.168116346907,254.8556819,30259297.804085962
5598,0.0,0.0,1000.0,0.0,0.0,0.0,3449.099122165693,254.8556819,30259297.804085962
5599,0.0,0.0,1000.0,0.0,0.0,0.0,2410.0301279844793,254.8556819,30259297.804085962
5600,0.0,152.05371816285822,1236.0176205410708,152.05371816285822,388.07133870392835,0.0,1125.722542218612,254.8556819,30259297.804085962
5601,0.0,1723.8289535750068,0.0,1723.8289535750068,723.8289535750012,0.0,1125.7225422185968,254.8556819,30259297.804085962
5602,0.0,3936.1808699606136,0.0,3936.1808699606336,1000.0,1936.1808699606136,2989.1030114686914,254.8556819,30259297.804085962
5603,0.0,4331.318072460536,0.0,5619.2625089453795,1000.0,2331.3180724605363,5232.7635244047115,254.8556819,30259297.804085962
5604,0.0,2000.0,0.0,6800.430484445121,1000.0,0.0,5232.7635244047115,254.8556819,30259297.804085962
5605,0.0,5941.8547870314615,0.0,7197.655990295177,1000.0,3941.854787031462,9026.40457144379,254.8556819,30259297.804085962
5606,0.0,5941.8547870314615,0.0,7564.820650767929,1000.0,3941.854787031462,12820.045618482869,254.8556819,30259297.804085962
5607,0.0,5941.8547870314615,0.0,7486.320845254628,1000.0,3941.854787031462,16613.68666552195,274.8556819,30259297.804085962
5608,0.0,2000.0,0.0,6731.419207410256,1000.0,0.0,16613.68666552195,354.8556819,30259297.804085962
5609,0.0,5359.306394900146,0.0,5359.306394900151,1000.0,3359.306394900146,19846.68313997385,364.8556819,30259297.804085962
5610,0.0,3602.29131564785,0.0,3602.291315647869,1000.0,1602.2913156478498,21388.72830215334,364.8556819,30259297.804085962
5611,0.0,1586.4587390071927,413.54126099280734,1586.4587390071927,1000.0,0.0,20959.030400041112,364.8556819,30259297.804085962
5612,0.0,212.7684581445879,1787.2315418554122,212.7684581445879,1000.0,0.0,19101.973519476473,614.8556819,30259297.804085962
5613,0.0,0.0,2000.0,0.0,1000.0,0.0,17023.835531114048,364.8556819,30259297.804085962
5614,0.0,0.0,2000.0,0.0,1000.0,0.0,14945.697542751619,364.8556819,30259297.804085962
5615,0.0,0.0,2000.0,0.0,1000.0,0.0,12867.559554389192,254.8556819,30259297.804085962
5616,0.0,0.0,2000.0,0.0,1000.0,0.0,10789.421566026766,254.8556819,30259297.804085962
5617,0.0,0.0,1000.0,0.0,0.0,0.0,9750.352571845551,206.5955731,30259297.804085962
5618,0.0,0.0,1000.0,0.0,0.0,0.0,8711.283577664337,206.5955731,30259297.804085962
5619,0.0,0.0,1000.0,0.0,0.0,0.0,7672.214583483124,206.5955731,30259297.804085962
5620,0.0,0.0,1000.0,0.0,0.0,0.0,6633.14558930191,206.5955731,30259297.804085962
5621,0.0,0.0,1000.0,0.0,0.0,0.0,5594.076595120697,206.5955731,30259297.804085962
5622,0.0,0.0,1000.0,0.0,0.0,0.0,4555.007600939483,238.5955731,30259297.804085962
5623,0.0,0.0,2000.0,0.0,1000.0,0.0,2476.869612577064,246.4525731,30259297.804085962
5624,0.0,147.8846946598246,1300.3439405129884,147.8846946598246,448.2286351728119,0.0,1125.7225422185968,246.4525731,30259297.804085962
5625,0.0,1719.7548147933762,0.0,1719.7548147933762,719.7548147933703,0.0,1125.7225422185968,238.5955731,30259297.804085962
5626,0.0,3900.474344223145,0.0,3900.4743442231525,1000.0,1900.4743442231452,2954.7390510989517,223.0755731,30259297.804085962
5627,0.0,4528.952321766475,0.0,5612.175766174671,1000.0,2528.9523217664746,5388.602765567007,238.5955731,30259297.804085962
5628,0.0,2000.0,0.0,6967.77259771042,1000.0,0.0,5388.602765567007,223.0755731,30259297.804085962
5629,0.0,5941.8547870314615,0.0,7760.818130178979,1000.0,3941.854787031462,9182.243812606086,206.5955731,30259297.804085962
5630,0.0,5941.8547870314615,0.0,7915.380372318875,1000.0,3941.854787031462,12975.884859645164,238.5955731,30259297.804085962
5631,0.0,5941.8547870314615,0.0,7700.168618513625,1000.0,3941.854787031462,16769.525906684245,328.6955731,30259297.804085962
5632,0.0,2000.0,0.0,6779.336295944724,1000.0,0.0,16769.525906684245,348.5955731,30259297.804085962
5633,0.0,5211.546241366742,0.0,5211.546241366756,1000.0,3211.546241366742,19860.3180093756,348.5955731,30259297.804085962
5634,0.0,3588.123745612786,0.0,3588.123745612772,1000.0,1588.123745612786,21388.72830215334,348.5955731,30259297.804085962
5635,0.0,1574.7759858533213,425.22401414667866,1574.7759858533213,1000.0,0.0,20946.891213472256,598.5955731,30259297.804085962
5636,0.0,238.98645540363054,1761.0135445963695,238.98645540363054,1000.0,0.0,19117.07664094901,305.7355731,30259297.804085962
5637,0.0,0.0,2000.0,0.0,1000.0,0.0,17038.938652586585,305.7355731,30259297.804085962
5638,0.0,0.0,2000.0,0.0,1000.0,0.0,14960.800664224156,328.6955731,30259297.804085962
5639,0.0,0.0,2000.0,0.0,1000.0,0.0,12882.66267586173,328.6955731,30259297.804085962
5640,0.0,0.0,2000.0,0.0,1000.0,0.0,10804.524687499303,277.5955731,30259297.804085962
5641,0.0,0.0,2000.0,0.0,1000.0,0.0,8726.386699136852,250.81233,30259297.804085962
5642,0.0,0.0,1000.0,0.0,0.0,0.0,7687.317704955639,250.81233,30259297.804085962
5643,0.0,0.0,1000.0,0.0,0.0,0.0,6648.2487107744255,250.81233,30259297.804085962
5644,0.0,0.0,1000.0,0.0,0.0,0.0,5609.179716593212,250.81233,30259297.804085962
5645,0.0,0.0,1000.0,0.0,0.0,0.0,4570.110722411999,250.81233,30259297.804085962
5646,0.0,0.0,1000.0,0.0,0.0,0.0,3531.0417282307853,250.81233,30259297.804085962
5647,0.0,0.0,1000.0,0.0,0.0,0.0,2491.972734049572,250.81233,30259297.804085962
5648,0.0,143.84613905717373,1314.8791846181448,143.84613905717373,458.7253236753186,0.0,1125.7225422185816,250.81233,30259297.804085962
5649,0.0,1657.3558569222073,0.0,1657.3558569222073,657.3558569222024,0.0,1125.7225422185968,250.81233,30259297.804085962
5650,0.0,3750.597059146229,0.0,3750.597059146238,1000.0,1750.5970591462292,2810.497151940928,237.81233,30259297.804085962
5651,0.0,4113.526617052645,0.0,5413.420680533723,1000.0,2113.526617052645,4844.5551681923935,250.81233,30259297.804085962
5652,0.0,2000.0,0.0,6739.437017073136,1000.0,0.0,4844.5551681923935,250.81233,30259297.804085962
5653,0.0,5941.8547870314615,0.0,7319.986880745778,1000.0,3941.854787031462,8638.196215231474,250.81233,30259297.804085962
5654,0.0,5941.8547870314615,0.0,7845.420248069981,1000.0,3941.854787031462,12431.83726227055,250.81233,30259297.804085962
5655,0.0,5941.8547870314615,0.0,7578.53157751787,1000.0,3941.854787031462,16225.47830930963,255.66933,30259297.804085962
5656,0.0,5941.8547870314615,0.0,6720.691239511997,1000.0,3941.854787031462,20019.11935634871,296.22233,30259297.804085962
5657,0.0,2000.0,0.0,5532.940589985958,1000.0,0.0,20019.11935634871,317.81233,30259297.804085962
5658,0.0,3423.1181897388115,0.0,3423.1181897388255,1000.0,1423.1181897388115,21388.72830215334,317.81233,30259297.804085962
5659,0.0,1525.127242702529,474.872757297471,1525.127242702529,1000.0,0.0,20895.302743864202,357.81233,30259297.804085962
5660,0.0,255.2652189406638,1744.7347810593362,255.2652189406638,1000.0,0.0,19082.402929795895,357.81233,30259297.804085962
5661,0.0,0.0,2000.0,0.0,1000.0,0.0,17004.264941433466,317.81233,30259297.804085962
5662,0.0,0.0,2000.0,0.0,1000.0,0.0,14926.126953071041,316.81233,30259297.804085962
5663,0.0,0.0,2000.0,0.0,1000.0,0.0,12847.988964708615,296.22233,30259297.804085962
5664,0.0,0.0,1000.0,0.0,0.0,0.0,11808.9199705274,250.81233,30259297.804085962
5665,0.0,0.0,2000.0,0.0,1000.0,0.0,9730.781982164948,274.1379281,30259297.804085962
5666,0.0,0.0,2000.0,0.0,1000.0,0.0,7652.643993802521,274.1379281,30259297.804085962
5667,0.0,0.0,1000.0,0.0,0.0,0.0,6613.574999621308,274.1379281,30259297.804085962
5668,0.0,0.0,1000.0,0.0,0.0,0.0,5574.506005440095,274.1379281,30259297.804085962
5669,0.0,0.0,1000.0,0.0,0.0,0.0,4535.437011258881,274.1379281,30259297.804085962
5670,0.0,0.0,1000.0,0.0,0.0,0.0,3496.368017077668,274.1379281,30259297.804085962
5671,0.0,0.0,1421.1566641534832,0.0,421.1566641534832,0.0,2019.6881914817795,274.1379281,30259297.804085962
5672,0.0,139.64745914911313,860.3525408508868,139.64745914911313,0.0,0.0,1125.7225422185968,251.3499281,30259297.804085962
5673,0.0,1651.5737818876944,0.0,1651.5737818876944,651.5737818876878,0.0,1125.7225422185968,251.3499281,30259297.804085962
5674,0.0,3758.43695291421,0.0,3758.4369529142173,1000.0,1758.43695291421,2818.0422657032323,251.3499281,30259297.804085962
5675,0.0,4070.35380965885,0.0,5467.054604518696,1000.0,2070.35380965885,4810.55077211891,251.9949281,30259297.804085962
5676,0.0,2000.0,0.0,6582.212053424745,1000.0,0.0,4810.55077211891,274.1379281,30259297.804085962
5677,0.0,5941.8547870314615,0.0,7291.165474788296,1000.0,3941.854787031462,8604.19181915799,274.1379281,30259297.804085962
5678,0.0,5941.8547870314615,0.0,7496.307515703521,1000.0,3941.854787031462,12397.832866197066,279.1379281,30259297.804085962
5679,0.0,5941.8547870314615,0.0,7346.667448063929,1000.0,3941.854787031462,16191.473913236146,279.1379281,30259297.804085962
5680,0.0,5941.8547870314615,0.0,6244.438129773156,1000.0,3941.854787031462,19985.114960275227,279.1379281,30259297.804085962
5681,0.0,2000.0,0.0,4996.672516494185,1000.0,0.0,19985.114960275227,294.1379281,30259297.804085962
5682,0.0,3458.451103364626,0.0,3458.451103364648,1000.0,1458.4511033646259,21388.72830215334,314.1379281,30259297.804085962
5683,0.0,1480.1516030668115,519.8483969331885,1480.1516030668115,1000.0,0.0,20848.56995122526,354.1379281,30259297.804085962
5684,0.0,228.91675378123838,1771.0832462187616,228.91675378123838,1000.0,0.0,19008.292263965537,604.1379281,30259297.804085962
5685,0.0,0.0,2000.0,0.0,1000.0,0.0,16930.154275603112,314.1379281,30259297.804085962
5686,0.0,0.0,2000.0,0.0,1000.0,0.0,14852.016287240684,314.1379281,30259297.804085962
5687,0.0,0.0,2000.0,0.0,1000.0,0.0,12773.878298878257,306.1379281,30259297.804085962
5688,0.0,0.0,2000.0,0.0,1000.0,0.0,10695.74031051583,279.1379281,30259297.804085962
5689,0.0,0.0,1000.0,0.0,0.0,0.0,9656.671316334607,246.0073451,30259297.804085962
5690,0.0,0.0,1000.0,0.0,0.0,0.0,8617.602322153392,246.0073451,30259297.804085962
5691,0.0,0.0,1000.0,0.0,0.0,0.0,7578.533327972179,246.0073451,30259297.804085962
5692,0.0,0.0,1000.0,0.0,0.0,0.0,6539.464333790966,246.0073451,30259297.804085962
5693,0.0,0.0,1000.0,0.0,0.0,0.0,5500.395339609752,246.0073451,30259297.804085962
5694,0.0,0.0,1000.0,0.0,0.0,0.0,4461.326345428539,246.0073451,30259297.804085962
5695,0.0,0.0,2000.0,0.0,1000.0,0.0,2383.188357066111,246.0073451,30259297.804085962
5696,0.0,104.75931272527777,1210.1851002092549,104.75931272527777,314.94441293453224,0.0,1125.7225422185893,246.0073451,30259297.804085962
5697,0.0,1586.1147720329302,0.0,1586.1147720329302,586.114772032927,0.0,1125.7225422185968,246.0073451,30259297.804085962
5698,0.0,3620.141609495794,0.0,3620.1416094958176,1000.0,1620.141609495794,2684.946827197349,246.0073451,30259297.804085962
5699,0.0,2034.6619655903892,0.0,5229.236422176926,1000.0,34.66196559038916,2718.3055028815397,246.0073451,30259297.804085962
5700,0.0,2000.0,0.0,6167.717415603065,1000.0,0.0,2718.3055028815397,246.0073451,30259297.804085962
5701,0.0,5941.8547870314615,0.0,6852.036234834024,1000.0,3941.854787031462,6511.946549920619,246.0073451,30259297.804085962
5702,0.0,5941.8547870314615,0.0,6940.854824222578,1000.0,3941.854787031462,10305.5875969597,246.0073451,30259297.804085962
5703,0.0,5941.8547870314615,0.0,7041.053709743674,1000.0,3941.854787031462,14099.228643998778,246.0073451,30259297.804085962
5704,0.0,5925.237994561751,0.0,5925.237994561757,1000.0,3925.2379945617513,17876.877689965007,246.0073451,30259297.804085962
5705,0.0,4564.054784208237,0.0,4564.054784208252,1000.0,2564.054784208237,20344.524014287013,266.2193451,30259297.804085962
5706,0.0,3085.0002991129795,0.0,3085.0002991129736,1000.0,1085.0002991129795,21388.72830215334,306.0073451,30259297.804085962
5707,0.0,1373.6546976836248,626.3453023163752,1373.6546976836248,1000.0,0.0,20737.912318865332,316.0073451,30259297.804085962
5708,0.0,217.55423797055542,1782.4457620294445,217.55423797055542,1000.0,0.0,18885.82819373083,336.0073451,30259297.804085962
5709,0.0,0.0,2000.0,0.0,1000.0,0.0,16807.690205368403,316.0073451,30259297.804085962
5710,0.0,0.0,2000.0,0.0,1000.0,0.0,14729.552217005978,306.0073451,30259297.804085962
5711,0.0,0.0,2000.0,0.0,1000.0,0.0,12651.414228643549,286.0073451,30259297.804085962
5712,0.0,0.0,2000.0,0.0,1000.0,0.0,10573.276240281122,266.2193451,30259297.804085962
5713,0.0,0.0,2000.0,0.0,1000.0,0.0,8495.138251918695,258.1279907,30259297.804085962
5714,0.0,0.0,1195.477878250771,0.0,195.47787825077103,0.0,7252.9542553987885,257.1279907,30259297.804085962
5715,0.0,0.0,1000.0,0.0,0.0,0.0,6213.885261217575,250.4279907,30259297.804085962
5716,0.0,0.0,1000.0,0.0,0.0,0.0,5174.816267036362,238.1279907,30259297.804085962
5717,0.0,0.0,1000.0,0.0,0.0,0.0,4135.7472728551475,238.1279907,30259297.804085962
5718,0.0,0.0,1000.0,0.0,0.0,0.0,3096.678278673934,238.1279907,30259297.804085962
5719,0.0,0.0,1000.0,0.0,0.0,0.0,2057.6092844927207,238.1279907,30259297.804085962
5720,0.0,103.15219923538265,896.8478007646173,103.15219923538265,0.0,0.0,1125.7225422185968,227.1279907,30259297.804085962
5721,0.0,1617.432859687176,0.0,1617.432859687176,617.4328596871783,0.0,1125.7225422185968,227.1279907,30259297.804085962
5722,0.0,3755.82167940023,0.0,3755.821679400239,1000.0,1755.82167940023,2815.5253264733783,227.1279907,30259297.804085962
5723,0.0,4184.767701941908,0.0,5348.815644439215,1000.0,2184.767701941908,4918.145762822271,227.1279907,30259297.804085962
5724,0.0,2000.0,0.0,6337.5561992974945,1000.0,0.0,4918.145762822271,227.1279907,30259297.804085962
5725,0.0,5941.8547870314615,0.0,7244.547127216072,1000.0,3941.854787031462,8711.78680986135,227.1279907,30259297.804085962
5726,0.0,5941.8547870314615,0.0,7114.738090293612,1000.0,3941.854787031462,12505.427856900427,238.1279907,30259297.804085962
5727,0.0,5941.8547870314615,0.0,7228.452206347892,1000.0,3941.854787031462,16299.068903939507,238.1279907,30259297.804085962
5728,0.0,5941.8547870314615,0.0,6611.484175893431,1000.0,3941.854787031462,20092.709950978588,257.1279907,30259297.804085962
5729,0.0,2000.0,0.0,5320.421214094228,1000.0,0.0,20092.709950978588,258.3399907,30259297.804085962
5730,0.0,3346.6524845955473,0.0,3346.6524845955464,1000.0,1346.6524845955473,21388.72830215334,268.1279907,30259297.804085962
5731,0.0,1525.2102626083947,474.7897373916053,1525.2102626083947,1000.0,0.0,20895.389007274287,278.1279907,30259297.804085962
5732,0.0,204.5430874494134,1795.4569125505866,204.5430874494134,1000.0,0.0,19029.785399054635,308.1279907,30259297.804085962
5733,0.0,0.0,2000.0,0.0,1000.0,0.0,16951.64741069221,308.1279907,30259297.804085962
5734,0.0,0.0,2000.0,0.0,1000.0,0.0,14873.509422329782,308.1279907,30259297.804085962
5735,0.0,0.0,2000.0,0.0,1000.0,0.0,12795.371433967355,268.1279907,30259297.804085962
5736,0.0,0.0,2000.0,0.0,1000.0,0.0,10717.233445604928,258.3399907,30259297.804085962
5737,0.0,0.0,1000.0,0.0,0.0,0.0,9678.164451423698,251.8053085,30259297.804085962
5738,0.0,0.0,1000.0,0.0,0.0,0.0,8639.095457242485,245.8053085,30259297.804085962
5739,0.0,0.0,1000.0,0.0,0.0,0.0,7600.02646306127,245.8053085,30259297.804085962
5740,0.0,0.0,1000.0,0.0,0.0,0.0,6560.957468880057,245.8053085,30259297.804085962
5741,0.0,0.0,1000.0,0.0,0.0,0.0,5521.888474698843,251.8053085,30259297.804085962
5742,0.0,0.0,1327.7361376078322,0.0,327.73613760783223,0.0,4142.279021656624,251.8053085,30259297.804085962
5743,0.0,0.0,2000.0,0.0,1000.0,0.0,2064.1410332941964,251.8053085,30259297.804085962
5744,0.0,96.86604418882877,903.1339558111717,96.86604418882877,0.0,0.0,1125.7225422185816,251.8053085,30259297.804085962
5745,0.0,1644.7064536971864,0.0,1644.7064536971864,644.7064536971639,0.0,1125.7225422185968,251.8053085,30259297.804085962
5746,0.0,3578.21415702815,0.0,3578.2141570281588,1000.0,1578.21415702815,2644.5958469424886,251.8053085,30259297.804085962
5747,0.0,4413.583644227801,0.0,5275.682780628203,1000.0,2413.583644227802,4967.428746147325,251.8053085,30259297.804085962
5748,0.0,2000.0,0.0,6552.020728879426,1000.0,0.0,4967.428746147325,251.8053085,30259297.804085962
5749,0.0,5941.8547870314615,0.0,7376.95365733065,1000.0,3941.854787031462,8761.069793186405,251.8053085,30259297.804085962
5750,0.0,5941.8547870314615,0.0,7516.185994415172,1000.0,3941.854787031462,12554.710840225482,251.8053085,30259297.804085962
5751,0.0,5941.8547870314615,0.0,7383.554111678807,1000.0,3941.854787031462,16348.351887264562,277.0173085,30259297.804085962
5752,0.0,5941.8547870314615,0.0,6402.635670266647,1000.0,3941.854787031462,20141.992934303642,277.0173085,30259297.804085962
5753,0.0,2000.0,0.0,5187.344552888247,1000.0,0.0,20141.992934303642,281.8053085,30259297.804085962
5754,0.0,3295.4440646817334,0.0,3295.4440646817457,1000.0,1295.4440646817334,21388.72830215334,306.8053085,30259297.804085962
5755,0.0,1330.375129485252,669.624870514748,1330.375129485252,1000.0,0.0,20692.941861468855,346.8053085,30259297.804085962
5756,0.0,192.913709064012,1807.086290935988,192.913709064012,1000.0,0.0,18815.254526747336,596.8053085,30259297.804085962
5757,0.0,0.0,2000.0,0.0,1000.0,0.0,16737.116538384907,306.8053085,30259297.804085962
5758,0.0,0.0,2000.0,0.0,1000.0,0.0,14658.97855002248,306.8053085,30259297.804085962
5759,0.0,0.0,2000.0,0.0,1000.0,0.0,12580.840561660054,281.8053085,30259297.804085962
5760,0.0,0.0,2000.0,0.0,1000.0,0.0,10502.702573297627,277.0173085,30259297.804085962
5761,0.0,0.0,1000.0,0.0,0.0,0.0,9463.633579116413,98.19154742,30259297.804085962
5762,0.0,0.0,1000.0,0.0,0.0,0.0,8424.5645849352,103.4045474,30259297.804085962
5763,0.0,0.0,1000.0,0.0,0.0,0.0,7385.495590753986,98.19154742,30259297.804085962
5764,0.0,0.0,1000.0,0.0,0.0,0.0,6346.426596572773,98.19154742,30259297.804085962
5765,0.0,0.0,1000.0,0.0,0.0,0.0,5307.357602391559,101.9895474,30259297.804085962
5766,0.0,0.0,2000.0,0.0,1000.0,0.0,3229.2196140291226,257.0425474,30259297.804085962
5767,0.0,0.0,1000.0,0.0,0.0,0.0,2190.1506198479087,257.0425474,30259297.804085962
5768,0.0,92.27003380566686,1024.4055819104497,92.27003380566686,116.6756157161161,0.0,1125.7225422185968,257.0425474,30259297.804085962
5769,0.0,1722.174392090595,0.0,1722.174392090595,722.174392090601,0.0,1125.7225422185968,105.3495474,30259297.804085962
5770,0.0,3874.807863703029,0.0,3874.807863703037,1000.0,1874.807863703029,2930.037630246392,98.19154742,30259297.804085962
5771,0.0,4902.919059578113,0.0,5597.8599366497,1000.0,2902.919059578113,5723.806933184368,98.19154742,30259297.804085962
5772,0.0,2000.0,0.0,6957.252190844456,1000.0,0.0,5723.806933184368,101.9895474,30259297.804085962
5773,0.0,5941.8547870314615,0.0,7618.899341954889,1000.0,3941.854787031462,9517.447980223447,101.9895474,30259297.804085962
5774,0.0,5941.8547870314615,0.0,7704.687535764874,1000.0,3941.854787031462,13311.089027262526,257.0425474,30259297.804085962
5775,0.0,5941.8547870314615,0.0,7319.951308834429,1000.0,3941.854787031462,17104.730074301606,257.0425474,30259297.804085962
5776,0.0,2000.0,0.0,6269.054929048625,1000.0,0.0,17104.730074301606,267.0425474,30259297.804085962
5777,0.0,5089.393266811027,0.0,5089.393266811054,1000.0,3089.3932668110274,20077.96215428054,267.0425474,30259297.804085962
5778,0.0,3361.9764628769763,0.0,3361.9764628769676,1000.0,1361.9764628769763,21388.72830215334,272.0425474,30259297.804085962
5779,0.0,1517.2576925295227,482.7423074704773,1517.2576925295227,1000.0,0.0,20887.125738281276,597.0425474,30259297.804085962
5780,0.0,184.02413405138668,1815.9758659486133,184.02413405138668,1000.0,0.0,19000.201521792693,1134.594547,30259297.804085962
5781,0.0,0.0,2000.0,0.0,1000.0,0.0,16922.063533430264,307.0425474,30259297.804085962
5782,0.0,0.0,2000.0,0.0,1000.0,0.0,14843.925545067837,307.0425474,30259297.804085962
5783,0.0,0.0,2000.0,0.0,1000.0,0.0,12765.78755670541,257.0425474,30259297.804085962
5784,0.0,0.0,2000.0,0.0,1000.0,0.0,10687.649568342984,257.0425474,30259297.804085962
5785,0.0,0.0,1000.0,0.0,0.0,0.0,9648.58057416177,121.4199165,30259297.804085962
5786,0.0,0.0,1000.0,0.0,0.0,0.0,8609.511579980557,121.4199165,30259297.804085962
5787,0.0,0.0,1000.0,0.0,0.0,0.0,7570.442585799343,115.3329165,30259297.804085962
5788,0.0,0.0,1000.0,0.0,0.0,0.0,6531.3735916181295,115.3329165,30259297.804085962
5789,0.0,0.0,1000.0,0.0,0.0,0.0,5492.304597436916,115.3329165,30259297.804085962
5790,0.0,0.0,1298.5826294916099,0.0,298.58262949160985,0.0,4142.987650749853,122.4909165,30259297.804085962
5791,0.0,0.0,1000.0,0.0,0.0,0.0,3103.9186565686396,121.4199165,30259297.804085962
5792,0.0,96.184059549519,1903.8159404504809,96.184059549519,1000.0,0.0,1125.7225422185968,122.4909165,30259297.804085962
5793,0.0,1641.1126765641538,0.0,1641.1126765641538,641.1126765641636,0.0,1125.7225422185968,122.4909165,30259297.804085962
5794,0.0,3792.411824035386,0.0,3792.411824035373,1000.0,1792.411824035386,2850.739681670252,115.3329165,30259297.804085962
5795,0.0,4251.116268735885,0.0,5493.420861267611,1000.0,2251.1162687358847,5017.213978701668,115.3329165,30259297.804085962
5796,0.0,2000.0,0.0,7008.003967473102,1000.0,0.0,5017.213978701668,115.3329165,30259297.804085962
5797,0.0,5941.8547870314615,0.0,7473.125852064631,1000.0,3941.854787031462,8810.855025740748,115.3329165,30259297.804085962
5798,0.0,5941.8547870314615,0.0,7794.5202006838335,1000.0,3941.854787031462,12604.496072779824,122.4909165,30259297.804085962
5799,0.0,5941.8547870314615,0.0,7550.178657125817,1000.0,3941.854787031462,16398.137119818904,274.1839165,30259297.804085962
5800,0.0,5941.8547870314615,0.0,6735.439971423419,1000.0,3941.854787031462,20191.778166857985,279.1839165,30259297.804085962
5801,0.0,2000.0,0.0,5400.196042206332,1000.0,0.0,20191.778166857985,282.1839165,30259297.804085962
5802,0.0,3243.7137731664184,0.0,3243.713773166413,1000.0,1243.7137731664184,21388.72830215334,364.1839165,30259297.804085962
5803,0.0,1353.8592501454716,646.1407498545284,1353.8592501454716,1000.0,0.0,20717.3434831025,364.1839165,30259297.804085962
5804,0.0,175.377714517668,1824.622285482332,175.377714517668,1000.0,0.0,18821.435040165747,614.1839165,30259297.804085962
5805,0.0,0.0,2000.0,0.0,1000.0,0.0,16743.297051803318,614.1839165,30259297.804085962
5806,0.0,0.0,2000.0,0.0,1000.0,0.0,14665.159063440891,284.1839165,30259297.804085962
5807,0.0,0.0,2000.0,0.0,1000.0,0.0,12587.021075078464,274.1839165,30259297.804085962
5808,0.0,0.0,2000.0,0.0,1000.0,0.0,10508.883086716038,274.1839165,30259297.804085962
5809,0.0,0.0,1000.0,0.0,0.0,0.0,9469.814092534823,123.9942987,30259297.804085962
5810,0.0,0.0,1000.0,0.0,0.0,0.0,8430.745098353611,123.9942987,30259297.804085962
5811,0.0,0.0,1000.0,0.0,0.0,0.0,7391.676104172397,123.9942987,30259297.804085962
5812,0.0,0.0,1000.0,0.0,0.0,0.0,6352.607109991183,123.9942987,30259297.804085962
5813,0.0,0.0,1000.0,0.0,0.0,0.0,5313.53811580997,123.9942987,30259297.804085962
5814,0.0,0.0,2000.0,0.0,1000.0,0.0,3235.4001274475468,225.6872987,30259297.804085962
5815,0.0,0.0,1123.4480591852375,0.0,123.44805918523753,0.0,2068.0600825751053,225.6872987,30259297.804085962
5816,0.0,93.09435116089641,906.9056488391036,93.09435116089641,0.0,0.0,1125.7225422185968,123.9942987,30259297.804085962
5817,0.0,1692.4100544254054,0.0,1692.4100544254054,692.4100544253888,0.0,1125.7225422185968,116.8362987,30259297.804085962
5818,0.0,3771.738695641142,0.0,3771.738695641152,1000.0,1771.738695641142,2830.843862903632,116.8362987,30259297.804085962
5819,0.0,5456.165684103376,0.0,5663.052083929747,1000.0,3456.1656841033764,6157.057717284722,120.6342987,30259297.804085962
5820,0.0,2000.0,0.0,6936.745102261967,1000.0,0.0,6157.057717284722,225.6872987,30259297.804085962
5821,0.0,5941.8547870314615,0.0,7434.394857522536,1000.0,3941.854787031462,9950.6987643238,225.6872987,30259297.804085962
5822,0.0,5941.8547870314615,0.0,7096.692088961274,1000.0,3941.854787031462,13744.33981136288,225.6872987,30259297.804085962
5823,0.0,5941.8547870314615,0.0,6861.862792245139,1000.0,3941.854787031462,17537.98085840196,225.6872987,30259297.804085962
5824,0.0,2000.0,0.0,6357.968403158581,1000.0,0.0,17537.98085840196,265.6872987,30259297.804085962
5825,0.0,4768.935900590319,0.0,4768.935900590345,1000.0,2768.935900590319,20202.80476913008,265.6872987,30259297.804085962
5826,0.0,3232.256372634308,0.0,3232.256372634327,1000.0,1232.2563726343078,21388.72830215334,274.6872987,30259297.804085962
5827,0.0,1427.1166438152823,572.8833561847177,1427.1166438152823,1000.0,0.0,20793.462969459317,285.6872987,30259297.804085962
5828,0.0,182.71946631519003,1817.28053368481,182.71946631519003,1000.0,0.0,18905.183113178347,285.6872987,30259297.804085962
5829,0.0,0.0,2000.0,0.0,1000.0,0.0,16827.045124815922,285.6872987,30259297.804085962
5830,0.0,0.0,2000.0,0.0,1000.0,0.0,14748.907136453494,265.6872987,30259297.804085962
5831,0.0,0.0,2000.0,0.0,1000.0,0.0,12670.769148091067,265.6872987,30259297.804085962
5832,0.0,0.0,2000.0,0.0,1000.0,0.0,10592.63115972864,225.6872987,30259297.804085962
5833,0.0,0.0,2000.0,0.0,1000.0,0.0,8514.493171366204,183.4336616,30259297.804085962
5834,0.0,0.0,1197.559426615289,0.0,197.5594266152891,0.0,7270.146302480825,183.4336616,30259297.804085962
5835,0.0,0.0,1000.0,0.0,0.0,0.0,6231.077308299612,148.4336616,30259297.804085962
5836,0.0,0.0,1000.0,0.0,0.0,0.0,5192.008314118399,129.4426616,30259297.804085962
5837,0.0,0.0,1000.0,0.0,0.0,0.0,4152.939319937184,129.4426616,30259297.804085962
5838,0.0,0.0,1000.0,0.0,0.0,0.0,3113.870325755971,129.4426616,30259297.804085962
5839,0.0,0.0,1000.0,0.0,0.0,0.0,2074.8013315747576,127.4336616,30259297.804085962
5840,0.0,86.60657312363092,913.3934268763691,86.60657312363092,0.0,0.0,1125.7225422185968,121.7536616,30259297.804085962
5841,0.0,1505.5986577390943,0.0,1505.5986577390943,505.59865773909405,0.0,1125.7225422185968,121.6236616,30259297.804085962
5842,0.0,3590.6797175843103,0.0,3590.6797175843267,1000.0,1590.6797175843103,2656.592702421737,121.6236616,30259297.804085962
5843,0.0,4920.105171643909,0.0,5573.45662518048,1000.0,2920.1051716439088,5466.901919611835,121.6236616,30259297.804085962
5844,0.0,2000.0,0.0,6914.120882135957,1000.0,0.0,5466.901919611835,127.4336616,30259297.804085962
5845,0.0,5941.8547870314615,0.0,7700.589667352169,1000.0,3941.854787031462,9260.542966650915,127.4336616,30259297.804085962
5846,0.0,5941.8547870314615,0.0,7921.215822121857,1000.0,3941.854787031462,13054.184013689992,127.4336616,30259297.804085962
5847,0.0,5941.8547870314615,0.0,6717.637114302355,1000.0,3941.854787031462,16847.825060729072,129.4426616,30259297.804085962
5848,0.0,5775.811414728384,0.0,5775.811414728413,1000.0,3775.811414728384,20481.66596626367,183.4336616,30259297.804085962
5849,0.0,2000.0,0.0,4457.302881065885,1000.0,0.0,20481.66596626367,183.4336616,30259297.804085962
5850,0.0,2942.500349012546,0.0,2942.5003490125605,1000.0,942.5003490125459,21388.72830215334,233.4336616,30259297.804085962
5851,0.0,1160.4414610694184,839.5585389305816,1160.4414610694184,1000.0,0.0,20516.369055550487,262.4336616,30259297.804085962
5852,0.0,139.68304232809305,1860.316957671907,139.68304232809305,1000.0,0.0,18583.37138548408,623.4336616,30259297.804085962
5853,0.0,0.0,2000.0,0.0,1000.0,0.0,16505.23339712165,233.4336616,30259297.804085962
5854,0.0,0.0,2000.0,0.0,1000.0,0.0,14427.095408759224,233.4336616,30259297.804085962
5855,0.0,0.0,2000.0,0.0,1000.0,0.0,12348.957420396797,233.4336616,30259297.804085962
5856,0.0,0.0,2000.0,0.0,1000.0,0.0,10270.81943203437,233.4336616,30259297.804085962
5857,0.0,0.0,1000.0,0.0,0.0,0.0,9231.750437853156,143.402857,30259297.804085962
5858,0.0,0.0,1881.7277159151417,0.0,881.7277159151417,0.0,7276.505512754299,168.402857,30259297.804085962
5859,0.0,0.0,1000.0,0.0,0.0,0.0,6237.436518573086,143.402857,30259297.804085962
5860,0.0,0.0,1000.0,0.0,0.0,0.0,5198.367524391872,143.402857,30259297.804085962
5861,0.0,0.0,1000.0,0.0,0.0,0.0,4159.298530210659,143.402857,30259297.804085962
5862,0.0,0.0,1000.0,0.0,0.0,0.0,3120.2295360294447,143.402857,30259297.804085962
5863,0.0,0.0,1000.0,0.0,0.0,0.0,2081.1605418482313,143.402857,30259297.804085962
5864,0.0,80.48646915643974,919.5135308435603,80.48646915643974,0.0,0.0,1125.7225422185968,143.402857,30259297.804085962
5865,0.0,1579.7633886700003,0.0,1579.7633886700003,579.7633886699914,0.0,1125.7225422185968,143.402857,30259297.804085962
5866,0.0,3753.283499018146,0.0,3753.283499018175,1000.0,1753.283499018146,2813.0825816736606,198.902857,30259297.804085962
5867,0.0,4314.066732078418,0.0,5250.947367000256,1000.0,2314.066732078418,5040.14040462593,168.402857,30259297.804085962
5868,0.0,2000.0,0.0,6775.742507544061,1000.0,0.0,5040.14040462593,168.402857,30259297.804085962
5869,0.0,5941.8547870314615,0.0,7341.0988721032945,1000.0,3941.854787031462,8833.78145166501,168.402857,30259297.804085962
5870,0.0,5941.8547870314615,0.0,7566.451493888897,1000.0,3941.854787031462,12627.422498704087,168.402857,30259297.804085962
5871,0.0,5941.8547870314615,0.0,7359.6845253590245,1000.0,3941.854787031462,16421.063545743167,168.402857,30259297.804085962
5872,0.0,5941.8547870314615,0.0,5957.71842850391,1000.0,3941.854787031462,20214.704592782247,198.902857,30259297.804085962
5873,0.0,2000.0,0.0,5167.270389227469,1000.0,0.0,20214.704592782247,208.402857,30259297.804085962
5874,0.0,3219.891634841124,0.0,3219.8916348411462,1000.0,1219.891634841124,21388.72830215334,208.402857,30259297.804085962
5875,0.0,1348.8362528821815,651.1637471178185,1348.8362528821815,1000.0,0.0,20712.124242388352,238.402857,30259297.804085962
5876,0.0,146.7935147298765,1853.2064852701235,146.7935147298765,1000.0,0.0,18786.51484372863,238.402857,30259297.804085962
5877,0.0,0.0,2000.0,0.0,1000.0,0.0,16708.3768553662,238.402857,30259297.804085962
5878,0.0,0.0,2000.0,0.0,1000.0,0.0,14630.238867003776,208.402857,30259297.804085962
5879,0.0,0.0,2000.0,0.0,1000.0,0.0,12552.10087864135,208.402857,30259297.804085962
5880,0.0,0.0,1000.0,0.0,0.0,0.0,11513.031884460135,198.902857,30259297.804085962
5881,0.0,0.0,1076.9423879238934,0.0,76.9423879238933,0.0,10394.01444064893,206.2321199,30259297.804085962
5882,0.0,0.0,1000.0,0.0,0.0,0.0,9354.945446467716,206.2321199,30259297.804085962
5883,0.0,0.0,1000.0,0.0,0.0,0.0,8315.876452286502,206.2321199,30259297.804085962
5884,0.0,0.0,1000.0,0.0,0.0,0.0,7276.807458105289,183.7321199,30259297.804085962
5885,0.0,0.0,2000.0,0.0,1000.0,0.0,5198.669469742861,206.2321199,30259297.804085962
5886,0.0,0.0,2000.0,0.0,1000.0,0.0,3120.5314813804343,206.2321199,30259297.804085962
5887,0.0,0.0,1000.0,0.0,0.0,0.0,2081.462487199221,183.7321199,30259297.804085962
5888,0.0,80.1958769506472,919.8041230493528,80.1958769506472,0.0,0.0,1125.7225422185968,183.7321199,30259297.804085962
5889,0.0,1563.2474189632755,0.0,1563.2474189632755,563.247418963263,0.0,1125.7225422185968,183.7321199,30259297.804085962
5890,0.0,3638.205402417637,0.0,3638.2054024176455,1000.0,1638.2054024176368,2702.3314215053306,183.7321199,30259297.804085962
5891,0.0,4268.53957570372,0.0,5329.085425217438,1000.0,2268.5395757037204,4885.573909162591,183.7321199,30259297.804085962
5892,0.0,2000.0,0.0,6659.146255401085,1000.0,0.0,4885.573909162591,183.7321199,30259297.804085962
5893,0.0,5941.8547870314615,0.0,7374.628964754834,1000.0,3941.854787031462,8679.214956201671,183.7321199,30259297.804085962
5894,0.0,5941.8547870314615,0.0,7476.13845605371,1000.0,3941.854787031462,12472.856003240748,183.7321199,30259297.804085962
5895,0.0,5941.8547870314615,0.0,7202.435843347192,1000.0,3941.854787031462,16266.497050279828,206.2321199,30259297.804085962
5896,0.0,5941.8547870314615,0.0,6192.529922362923,1000.0,3941.854787031462,20060.138097318908,206.2321199,30259297.804085962
5897,0.0,2000.0,0.0,5090.561539872916,1000.0,0.0,20060.138097318908,213.2321199,30259297.804085962
5898,0.0,3380.496887816329,0.0,3380.49688781632,1000.0,1380.496887816329,21388.72830215334,213.2321199,30259297.804085962
5899,0.0,1403.7867094188884,596.2132905811116,1403.7867094188884,1000.0,0.0,20769.22155799176,238.2321199,30259297.804085962
5900,0.0,140.4124749619198,1859.5875250380802,140.4124749619198,1000.0,0.0,18836.98181875851,238.2321199,30259297.804085962
5901,0.0,0.0,2000.0,0.0,1000.0,0.0,16758.843830396087,238.2321199,30259297.804085962
5902,0.0,0.0,2000.0,0.0,1000.0,0.0,14680.705842033656,238.2321199,30259297.804085962
5903,0.0,0.0,1000.0,0.0,0.0,0.0,13641.636847852444,213.2321199,30259297.804085962
5904,0.0,0.0,1000.0,0.0,0.0,0.0,12602.56785367123,213.2321199,30259297.804085962
5905,0.0,0.0,1000.0,0.0,0.0,0.0,11563.498859489991,214.6534018,30259297.804085962
5906,0.0,0.0,1000.0,0.0,0.0,0.0,10524.429865308777,214.6534018,30259297.804085962
5907,0.0,0.0,1000.0,0.0,0.0,0.0,9485.360871127563,214.6534018,30259297.804085962
5908,0.0,0.0,1000.0,0.0,0.0,0.0,8446.291876946349,214.6534018,30259297.804085962
5909,0.0,0.0,2000.0,0.0,1000.0,0.0,6368.153888583922,214.6534018,30259297.804085962
5910,0.0,0.0,2000.0,0.0,1000.0,0.0,4290.015900221495,248.6534018,30259297.804085962
5911,0.0,0.0,2000.0,0.0,1000.0,0.0,2211.877911859068,248.6534018,30259297.804085962
5912,0.0,70.57095379787326,1045.3159277419893,70.57095379787326,115.88688153986254,0.0,1125.7225422185968,214.6534018,30259297.804085962
5913,0.0,1709.2344079274126,0.0,1709.2344079274126,709.2344079274087,0.0,1125.7225422185968,214.6534018,30259297.804085962
5914,0.0,3935.0066701248065,0.0,3935.0066701248197,1000.0,1935.0066701248065,2987.9729615467104,214.6534018,30259297.804085962
5915,0.0,4084.7348562325747,0.0,5637.255135509248,1000.0,2084.7348562325747,4994.32178718494,223.6534018,30259297.804085962
5916,0.0,2000.0,0.0,6943.007527677446,1000.0,0.0,4994.32178718494,248.6534018,30259297.804085962
5917,0.0,5941.8547870314615,0.0,7750.6772621986265,1000.0,3941.854787031462,8787.96283422402,248.6534018,30259297.804085962
5918,0.0,5941.8547870314615,0.0,7395.094543384391,1000.0,3941.854787031462,12581.603881263098,248.6534018,30259297.804085962
5919,0.0,5941.8547870314615,0.0,7495.35274171554,1000.0,3941.854787031462,16375.244928302178,248.6534018,30259297.804085962
5920,0.0,2000.0,0.0,6932.896316102121,1000.0,0.0,16375.244928302178,258.6534018,30259297.804085962
5921,0.0,5565.373575933575,0.0,5565.373575933593,1000.0,3565.373575933575,19806.56045778065,294.1534018,30259297.804085962
5922,0.0,3643.9815506781924,0.0,3643.9815506782056,1000.0,1643.9815506781924,21388.72830215334,294.1534018,30259297.804085962
5923,0.0,1459.1048512933007,540.8951487066993,1459.1048512933007,1000.0,0.0,20826.700924029166,508.6534018,30259297.804085962
5924,0.0,136.45693926513476,1863.5430607348653,136.45693926513476,1000.0,0.0,18890.35111029802,558.6534018,30259297.804085962
5925,0.0,0.0,2000.0,0.0,1000.0,0.0,16812.213121935594,508.6534018,30259297.804085962
5926,0.0,0.0,2000.0,0.0,1000.0,0.0,14734.075133573166,558.6534018,30259297.804085962
5927,0.0,0.0,2000.0,0.0,1000.0,0.0,12655.937145210739,294.1534018,30259297.804085962
5928,0.0,0.0,1000.0,0.0,0.0,0.0,11616.868151029525,248.6534018,30259297.804085962
5929,0.0,0.0,1000.0,0.0,0.0,0.0,10577.799156848312,231.4324162,30259297.804085962
5930,0.0,0.0,1000.0,0.0,0.0,0.0,9538.730162667098,231.4324162,30259297.804085962
5931,0.0,0.0,1000.0,0.0,0.0,0.0,8499.661168485885,231.4324162,30259297.804085962
5932,0.0,0.0,1000.0,0.0,0.0,0.0,7460.592174304671,231.4324162,30259297.804085962
5933,0.0,0.0,2000.0,0.0,1000.0,0.0,5382.4541859422325,265.9324162,30259297.804085962
5934,0.0,0.0,1164.657932566965,0.0,164.65793256696486,0.0,4172.294239384704,265.9324162,30259297.804085962
5935,0.0,0.0,2000.0,0.0,1000.0,0.0,2094.1562510222766,265.9324162,30259297.804085962
5936,0.0,67.97939864733885,932.0206013526612,67.97939864733885,0.0,0.0,1125.7225422185968,231.4324162,30259297.804085962
5937,0.0,1579.1110491680865,0.0,1579.1110491680865,579.1110491680811,0.0,1125.7225422185968,231.4324162,30259297.804085962
5938,0.0,3817.7284220748984,0.0,3817.7284220749048,1000.0,1817.7284220748984,2875.104375623479,231.4324162,30259297.804085962
5939,0.0,4547.709952875537,0.0,5594.776166302662,1000.0,2547.709952875537,5327.020434270896,231.4324162,30259297.804085962
5940,0.0,2000.0,0.0,7002.162590896167,1000.0,0.0,5327.020434270896,265.9324162,30259297.804085962
5941,0.0,5941.8547870314615,0.0,7924.1869161580025,1000.0,3941.854787031462,9120.661481309975,265.9324162,30259297.804085962
5942,0.0,5941.8547870314615,0.0,8176.083699319789,1000.0,3941.854787031462,12914.302528349053,265.9324162,30259297.804085962
5943,0.0,5941.8547870314615,0.0,7542.309106952812,1000.0,3941.854787031462,16707.943575388133,280.9324162,30259297.804085962
5944,0.0,2000.0,0.0,6881.59893824087,1000.0,0.0,16707.943575388133,285.9324162,30259297.804085962
5945,0.0,5426.58601731868,0.0,5426.58601731869,1000.0,3426.58601731868,20005.68995845563,315.9324162,30259297.804085962
5946,0.0,3437.0722607000325,0.0,3437.072260700043,1000.0,1437.0722607000325,21388.72830215334,315.9324162,30259297.804085962
5947,0.0,1346.0490015148885,653.9509984851115,1346.0490015148885,1000.0,0.0,20709.22809591361,515.9324162,30259297.804085962
5948,0.0,114.62739135695838,1885.3726086430415,114.62739135695838,1000.0,0.0,18750.195875794074,1118.617416,30259297.804085962
5949,0.0,0.0,2000.0,0.0,1000.0,0.0,16672.05788743165,515.9324162,30259297.804085962
5950,0.0,0.0,2000.0,0.0,1000.0,0.0,14593.91989906922,495.9324162,30259297.804085962
5951,0.0,0.0,2000.0,0.0,1000.0,0.0,12515.781910706793,315.9324162,30259297.804085962
5952,0.0,0.0,2000.0,0.0,1000.0,0.0,10437.643922344367,280.9324162,30259297.804085962
5953,0.0,0.0,1000.0,0.0,0.0,0.0,9398.574928163143,230.28631,30259297.804085962
5954,0.0,0.0,1000.0,0.0,0.0,0.0,8359.505933981929,230.28631,30259297.804085962
5955,0.0,0.0,1000.0,0.0,0.0,0.0,7320.436939800715,230.28631,30259297.804085962
5956,0.0,0.0,1000.0,0.0,0.0,0.0,6281.367945619501,230.28631,30259297.804085962
5957,0.0,0.0,1014.1876207981824,0.0,14.187620798182316,0.0,5227.557034565696,230.28631,30259297.804085962
5958,0.0,0.0,2000.0,0.0,1000.0,0.0,3149.419046203269,264.28631,30259297.804085962
5959,0.0,0.0,1000.0,0.0,0.0,0.0,2110.3500520220546,230.28631,30259297.804085962
5960,0.0,52.394484565152375,947.6055154348478,52.394484565152375,0.0,0.0,1125.7225422185968,230.28631,30259297.804085962
5961,0.0,1216.6669402049263,0.0,1216.6669402049263,216.66694020492287,0.0,1125.7225422185968,230.28631,30259297.804085962
5962,0.0,3544.5891796551973,0.0,3544.5891796552182,1000.0,1544.5891796551973,2612.235168718759,230.28631,30259297.804085962
5963,0.0,2000.0,0.0,5403.7245910229885,1000.0,0.0,2612.235168718759,230.28631,30259297.804085962
5964,0.0,2000.0,0.0,6428.829937894618,1000.0,0.0,2612.235168718759,230.28631,30259297.804085962
5965,0.0,5941.8547870314615,0.0,7185.765676109009,1000.0,3941.854787031462,6405.8762157578385,230.28631,30259297.804085962
5966,0.0,5941.8547870314615,0.0,7644.963152950105,1000.0,3941.854787031462,10199.517262796915,230.28631,30259297.804085962
5967,0.0,5941.8547870314615,0.0,7356.891347217778,1000.0,3941.854787031462,13993.158309835995,264.28631,30259297.804085962
5968,0.0,5941.8547870314615,0.0,6370.4458172626555,1000.0,3941.854787031462,17786.799356875075,279.78631,30259297.804085962
5969,0.0,4540.4690238410285,0.0,4937.558963228397,1000.0,2540.4690238410285,20231.74674541968,314.78631,30259297.804085962
5970,0.0,3202.1836624414627,0.0,3202.1836624414864,1000.0,1202.1836624414627,21388.72830215334,314.78631,30259297.804085962
5971,0.0,1222.425296875996,777.5747031240039,1222.425296875996,1000.0,0.0,20580.774537477522,504.78631,30259297.804085962
5972,0.0,106.8705174948451,1893.129482505155,106.8705174948451,1000.0,0.0,18613.682390236092,1117.47131,30259297.804085962
5973,0.0,0.0,2000.0,0.0,1000.0,0.0,16535.544401873663,504.78631,30259297.804085962
5974,0.0,0.0,2000.0,0.0,1000.0,0.0,14457.406413511235,504.78631,30259297.804085962
5975,0.0,0.0,2000.0,0.0,1000.0,0.0,12379.268425148808,284.78631,30259297.804085962
5976,0.0,0.0,1000.0,0.0,0.0,0.0,11340.199430967596,230.28631,30259297.804085962
5977,0.0,0.0,1000.0,0.0,0.0,0.0,10301.130436786381,225.7132003,30259297.804085962
5978,0.0,0.0,2000.0,0.0,1000.0,0.0,8222.99244842395,251.8442003,30259297.804085962
5979,0.0,0.0,1000.0,0.0,0.0,0.0,7183.923454242735,225.7132003,30259297.804085962
5980,0.0,0.0,1000.0,0.0,0.0,0.0,6144.8544600615205,225.7132003,30259297.804085962
5981,0.0,0.0,1000.0,0.0,0.0,0.0,5105.785465880307,225.7132003,30259297.804085962
5982,0.0,0.0,1889.6328492671262,0.0,889.6328492671262,0.0,3142.3265618205332,251.8442003,30259297.804085962
5983,0.0,0.0,1000.0,0.0,0.0,0.0,2103.25756763932,225.7132003,30259297.804085962
5984,0.0,59.22029153509627,940.7797084649037,59.22029153509627,0.0,0.0,1125.7225422185968,225.7132003,30259297.804085962
5985,0.0,1554.8619239626914,0.0,1554.8619239626914,554.8619239626787,0.0,1125.7225422185968,225.7132003,30259297.804085962
5986,0.0,3561.4965530630852,0.0,3561.4965530630916,1000.0,1561.4965530630852,2628.50682488651,221.2132003,30259297.804085962
5987,0.0,4760.4309742932055,0.0,5480.84262440055,1000.0,2760.4309742932055,5285.145594546291,225.7132003,30259297.804085962
5988,0.0,2000.0,0.0,6341.42277704683,1000.0,0.0,5285.145594546291,225.7132003,30259297.804085962
5989,0.0,5941.8547870314615,0.0,7091.9834022672185,1000.0,3941.854787031462,9078.786641585371,225.7132003,30259297.804085962
5990,0.0,5941.8547870314615,0.0,7220.5055630429715,1000.0,3941.854787031462,12872.427688624452,225.7132003,30259297.804085962
5991,0.0,5941.8547870314615,0.0,7402.317692097066,1000.0,3941.854787031462,16666.06873566353,251.8442003,30259297.804085962
5992,0.0,5885.949545239167,0.0,5885.949545239149,1000.0,3885.9495452391666,20405.906578001704,251.8442003,30259297.804085962
5993,0.0,2000.0,0.0,5059.071474365353,1000.0,0.0,20405.906578001704,280.7132003,30259297.804085962
5994,0.0,3021.219580373691,0.0,3021.219580373695,1000.0,1021.2195803736909,21388.72830215334,315.7132003,30259297.804085962
5995,0.0,1161.953701105542,838.046298894458,1161.953701105542,1000.0,0.0,20517.940377283787,495.7132003,30259297.804085962
5996,0.0,89.4175428543669,1910.582457145633,89.4175428543669,1000.0,0.0,18532.7133852372,1118.3982,30259297.804085962
5997,0.0,0.0,2000.0,0.0,1000.0,0.0,16454.575396825396,495.7132003,30259297.804085962
5998,0.0,0.0,2000.0,0.0,1000.0,0.0,14376.437408512345,475.7132003,30259297.804085962
5999,0.0,0.0,2000.0,0.0,1000.0,0.0,12298.299420149919,280.7132003,30259297.804085962
6000,0.0,0.0,2000.0,0.0,1000.0,0.0,10220.161431787492,251.8442003,30259297.804085962
6001,0.0,0.0,1000.0,0.0,0.0,0.0,9181.092437606267,244.2287277,30259297.804085962
6002,0.0,0.0,1000.0,0.0,0.0,0.0,8142.023443425052,244.2287277,30259297.804085962
6003,0.0,0.0,1797.0722232556636,0.0,797.0722232556636,0.0,6274.741415935793,244.2287277,30259297.804085962
6004,0.0,0.0,1000.0,0.0,0.0,0.0,5235.67242175458,244.2287277,30259297.804085962
6005,0.0,0.0,1000.0,0.0,0.0,0.0,4196.603427573366,244.2287277,30259297.804085962
6006,0.0,0.0,1000.0,0.0,0.0,0.0,3157.534433392153,244.2287277,30259297.804085962
6007,0.0,0.0,1000.0,0.0,0.0,0.0,2118.4654392109396,244.2287277,30259297.804085962
6008,0.0,44.58423593456918,955.415764065431,44.58423593456918,0.0,0.0,1125.7225422185968,244.2287277,30259297.804085962
6009,0.0,1675.7517520027607,0.0,1675.7517520027607,675.7517520027592,0.0,1125.7225422185968,244.2287277,30259297.804085962
6010,0.0,3798.893686566291,0.0,3798.8936865663163,1000.0,1798.8936865662909,2856.977826169995,244.2287277,30259297.804085962
6011,0.0,5055.512440932031,0.0,5644.187692016132,1000.0,3055.5124409320306,5797.602999322981,244.2287277,30259297.804085962
6012,0.0,2000.0,0.0,6717.684562296871,1000.0,0.0,5797.602999322981,244.2287277,30259297.804085962
6013,0.0,5941.8547870314615,0.0,7520.6752552613925,1000.0,3941.854787031462,9591.24404636206,244.2287277,30259297.804085962
6014,0.0,5941.8547870314615,0.0,7722.869931771548,1000.0,3941.854787031462,13384.885093401139,244.2287277,30259297.804085962
6015,0.0,5941.8547870314615,0.0,7493.751543731966,1000.0,3941.854787031462,17178.52614044022,244.2287277,30259297.804085962
6016,0.0,2000.0,0.0,6209.283120774602,1000.0,0.0,17178.52614044022,251.2287277,30259297.804085962
6017,0.0,5083.795023177724,0.0,5083.795023177763,1000.0,3083.795023177724,20146.37047074646,307.7287277,30259297.804085962
6018,0.0,3290.8955022931013,0.0,3290.8955022931004,1000.0,1290.8955022931013,21388.72830215334,307.7287277,30259297.804085962
6019,0.0,1249.9954098657522,750.0045901342478,1249.9954098657522,1000.0,0.0,20609.42178705126,1110.413728,30259297.804085962
6020,0.0,85.30189411980318,1914.6981058801969,85.30189411980318,1000.0,0.0,18619.918352013643,1122.290728,30259297.804085962
6021,0.0,0.0,2000.0,0.0,1000.0,0.0,16541.780363651218,457.7287277,30259297.804085962
6022,0.0,0.0,2000.0,0.0,1000.0,0.0,14463.64237528879,307.7287277,30259297.804085962
6023,0.0,0.0,2000.0,0.0,1000.0,0.0,12385.504386926363,252.7287277,30259297.804085962
6024,0.0,0.0,2000.0,0.0,1000.0,0.0,10307.366398563936,244.2287277,30259297.804085962
6025,0.0,0.0,1871.9130120519264,0.0,871.9130120519264,0.0,8362.3196279364,163.7316734,30259297.804085962
6026,0.0,0.0,1000.0,0.0,0.0,0.0,7323.250633755186,163.7316734,30259297.804085962
6027,0.0,0.0,1000.0,0.0,0.0,0.0,6284.1816395739725,163.7316734,30259297.804085962
6028,0.0,0.0,1000.0,0.0,0.0,0.0,5245.112645392759,163.7316734,30259297.804085962
6029,0.0,0.0,1000.0,0.0,0.0,0.0,4206.043651211546,163.7316734,30259297.804085962
6030,0.0,0.0,1000.0,0.0,0.0,0.0,3166.9746570303323,163.7316734,30259297.804085962
6031,0.0,0.0,1000.0,0.0,0.0,0.0,2127.905662849119,163.7316734,30259297.804085962
6032,0.0,35.498964705185216,964.5010352948148,35.498964705185216,0.0,0.0,1125.7225422185968,148.7316734,30259297.804085962
6033,0.0,1570.8323149720734,0.0,1570.8323149720734,570.8323149720673,0.0,1125.7225422185968,148.7316734,30259297.804085962
6034,0.0,3468.336973585803,0.0,3468.3369735858187,1000.0,1468.3369735858032,2538.8500455975736,148.7316734,30259297.804085962
6035,0.0,5270.114204667525,0.0,5270.1142046675695,1000.0,3270.114204667525,5686.0079561696,148.7316734,30259297.804085962
6036,0.0,2000.0,0.0,6846.111838351222,1000.0,0.0,5686.0079561696,148.7316734,30259297.804085962
6037,0.0,5941.8547870314615,0.0,7660.86830437548,1000.0,3941.854787031462,9479.64900320868,148.7316734,30259297.804085962
6038,0.0,5941.8547870314615,0.0,7269.822204035039,1000.0,3941.854787031462,13273.29005024776,148.7316734,30259297.804085962
6039,0.0,5941.8547870314615,0.0,6890.01407837885,1000.0,3941.854787031462,17066.93109728684,163.7316734,30259297.804085962
6040,0.0,5505.524674527612,0.0,5505.524674527658,1000.0,3505.5246745276118,20440.648044052214,163.7316734,30259297.804085962
6041,0.0,2236.5541738116694,0.0,4486.219183012401,1000.0,236.55417381166927,20668.307780928564,218.7316734,30259297.804085962
6042,0.0,2748.566626376538,0.0,2748.5666263765606,1000.0,748.5666263765379,21388.72830215334,308.7316734,30259297.804085962
6043,0.0,1122.6474601934447,877.3525398065553,1122.6474601934447,1000.0,0.0,20477.098481074205,438.7316734,30259297.804085962
6044,0.0,66.65692805402114,1933.3430719459789,66.65692805402114,1000.0,0.0,18468.221639900075,458.7316734,30259297.804085962
6045,0.0,0.0,2000.0,0.0,1000.0,0.0,16390.08365153765,308.7316734,30259297.804085962
6046,0.0,0.0,2000.0,0.0,1000.0,0.0,14311.945663175222,308.7316734,30259297.804085962
6047,0.0,0.0,1000.0,0.0,0.0,0.0,13272.876668994008,246.0556734,30259297.804085962
6048,0.0,0.0,1000.0,0.0,0.0,0.0,12233.807674812793,238.7316734,30259297.804085962
6049,0.0,0.0,2000.0,0.0,1000.0,0.0,10155.669686450366,276.5791073,30259297.804085962
6050,0.0,0.0,2000.0,0.0,1000.0,0.0,8077.53169808794,276.5791073,30259297.804085962
6051,0.0,0.0,1725.6947436920523,0.0,725.6947436920522,0.0,6284.415796496029,267.4681073,30259297.804085962
6052,0.0,0.0,1000.0,0.0,0.0,0.0,5245.346802314815,229.4681073,30259297.804085962
6053,0.0,0.0,1000.0,0.0,0.0,0.0,4206.277808133602,267.4681073,30259297.804085962
6054,0.0,0.0,1000.0,0.0,0.0,0.0,3167.2088139523876,229.4681073,30259297.804085962
6055,0.0,0.0,1000.0,0.0,0.0,0.0,2128.139819771174,147.4681073,30259297.804085962
6056,0.0,35.27361208339961,964.7263879166004,35.27361208339961,0.0,0.0,1125.7225422185968,147.4681073,30259297.804085962
6057,0.0,1766.3790778719213,0.0,1766.3790778719213,766.3790778719122,0.0,1125.7225422185968,147.4681073,30259297.804085962
6058,0.0,4129.302140056915,0.0,4129.302140056941,1000.0,2129.302140056915,3174.9629218093723,147.4681073,30259297.804085962
6059,0.0,5272.930284228256,0.0,5873.750858525331,1000.0,3272.930284228256,6324.831027350646,147.4681073,30259297.804085962
6060,0.0,2000.0,0.0,7226.560427426157,1000.0,0.0,6324.831027350646,147.4681073,30259297.804085962
6061,0.0,5941.8547870314615,0.0,7833.541787431722,1000.0,3941.854787031462,10118.472074389725,147.4681073,30259297.804085962
6062,0.0,5941.8547870314615,0.0,8001.02623341294,1000.0,3941.854787031462,13912.113121428803,147.4681073,30259297.804085962
6063,0.0,5941.8547870314615,0.0,7271.565723466901,1000.0,3941.854787031462,17705.754168467884,147.4681073,30259297.804085962
6064,0.0,2000.0,0.0,5862.157052051278,1000.0,0.0,17705.754168467884,218.4681073,30259297.804085962
6065,0.0,4742.551852251906,0.0,4742.55185225194,1000.0,2742.551852251906,20345.186071075117,267.4681073,30259297.804085962
6066,0.0,3084.3123764320717,0.0,3084.31237643208,1000.0,1084.3123764320717,21388.72830215334,276.5791073,30259297.804085962
6067,0.0,1223.7536942432669,776.2463057567331,1223.7536942432669,1000.0,0.0,20582.15483399381,358.4681073,30259297.804085962
6068,0.0,63.235128774304194,1936.7648712256957,63.235128774304194,1000.0,0.0,18569.722507283816,358.4681073,30259297.804085962
6069,0.0,0.0,2000.0,0.0,1000.0,0.0,16491.584518921387,358.4681073,30259297.804085962
6070,0.0,0.0,2000.0,0.0,1000.0,0.0,14413.446530558962,358.4681073,30259297.804085962
6071,0.0,0.0,2000.0,0.0,1000.0,0.0,12335.308542196535,358.4681073,30259297.804085962
6072,0.0,0.0,2000.0,0.0,1000.0,0.0,10257.170553834108,353.4681073,30259297.804085962
6073,0.0,0.0,1000.0,0.0,0.0,0.0,9218.101559652896,276.3969255,30259297.804085962
6074,0.0,0.0,1000.0,0.0,0.0,0.0,8179.032565471682,278.3969255,30259297.804085962
6075,0.0,0.0,1000.0,0.0,0.0,0.0,7139.963571290468,276.3969255,30259297.804085962
6076,0.0,0.0,1000.0,0.0,0.0,0.0,6100.894577109255,268.3969255,30259297.804085962
6077,0.0,0.0,1000.0,0.0,0.0,0.0,5061.825582928041,276.3969255,30259297.804085962
6078,0.0,0.0,1000.0,0.0,0.0,0.0,4022.756588746827,292.3969255,30259297.804085962
6079,0.0,0.0,1000.0,0.0,0.0,0.0,2983.687594565614,278.3969255,30259297.804085962
6080,0.0,30.345510809143367,1788.1055663787702,30.345510809143367,818.4510771879136,0.0,1125.7225422185968,307.3969255,30259297.804085962
6081,0.0,1616.1400454988852,0.0,1616.1400454988852,616.1400454988834,0.0,1125.7225422185968,278.3969255,30259297.804085962
6082,0.0,3665.68655745996,0.0,3665.6865574599515,1000.0,1665.68655745996,2728.7792851180625,276.3969255,30259297.804085962
6083,0.0,4421.162602194998,0.0,5384.883917472816,1000.0,2421.162602194998,5058.906173470528,278.3969255,30259297.804085962
6084,0.0,2000.0,0.0,6415.706122330213,1000.0,0.0,5058.906173470528,307.3969255,30259297.804085962
6085,0.0,5941.8547870314615,0.0,7129.848580768784,1000.0,3941.854787031462,8852.547220509608,307.3969255,30259297.804085962
6086,0.0,5941.8547870314615,0.0,7713.084884313364,1000.0,3941.854787031462,12646.188267548685,307.3969255,30259297.804085962
6087,0.0,5941.8547870314615,0.0,7417.262120225245,1000.0,3941.854787031462,16439.829314587765,458.3969255,30259297.804085962
6088,0.0,5941.8547870314615,0.0,6262.365516753017,1000.0,3941.854787031462,20233.470361626845,468.3969255,30259297.804085962
6089,0.0,2000.0,0.0,5235.427692502077,1000.0,0.0,20233.470361626845,488.5079255,30259297.804085962
6090,0.0,3200.392706282729,0.0,3200.392706282739,1000.0,1200.3927062827288,21388.72830215334,488.5079255,30259297.804085962
6091,0.0,1178.0782783787495,821.9217216212505,1178.0782783787495,1000.0,0.0,20534.69492557266,699.9919255,30259297.804085962
6092,0.0,50.91190093405599,1949.088099065944,50.91190093405599,1000.0,0.0,18509.457914905637,699.9919255,30259297.804085962
6093,0.0,0.0,1000.0,0.0,0.0,0.0,17470.388920724425,488.5079255,30259297.804085962
6094,0.0,0.0,1000.0,0.0,0.0,0.0,16431.319926543212,488.5079255,30259297.804085962
6095,0.0,0.0,1000.0,0.0,0.0,0.0,15392.250932361998,468.3969255,30259297.804085962
6096,0.0,0.0,1000.0,0.0,0.0,0.0,14353.181938180784,463.3969255,30259297.804085962
6097,0.0,0.0,2000.0,0.0,1000.0,0.0,12275.043949818351,495.6499417,30259297.804085962
6098,0.0,0.0,2000.0,0.0,1000.0,0.0,10196.905961455925,495.6499417,30259297.804085962
6099,0.0,0.0,2000.0,0.0,1000.0,0.0,8118.767973093498,495.6499417,30259297.804085962
6100,0.0,0.0,1000.0,0.0,0.0,0.0,7079.6989789122845,469.5389417,30259297.804085962
6101,0.0,0.0,1000.0,0.0,0.0,0.0,6040.62998473107,495.6499417,30259297.804085962
6102,0.0,0.0,1753.294524354478,0.0,753.294524354478,0.0,4218.836006806633,495.6499417,30259297.804085962
6103,0.0,0.0,2000.0,0.0,1000.0,0.0,2140.6980184442054,495.6499417,30259297.804085962
6104,0.0,23.187601680474035,976.812398319526,23.187601680474035,0.0,0.0,1125.7225422185968,469.5389417,30259297.804085962
6105,0.0,1565.898275656233,0.0,1565.898275656233,565.8982756562255,0.0,1125.7225422185968,482.5389417,30259297.804085962
6106,0.0,3704.1625542428515,0.0,3704.162554242867,1000.0,1704.1625542428515,2765.808584421917,469.5389417,30259297.804085962
6107,0.0,4773.631894257207,0.0,5538.366844498301,1000.0,2773.6318942572066,5435.151919455053,482.5389417,30259297.804085962
6108,0.0,2000.0,0.0,6377.093719605331,1000.0,0.0,5435.151919455053,482.5389417,30259297.804085962
6109,0.0,5941.8547870314615,0.0,7144.793008896962,1000.0,3941.854787031462,9228.792966494133,482.5389417,30259297.804085962
6110,0.0,5941.8547870314615,0.0,7093.821806420483,1000.0,3941.854787031462,13022.43401353321,495.6499417,30259297.804085962
6111,0.0,5941.8547870314615,0.0,6973.637692650798,1000.0,3941.854787031462,16816.07506057229,508.4549417,30259297.804085962
6112,0.0,5941.8547870314615,0.0,5948.716177180391,1000.0,3941.854787031462,20609.71610761137,803.5389417,30259297.804085962
6113,0.0,2000.0,0.0,4465.955238641187,1000.0,0.0,20609.71610761137,824.5389417,30259297.804085962
6114,0.0,2809.4474174376296,0.0,2809.447417437653,1000.0,809.4474174376296,21388.72830215334,824.5389417,30259297.804085962
6115,0.0,1188.420769349813,811.5792306501869,1188.420769349813,1000.0,0.0,20545.441487263288,834.5389417,30259297.804085962
6116,0.0,40.919292443576666,1959.0807075564232,40.919292443576666,1000.0,0.0,18509.821466942816,834.5389417,30259297.804085962
6117,0.0,0.0,2000.0,0.0,1000.0,0.0,16431.683478580388,829.5389417,30259297.804085962
6118,0.0,0.0,2000.0,0.0,1000.0,0.0,14353.545490217963,824.5389417,30259297.804085962
6119,0.0,0.0,2000.0,0.0,1000.0,0.0,12275.407501855536,824.5389417,30259297.804085962
6120,0.0,0.0,1000.0,0.0,0.0,0.0,11236.338507674322,503.5389417,30259297.804085962
6121,0.0,0.0,1000.0,0.0,0.0,0.0,10197.26951349311,660.7898586,30259297.804085962
6122,0.0,0.0,1000.0,0.0,0.0,0.0,9158.200519311895,654.5588586,30259297.804085962
6123,0.0,0.0,1000.0,0.0,0.0,0.0,8119.131525130681,654.5588586,30259297.804085962
6124,0.0,0.0,1000.0,0.0,0.0,0.0,7080.062530949468,654.5588586,30259297.804085962
6125,0.0,0.0,1748.3782653604933,0.0,748.3782653604933,0.0,5263.37688531304,703.4478586,30259297.804085962
6126,0.0,0.0,2000.0,0.0,1000.0,0.0,3185.2388969506123,770.9798586,30259297.804085962
6127,0.0,0.0,1000.0,0.0,0.0,0.0,2146.1699027693985,703.4478586,30259297.804085962
6128,0.0,17.921460205908293,982.0785397940917,17.921460205908293,0.0,0.0,1125.7225422185968,654.5588586,30259297.804085962
6129,0.0,1402.6421659881014,0.0,1402.6421659881014,402.6421659881014,0.0,1125.7225422185968,654.5588586,30259297.804085962
6130,0.0,3430.667502568616,0.0,3430.6675025686436,1000.0,1430.6675025686159,2502.5969466906326,489.4478586,30259297.804085962
6131,0.0,4949.099394933952,0.0,4949.09939493398,1000.0,2949.0993949339518,5340.810204375068,654.5588586,30259297.804085962
6132,0.0,2619.9620146424354,0.0,6308.254431691413,1000.0,619.9620146424355,5937.461647266948,654.5588586,30259297.804085962
6133,0.0,5941.8547870314615,0.0,7106.856675305068,1000.0,3941.854787031462,9731.102694306028,654.5588586,30259297.804085962
6134,0.0,5941.8547870314615,0.0,6875.994779101257,1000.0,3941.854787031462,13524.743741345104,703.4478586,30259297.804085962
6135,0.0,5941.8547870314615,0.0,6366.063305953374,1000.0,3941.854787031462,17318.384788384185,703.4478586,30259297.804085962
6136,0.0,5393.820929212308,0.0,5393.820929212328,1000.0,3393.8209292123083,20584.59805065811,770.9798586,30259297.804085962
6137,0.0,2000.0,0.0,4435.740195732427,1000.0,0.0,20584.59805065811,823.4478586,30259297.804085962
6138,0.0,2835.54681161184,0.0,2835.5468116118495,1000.0,835.54681161184,21388.72830215334,833.4478586,30259297.804085962
6139,0.0,1068.764465223243,931.235534776757,1068.764465223243,1000.0,0.0,20421.11033168705,1083.447859,30259297.804085962
6140,0.0,32.74135847528808,1967.258641524712,32.74135847528808,1000.0,0.0,18376.99287374367,1093.447859,30259297.804085962
6141,0.0,0.0,2000.0,0.0,1000.0,0.0,16298.854885381244,903.4478586,30259297.804085962
6142,0.0,0.0,2000.0,0.0,1000.0,0.0,14220.716897018818,833.4478586,30259297.804085962
6143,0.0,0.0,2000.0,0.0,1000.0,0.0,12142.578908656391,823.4478586,30259297.804085962
6144,0.0,0.0,1000.0,0.0,0.0,0.0,11103.509914475177,703.4478586,30259297.804085962
6145,0.0,0.0,1000.0,0.0,0.0,0.0,10064.44092029396,822.4786941,30259297.804085962
6146,0.0,0.0,1000.0,0.0,0.0,0.0,9025.371926112746,822.4786941,30259297.804085962
6147,0.0,0.0,1000.0,0.0,0.0,0.0,7986.302931931533,801.4786941,30259297.804085962
6148,0.0,0.0,1000.0,0.0,0.0,0.0,6947.233937750319,771.7526941,30259297.804085962
6149,0.0,0.0,1000.0,0.0,0.0,0.0,5908.164943569105,801.4786941,30259297.804085962
6150,0.0,0.0,2000.0,0.0,1000.0,0.0,3830.0269552066784,822.4786941,30259297.804085962
6151,0.0,0.0,1615.1415023843676,0.0,615.1415023843676,0.0,2151.783498863819,822.4786941,30259297.804085962
6152,0.0,12.518935324637905,987.4810646753621,12.518935324637905,0.0,0.0,1125.7225422185968,704.4786941,30259297.804085962
6153,0.0,1457.2012188236602,0.0,1457.2012188236602,457.2012188236622,0.0,1125.7225422185968,704.4786941,30259297.804085962
6154,0.0,3487.2191458212997,0.0,3487.2191458212924,1000.0,1487.2191458212997,2557.0222481570154,704.4786941,30259297.804085962
6155,0.0,5178.828601254908,0.0,5178.828601254911,1000.0,3178.828601254908,5616.326894004738,704.4786941,30259297.804085962
6156,0.0,2561.690570321306,0.0,5788.199882152669,1000.0,561.6905703213059,6156.897898881964,801.4786941,30259297.804085962
6157,0.0,5941.8547870314615,0.0,6028.834972266757,1000.0,3941.854787031462,9950.538945921042,771.7526941,30259297.804085962
6158,0.0,5782.02640341698,0.0,5782.026403417008,1000.0,3782.0264034169804,13590.361156569543,822.4786941,30259297.804085962
6159,0.0,5941.8547870314615,0.0,6278.300324583419,1000.0,3941.854787031462,17384.002203608623,832.4786941,30259297.804085962
6160,0.0,5151.5905904238725,0.0,5151.590590423881,1000.0,3151.5905904238725,20417.09298783256,832.4786941,30259297.804085962
6161,0.0,2000.0,0.0,4065.6222328130184,1000.0,0.0,20417.09298783256,913.2356941,30259297.804085962
6162,0.0,3009.596128762247,0.0,3009.5961287622467,1000.0,1009.5961287622472,21388.72830215334,913.2356941,30259297.804085962
6163,0.0,1037.2506700846075,962.7493299153925,1037.2506700846075,1000.0,0.0,20388.365324269515,1082.478694,30259297.804085962
6164,0.0,20.73244120427535,1979.2675587957247,20.73244120427535,1000.0,0.0,18331.769772736137,1094.478694,30259297.804085962
6165,0.0,0.0,2000.0,0.0,1000.0,0.0,16253.631784373709,1082.478694,30259297.804085962
6166,0.0,0.0,2000.0,0.0,1000.0,0.0,14175.49379601128,913.2356941,30259297.804085962
6167,0.0,0.0,2000.0,0.0,1000.0,0.0,12097.355807648853,832.4786941,30259297.804085962
6168,0.0,0.0,2000.0,0.0,1000.0,0.0,10019.217819286427,832.4786941,30259297.804085962
6169,0.0,0.0,1000.0,0.0,0.0,0.0,8980.148825105214,792.652945,30259297.804085962
6170,0.0,0.0,1000.0,0.0,0.0,0.0,7941.079830924005,792.652945,30259297.804085962
6171,0.0,0.0,1000.0,0.0,0.0,0.0,6902.010836742791,774.535945,30259297.804085962
6172,0.0,0.0,1000.0,0.0,0.0,0.0,5862.941842561578,774.535945,30259297.804085962
6173,0.0,0.0,1000.0,0.0,0.0,0.0,4823.872848380364,792.652945,30259297.804085962
6174,0.0,0.0,1000.0,0.0,0.0,0.0,3784.8038541991505,792.652945,30259297.804085962
6175,0.0,0.0,1565.919734846076,0.0,565.9197348460759,0.0,2157.7052103441256,792.652945,30259297.804085962
6176,0.0,6.8198801959909305,993.1801198040091,6.8198801959909305,0.0,0.0,1125.7225422185968,666.054945,30259297.804085962
6177,0.0,1467.6326677421737,0.0,1467.6326677421737,467.6326677421748,-0.0,1125.7225422185968,644.652945,30259297.804085962
6178,0.0,3444.1115667438617,0.0,3444.1115667438667,1000.0,1444.1115667438617,2515.535514052889,642.652945,30259297.804085962
6179,0.0,5408.095237516717,0.0,5408.0952375167335,1000.0,3408.095237516717,5795.486370638978,666.054945,30259297.804085962
6180,0.0,2050.472221026786,0.0,6321.870473719952,1000.0,50.472221026786016,5844.060836155157,698.507945,30259297.804085962
6181,0.0,5941.8547870314615,0.0,6437.731366455147,1000.0,3941.854787031462,9637.701883194237,792.652945,30259297.804085962
6182,0.0,5941.8547870314615,0.0,7087.458558242016,1000.0,3941.854787031462,13431.342930233317,792.652945,30259297.804085962
6183,0.0,5848.32158417488,0.0,5848.321584174907,1000.0,3848.3215841748797,17134.96762284322,792.652945,30259297.804085962
6184,0.0,5503.798946685251,0.0,5503.798946685285,1000.0,3503.7989466852514,20507.023729133107,792.652945,30259297.804085962
6185,0.0,2000.0,0.0,4724.1203852600365,1000.0,0.0,20507.023729133107,801.652945,30259297.804085962
6186,0.0,2916.151883853115,0.0,2916.151883853135,1000.0,916.1518838531151,21388.72830215334,822.652945,30259297.804085962
6187,0.0,1038.632442220348,961.3675577796521,1038.632442220348,1000.0,0.0,20389.80108085279,902.652945,30259297.804085962
6188,0.0,15.65608044014635,1984.3439195598537,15.65608044014635,1000.0,0.0,18327.930840246125,1082.652945,30259297.804085962
6189,0.0,0.0,2000.0,0.0,1000.0,0.0,16249.792851883698,902.652945,30259297.804085962
6190,0.0,0.0,2000.0,0.0,1000.0,0.0,14171.65486352127,902.652945,30259297.804085962
6191,0.0,0.0,2000.0,0.0,1000.0,0.0,12093.516875158843,822.652945,30259297.804085962
6192,0.0,0.0,1000.0,0.0,0.0,0.0,11054.447880977628,792.652945,30259297.804085962
6193,0.0,0.0,1000.0,0.0,0.0,0.0,10015.378886796416,691.8235996,30259297.804085962
6194,0.0,0.0,1000.0,0.0,0.0,0.0,8976.309892615202,693.1875996,30259297.804085962
6195,0.0,0.0,1000.0,0.0,0.0,0.0,7937.240898433987,798.6875996,30259297.804085962
6196,0.0,0.0,1000.0,0.0,0.0,0.0,6898.171904252774,691.8235996,30259297.804085962
6197,0.0,0.0,2000.0,0.0,1000.0,0.0,4820.033915890346,798.6875996,30259297.804085962
6198,0.0,0.0,1559.5268415302087,0.0,559.5268415302087,0.0,3199.5779292629477,798.6875996,30259297.804085962
6199,0.0,0.0,1000.0,0.0,0.0,0.0,2160.5089350817343,691.8235996,30259297.804085962
6200,0.0,4.121575508516671,995.8784244914833,4.121575508516671,0.0,0.0,1125.7225422185968,442.8235996,30259297.804085962
6201,0.0,1431.3805520397189,0.0,1431.3805520397189,431.38055203970725,-0.0,1125.7225422185968,442.8235996,30259297.804085962
6202,0.0,3431.5036734717687,0.0,3431.503673471779,1000.0,1431.5036734717687,2503.4016775678274,442.8235996,30259297.804085962
6203,0.0,5066.187873541069,0.0,5066.187873541091,1000.0,3066.187873541069,5454.300887063752,509.8465996,30259297.804085962
6204,0.0,2890.88331402326,0.0,6240.470729260834,1000.0,890.8833140232603,6311.686988479738,442.8235996,30259297.804085962
6205,0.0,5941.8547870314615,0.0,7213.549288172645,1000.0,3941.854787031462,10105.328035518818,442.8235996,30259297.804085962
6206,0.0,5941.8547870314615,0.0,7358.5281171127,1000.0,3941.854787031462,13898.969082557898,442.8235996,30259297.804085962
6207,0.0,5941.8547870314615,0.0,6206.768658755979,1000.0,3941.854787031462,17692.61012959698,691.8235996,30259297.804085962
6208,0.0,5337.4946385814155,0.0,5337.494638581465,1000.0,3337.4946385814155,20904.614969767732,798.6875996,30259297.804085962
6209,0.0,2000.0,0.0,4322.82074062835,1000.0,0.0,20904.614969767732,798.6875996,30259297.804085962
6210,0.0,2503.0271533516343,0.0,2503.0271533516575,1000.0,503.0271533516343,21388.72830215334,802.8235996,30259297.804085962
6211,0.0,1014.4248269678858,985.5751730321142,1014.4248269678858,1000.0,0.0,20364.647698420882,832.8235996,30259297.804085962
6212,0.0,1.7375926579089704,1998.2624073420911,1.7375926579089704,1000.0,0.0,18288.31518871381,822.8235996,30259297.804085962
6213,0.0,0.0,2000.0,0.0,1000.0,0.0,16210.17720035138,822.8235996,30259297.804085962
6214,0.0,0.0,2000.0,0.0,1000.0,0.0,14132.039211988951,802.8235996,30259297.804085962
6215,0.0,0.0,2000.0,0.0,1000.0,0.0,12053.901223626524,798.6875996,30259297.804085962
6216,0.0,0.0,2000.0,0.0,1000.0,0.0,9975.763235264098,798.6875996,30259297.804085962
6217,0.0,0.0,1518.6609351227403,0.0,518.6609351227403,0.0,8397.769744903813,759.4927009,30259297.804085962
6218,0.0,0.0,1000.0,0.0,0.0,0.0,7358.700750722606,759.4927009,30259297.804085962
6219,0.0,0.0,1000.0,0.0,0.0,0.0,6319.631756541393,759.4927009,30259297.804085962
6220,0.0,0.0,1000.0,0.0,0.0,0.0,5280.5627623601795,759.4927009,30259297.804085962
6221,0.0,0.0,1000.0,0.0,0.0,0.0,4241.493768178966,759.4927009,30259297.804085962
6222,0.0,0.0,1000.0,0.0,0.0,0.0,3202.4247739977523,759.4927009,30259297.804085962
6223,0.0,0.0,1000.0,0.0,0.0,0.0,2163.3557798165384,759.4927009,30259297.804085962
6224,0.0,1.3817721357405948,998.6182278642594,1.3817721357405948,0.0,0.0,1125.7225422185968,413.8287009,30259297.804085962
6225,0.0,1276.853881811172,0.0,1276.853881811172,276.85388181117014,-0.0,1125.7225422185968,408.8287009,30259297.804085962
6226,0.0,3114.604512472748,0.0,3114.6045124727534,1000.0,1114.604512472748,2198.4179250223697,408.8287009,30259297.804085962
6227,0.0,4636.77845272863,0.0,4636.778452728627,1000.0,2636.7784527286303,4736.053507928404,408.8287009,30259297.804085962
6228,0.0,3808.981759993261,0.0,5330.253698279298,1000.0,1808.981759993261,6477.017553745918,408.8287009,30259297.804085962
6229,0.0,5941.8547870314615,0.0,6487.172548573644,1000.0,3941.8547870314615,10270.658600784996,413.8287009,30259297.804085962
6230,0.0,5941.8547870314615,0.0,6485.280769651909,1000.0,3941.854787031462,14064.299647824075,652.8287009,30259297.804085962
6231,0.0,5941.8547870314615,0.0,5990.044664914607,1000.0,3941.854787031462,17857.940694863155,759.4927009,30259297.804085962
6232,0.0,5282.170569933092,0.0,5282.1705699331,1000.0,3282.1705699330923,21016.701651366762,759.4927009,30259297.804085962
6233,0.0,2000.0,0.0,4306.233593296035,1000.0,0.0,21016.701651366762,803.8287009,30259297.804085962
6234,0.0,2386.5613578414195,0.0,2386.561357841434,1000.0,386.5613578414195,21388.72830215334,824.3287009,30259297.804085962
6235,0.0,785.4428448702716,1214.5571551297285,785.4428448702716,1000.0,0.0,20126.719620597098,824.3287009,30259297.804085962
6236,0.0,6.748713838031036,1993.251286161969,6.748713838031036,1000.0,0.0,18055.59401153437,824.3287009,30259297.804085962
6237,0.0,0.0,2000.0,0.0,1000.0,0.0,15977.45602317194,824.3287009,30259297.804085962
6238,0.0,0.0,2000.0,0.0,1000.0,0.0,13899.318034809512,824.3287009,30259297.804085962
6239,0.0,0.0,2000.0,0.0,1000.0,0.0,11821.180046447085,824.3287009,30259297.804085962
6240,0.0,0.0,2000.0,0.0,1000.0,0.0,9743.042058084658,823.8287009,30259297.804085962
6241,0.0,0.0,1293.6226092584416,0.0,293.62260925844146,0.0,8398.878914632412,821.8140242,30259297.804085962
6242,0.0,0.0,1000.0,0.0,0.0,0.0,7359.809920451196,821.8140242,30259297.804085962
6243,0.0,0.0,1000.0,0.0,0.0,0.0,6320.740926269982,706.2240242,30259297.804085962
6244,0.0,0.0,1000.0,0.0,0.0,0.0,5281.671932088769,583.1400242,30259297.804085962
6245,0.0,0.0,1000.0,0.0,0.0,0.0,4242.602937907555,821.8140242,30259297.804085962
6246,0.0,0.0,1000.0,0.0,0.0,0.0,3203.533943726342,821.8140242,30259297.804085962
6247,0.0,0.0,1000.0,0.0,0.0,0.0,2164.464949545128,821.8140242,30259297.804085962
6248,0.0,0.31430718894614107,999.6856928110539,0.31430718894614107,0.0,0.0,1125.7225422185968,553.1400242,30259297.804085962
6249,0.0,1543.4994081520085,0.0,1543.4994081520085,543.4994081520053,0.0,1125.7225422185968,553.1400242,30259297.804085962
6250,0.0,3257.466221136915,0.0,3257.466221136919,1000.0,1257.466221136915,2335.9080334407636,553.1400242,30259297.804085962
6251,0.0,2000.0,0.0,4966.030497972927,1000.0,0.0,2335.9080334407636,553.1400242,30259297.804085962
6252,0.0,5860.098393838536,0.0,6003.459072684803,1000.0,3860.0983938385366,6050.866727670971,553.1400242,30259297.804085962
6253,0.0,5941.8547870314615,0.0,6434.185037316632,1000.0,3941.854787031462,9844.507774710051,583.1400242,30259297.804085962
6254,0.0,5941.8547870314615,0.0,6816.086564885268,1000.0,3941.854787031462,13638.148821749128,583.1400242,30259297.804085962
6255,0.0,5941.8547870314615,0.0,6336.903859795581,1000.0,3941.854787031462,17431.789868788208,821.8140242,30259297.804085962
6256,0.0,5610.669452912464,0.0,5610.669452912501,1000.0,3610.6694529124643,20906.698150271164,821.8140242,30259297.804085962
6257,0.0,2000.0,0.0,4334.05278853865,1000.0,0.0,20906.698150271164,822.1400242,30259297.804085962
6258,0.0,2500.8625850812327,0.0,2500.8625850812514,1000.0,500.86258508123274,21388.72830215334,833.1400242,30259297.804085962
6259,0.0,1025.4137306669104,974.5862693330896,1025.4137306669104,1000.0,0.0,20376.06592753459,903.1400242,30259297.804085962
6260,0.0,5.722773492089907,1994.2772265079102,5.722773492089907,1000.0,0.0,18303.874295668513,903.1400242,30259297.804085962
6261,0.0,0.0,2000.0,0.0,1000.0,0.0,16225.736307306086,903.1400242,30259297.804085962
6262,0.0,0.0,2000.0,0.0,1000.0,0.0,14147.59831894366,903.1400242,30259297.804085962
6263,0.0,0.0,2000.0,0.0,1000.0,0.0,12069.460330581232,833.1400242,30259297.804085962
6264,0.0,0.0,1000.0,0.0,0.0,0.0,11030.391336400018,823.1400242,30259297.804085962
6265,0.0,0.0,1000.0,0.0,0.0,0.0,9991.322342218806,829.2810262,30259297.804085962
6266,0.0,0.0,1000.0,0.0,0.0,0.0,8952.25334803759,829.2810262,30259297.804085962
6267,0.0,0.0,1532.253247520199,0.0,532.253247520199,0.0,7360.136507305879,829.2810262,30259297.804085962
6268,0.0,0.0,1000.0,0.0,0.0,0.0,6321.067513124665,822.4280262,30259297.804085962
6269,0.0,0.0,1000.0,0.0,0.0,0.0,5281.998518943452,829.2810262,30259297.804085962
6270,0.0,0.0,2000.0,0.0,1000.0,0.0,3203.8605305810242,829.2810262,30259297.804085962
6271,0.0,0.0,1000.0,0.0,0.0,0.0,2164.7915363998104,829.2810262,30259297.804085962
6272,0.0,0.0,1000.0,0.0,0.0,0.0,1125.7225422185968,822.4280262,30259297.804085962
6273,0.0,1498.4763317894049,0.0,1498.4763317894049,498.47633178940487,0.0,1125.7225422185968,822.4280262,30259297.804085962
6274,0.0,3823.949337537426,0.0,3823.949337537451,1000.0,1823.949337537426,2881.0913846646154,707.4280262,30259297.804085962
6275,0.0,4502.491180296234,0.0,5386.989195468431,1000.0,2502.4911802962347,5289.488896581712,822.4280262,30259297.804085962
6276,0.0,2000.0,0.0,6900.670891186781,1000.0,0.0,5289.488896581712,822.4280262,30259297.804085962
6277,0.0,5941.8547870314615,0.0,6896.240931882982,1000.0,3941.854787031462,9083.129943620792,822.4280262,30259297.804085962
6278,0.0,5941.8547870314615,0.0,7322.145522242231,1000.0,3941.854787031462,12876.770990659872,822.4280262,30259297.804085962
6279,0.0,5941.8547870314615,0.0,6870.40247350955,1000.0,3941.854787031462,16670.412037698952,829.2810262,30259297.804085962
6280,0.0,5762.106414752382,0.0,5762.106414752424,1000.0,3762.106414752382,20291.063251256644,832.4280262,30259297.804085962
6281,0.0,2000.0,0.0,4595.337288683519,1000.0,0.0,20291.063251256644,891.4280262,30259297.804085962
6282,0.0,3140.5497203831055,0.0,3140.5497203831246,1000.0,1140.5497203831055,21388.72830215334,905.4280262,30259297.804085962
6283,0.0,1068.59841414388,931.4015858561199,1068.59841414388,1000.0,0.0,20420.937793159035,905.4280262,30259297.804085962
6284,0.0,4.05634719214083,1995.9436528078593,4.05634719214083,1000.0,0.0,18347.014629393598,907.4280262,30259297.804085962
6285,0.0,0.0,2000.0,0.0,1000.0,0.0,16268.87664103117,907.4280262,30259297.804085962
6286,0.0,0.0,2000.0,0.0,1000.0,0.0,14190.73865266874,905.4280262,30259297.804085962
6287,0.0,0.0,2000.0,0.0,1000.0,0.0,12112.600664306314,905.4280262,30259297.804085962
6288,0.0,0.0,2000.0,0.0,1000.0,0.0,10034.462675943887,852.4280262,30259297.804085962
6289,0.0,0.0,1000.0,0.0,0.0,0.0,8995.393681762675,832.3994832,30259297.804085962
6290,0.0,0.0,1000.0,0.0,0.0,0.0,7956.324687581462,822.3994832,30259297.804085962
6291,0.0,0.0,1000.0,0.0,0.0,0.0,6917.255693400248,822.3994832,30259297.804085962
6292,0.0,0.0,1000.0,0.0,0.0,0.0,5878.186699219034,822.3994832,30259297.804085962
6293,0.0,0.0,1000.0,0.0,0.0,0.0,4839.117705037821,822.3994832,30259297.804085962
6294,0.0,0.0,1573.7715046972194,0.0,573.7715046972194,0.0,3203.8605305810242,832.3994832,30259297.804085962
6295,0.0,0.0,1000.0,0.0,0.0,0.0,2164.7915363998104,822.3994832,30259297.804085962
6296,0.0,0.0,1000.0,0.0,0.0,0.0,1125.7225422185968,752.3994832,30259297.804085962
6297,0.0,1521.2132169586766,0.0,1521.2132169586766,521.2132169586766,0.0,1125.7225422185968,752.3994832,30259297.804085962
6298,0.0,3730.540675807306,0.0,3730.54067580732,1000.0,1730.540675807306,2791.194888615548,752.3994832,30259297.804085962
6299,0.0,5261.491503497297,0.0,5261.491503497294,1000.0,3261.4915034972973,5930.054311581347,752.3994832,30259297.804085962
6300,0.0,2481.571786502602,0.0,6313.520561898347,1000.0,481.57178650260227,6393.5189989114515,822.3994832,30259297.804085962
6301,0.0,5941.8547870314615,0.0,6814.366763816847,1000.0,3941.854787031462,10187.160045950532,820.0444832,30259297.804085962
6302,0.0,5941.8547870314615,0.0,6739.015968234591,1000.0,3941.854787031462,13980.801092989612,822.3994832,30259297.804085962
6303,0.0,5941.8547870314615,0.0,6846.924290890915,1000.0,3941.854787031462,17774.442140028692,832.3994832,30259297.804085962
6304,0.0,5123.563834148926,0.0,5123.563834148969,1000.0,3123.5638341489257,20780.559974013617,881.3994832,30259297.804085962
6305,0.0,2000.0,0.0,4375.072892477583,1000.0,0.0,20780.559974013617,905.8994832,30259297.804085962
6306,0.0,2631.928853013015,0.0,2631.9288530130216,1000.0,631.9288530130152,21388.72830215334,905.8994832,30259297.804085962
6307,0.0,943.7056136801397,1056.2943863198602,943.7056136801397,1000.0,0.0,20291.1655566007,951.3994832,30259297.804085962
6308,0.0,3.694599896019492,1996.3054001039804,3.694599896019492,1000.0,0.0,18216.866512436136,952.3994832,30259297.804085962
6309,0.0,0.0,2000.0,0.0,1000.0,0.0,16138.72852407371,907.3994832,30259297.804085962
6310,0.0,0.0,2000.0,0.0,1000.0,0.0,14060.59053571128,905.8994832,30259297.804085962
6311,0.0,0.0,2000.0,0.0,1000.0,0.0,11982.452547348854,905.8994832,30259297.804085962
6312,0.0,0.0,2000.0,0.0,1000.0,0.0,9904.314558986427,881.3994832,30259297.804085962
6313,0.0,0.0,1000.0,0.0,0.0,0.0,8865.245564805213,633.7514418,30259297.804085962
6314,0.0,0.0,1000.0,0.0,0.0,0.0,7826.176570624,633.7514418,30259297.804085962
6315,0.0,0.0,1000.0,0.0,0.0,0.0,6787.107576442786,633.7514418,30259297.804085962
6316,0.0,0.0,1000.0,0.0,0.0,0.0,5748.038582261573,633.7514418,30259297.804085962
6317,0.0,0.0,1000.0,0.0,0.0,0.0,4708.969588080359,633.7514418,30259297.804085962
6318,0.0,0.0,1000.0,0.0,0.0,0.0,3669.9005938991468,653.7514418,30259297.804085962
6319,0.0,0.0,1000.0,0.0,0.0,0.0,2630.831599717937,653.7514418,30259297.804085962
6320,0.0,0.0,1448.5169569373654,0.0,448.51695693736536,0.0,1125.7225422185968,653.7514418,30259297.804085962
6321,0.0,1515.2117273439628,0.0,1515.2117273439628,515.2117273439653,0.0,1125.7225422185968,653.7514418,30259297.804085962
6322,0.0,3438.394720025732,0.0,3438.3947200257294,1000.0,1438.394720025732,2510.0336207713617,653.7514418,30259297.804085962
6323,0.0,4807.305147836306,0.0,4807.30514783632,1000.0,2807.305147836306,5211.784095049023,653.7514418,30259297.804085962
6324,0.0,2427.392283820261,0.0,5791.663191385318,1000.0,427.39228382026124,5623.106428997642,653.7514418,30259297.804085962
6325,0.0,5941.8547870314615,0.0,6696.827579966166,1000.0,3941.854787031462,9416.747476036722,633.7514418,30259297.804085962
6326,0.0,5941.8547870314615,0.0,6741.293212815891,1000.0,3941.854787031462,13210.388523075799,653.7514418,30259297.804085962
6327,0.0,5941.8547870314615,0.0,6746.796560460149,1000.0,3941.854787031462,17004.02957011488,802.7514418,30259297.804085962
6328,0.0,5808.938250130869,0.0,5808.938250130896,1000.0,3808.938250130869,20669.75174204083,823.7514418,30259297.804085962
6329,0.0,2000.0,0.0,4475.710629694344,1000.0,0.0,20669.75174204083,823.7514418,30259297.804085962
6330,0.0,2747.0662511559804,0.0,2747.066251155974,1000.0,747.0662511559804,21388.72830215334,823.7514418,30259297.804085962
6331,0.0,901.9797954708235,1098.0202045291765,901.9797954708235,1000.0,0.0,20247.809552642553,902.7514418,30259297.804085962
6332,0.0,0.0,2000.0,0.0,1000.0,0.0,18169.671564280125,902.7514418,30259297.804085962
6333,0.0,0.0,2000.0,0.0,1000.0,0.0,16091.533575917698,823.7514418,30259297.804085962
6334,0.0,0.0,2000.0,0.0,1000.0,0.0,14013.395587555271,823.7514418,30259297.804085962
6335,0.0,0.0,2000.0,0.0,1000.0,0.0,11935.257599192844,705.3744418,30259297.804085962
6336,0.0,0.0,2000.0,0.0,1000.0,0.0,9857.119610830418,653.7514418,30259297.804085962
6337,0.0,0.0,1000.0,0.0,0.0,0.0,8818.050616649205,390.9618583,30259297.804085962
6338,0.0,0.0,1000.0,0.0,0.0,0.0,7778.981622467991,390.9618583,30259297.804085962
6339,0.0,0.0,1000.0,0.0,0.0,0.0,6739.912628286776,390.9618583,30259297.804085962
6340,0.0,0.0,1000.0,0.0,0.0,0.0,5700.843634105563,390.9618583,30259297.804085962
6341,0.0,0.0,1000.0,0.0,0.0,0.0,4661.77463992435,390.9618583,30259297.804085962
6342,0.0,0.0,1000.0,0.0,0.0,0.0,3622.705645743137,395.9618583,30259297.804085962
6343,0.0,0.0,1403.0965388320135,0.0,403.09653883201344,0.0,2164.7915363998104,395.9618583,30259297.804085962
6344,0.0,0.0,1000.0,0.0,0.0,0.0,1125.7225422185968,390.9618583,30259297.804085962
6345,0.0,1395.8104209765736,0.0,1395.8104209765736,395.81042097657337,0.0,1125.7225422185968,390.9618583,30259297.804085962
6346,0.0,3596.325397944501,0.0,3596.3253979445035,1000.0,1596.3253979445012,2662.026105200385,390.9618583,30259297.804085962
6347,0.0,5044.920867708069,0.0,5354.437595168318,1000.0,3044.9208677080687,5592.45794828263,390.9618583,30259297.804085962
6348,0.0,2000.0,0.0,6363.625937066665,1000.0,0.0,5592.45794828263,395.9618583,30259297.804085962
6349,0.0,5941.8547870314615,0.0,6797.583931535404,1000.0,3941.854787031462,9386.09899532171,395.9618583,30259297.804085962
6350,0.0,5941.8547870314615,0.0,6809.409006137565,1000.0,3941.854787031462,13179.740042360787,644.9618583,30259297.804085962
6351,0.0,5941.8547870314615,0.0,7094.189491758189,1000.0,3941.854787031462,16973.381089399867,670.9618583,30259297.804085962
6352,0.0,5941.8547870314615,0.0,6477.174013309212,1000.0,3941.854787031462,20767.022136438947,689.3408583,30259297.804085962
6353,0.0,2000.0,0.0,4720.413920548481,1000.0,0.0,20767.022136438947,715.9618583,30259297.804085962
6354,0.0,2645.9956002851172,0.0,2645.995600285132,1000.0,645.9956002851172,21388.72830215334,810.9618583,30259297.804085962
6355,0.0,905.4786991500844,1094.5213008499156,905.4786991500844,1000.0,0.0,20251.4451549693,911.9618583,30259297.804085962
6356,0.0,0.0,2000.0,0.0,1000.0,0.0,18173.30716660687,911.9618583,30259297.804085962
6357,0.0,0.0,2000.0,0.0,1000.0,0.0,16095.169178244445,904.9618583,30259297.804085962
6358,0.0,0.0,2000.0,0.0,1000.0,0.0,14017.031189882018,810.9618583,30259297.804085962
6359,0.0,0.0,2000.0,0.0,1000.0,0.0,11938.893201519591,715.9618583,30259297.804085962
6360,0.0,0.0,1000.0,0.0,0.0,0.0,10899.824207338377,670.9618583,30259297.804085962
6361,0.0,0.0,2000.0,0.0,1000.0,0.0,8821.686218975952,691.6438805,30259297.804085962
6362,0.0,0.0,1000.0,0.0,0.0,0.0,7782.617224794737,691.6438805,30259297.804085962
6363,0.0,0.0,1406.5954425112782,0.0,406.5954425112783,0.0,6321.067513124664,691.6438805,30259297.804085962
6364,0.0,0.0,1000.0,0.0,0.0,0.0,5281.998518943451,667.6438805,30259297.804085962
6365,0.0,0.0,1000.0,0.0,0.0,0.0,4242.929524762238,667.6438805,30259297.804085962
6366,0.0,0.0,1000.0,0.0,0.0,0.0,3203.8605305810242,667.6438805,30259297.804085962
6367,0.0,0.0,1000.0,0.0,0.0,0.0,2164.7915363998104,667.6438805,30259297.804085962
6368,0.0,0.0,1000.0,0.0,0.0,0.0,1125.7225422185968,592.6438805,30259297.804085962
6369,0.0,1349.5656855160082,0.0,1349.5656855160082,349.56568551600503,0.0,1125.7225422185968,592.6438805,30259297.804085962
6370,0.0,3395.9572607720534,0.0,3395.957260772077,1000.0,1395.9572607720534,2469.191809985621,592.6438805,30259297.804085962
6371,0.0,2000.0,0.0,4931.972595678275,1000.0,0.0,2469.191809985621,592.6438805,30259297.804085962
6372,0.0,5903.982864811982,0.0,6135.788509667469,1000.0,3903.9828648119815,6226.384919080672,592.6438805,30259297.804085962
6373,0.0,5941.8547870314615,0.0,6966.497575111619,1000.0,3941.854787031462,10020.025966119752,592.6438805,30259297.804085962
6374,0.0,5941.8547870314615,0.0,6847.825701378057,1000.0,3941.854787031462,13813.667013158829,667.6438805,30259297.804085962
6375,0.0,5941.8547870314615,0.0,6977.462760447201,1000.0,3941.854787031462,17607.30806019791,695.8938805,30259297.804085962
6376,0.0,5450.271760969578,0.0,5450.271760969621,1000.0,3450.2717609695783,20927.849602955033,722.6438805,30259297.804085962
6377,0.0,2000.0,0.0,3991.700646093389,1000.0,0.0,20927.849602955033,802.6438805,30259297.804085962
6378,0.0,2478.884766415534,0.0,2478.884766415571,1000.0,478.88476641553416,21388.72830215334,807.6438805,30259297.804085962
6379,0.0,851.8269835756213,1148.1730164243786,851.8269835756213,1000.0,0.0,20195.69732083125,908.6438805,30259297.804085962
6380,0.0,0.0,2000.0,0.0,1000.0,0.0,18117.559332468823,908.6438805,30259297.804085962
6381,0.0,0.0,2000.0,0.0,1000.0,0.0,16039.421344106395,901.6438805,30259297.804085962
6382,0.0,0.0,2000.0,0.0,1000.0,0.0,13961.283355743966,807.6438805,30259297.804085962
6383,0.0,0.0,2000.0,0.0,1000.0,0.0,11883.14536738154,722.6438805,30259297.804085962
6384,0.0,0.0,2000.0,0.0,1000.0,0.0,9805.007379019113,695.8938805,30259297.804085962
6385,0.0,0.0,1000.0,0.0,0.0,0.0,8765.9383848379,669.8189947,30259297.804085962
6386,0.0,0.0,1000.0,0.0,0.0,0.0,7726.86939065669,669.8189947,30259297.804085962
6387,0.0,0.0,1000.0,0.0,0.0,0.0,6687.800396475476,669.8189947,30259297.804085962
6388,0.0,0.0,1000.0,0.0,0.0,0.0,5648.731402294263,669.8189947,30259297.804085962
6389,0.0,0.0,1352.9437269368211,0.0,352.9437269368211,0.0,4242.929524762238,669.8189947,30259297.804085962
6390,0.0,0.0,1000.0,0.0,0.0,0.0,3203.8605305810242,653.8189947,30259297.804085962
6391,0.0,0.0,1000.0,0.0,0.0,0.0,2164.7915363998104,554.8189947,30259297.804085962
6392,0.0,0.0,1000.0,0.0,0.0,0.0,1125.7225422185968,554.8189947,30259297.804085962
6393,0.0,1510.4437391074848,0.0,1510.4437391074848,510.44373910748254,0.0,1125.7225422185968,98.71499471,30259297.804085962
6394,0.0,3725.1322128844427,0.0,3725.1322128844645,1000.0,1725.1322128844427,2785.9897838985844,246.0089947,30259297.804085962
6395,0.0,5100.256801172043,0.0,5250.79318073643,1000.0,3100.2568011720427,5769.676929346559,253.2989947,30259297.804085962
6396,0.0,2000.0,0.0,6549.423246954941,1000.0,0.0,5769.676929346559,554.8189947,30259297.804085962
6397,0.0,5941.8547870314615,0.0,7043.858763968087,1000.0,3941.854787031462,9563.317976385639,554.8189947,30259297.804085962
6398,0.0,5941.8547870314615,0.0,7351.227875268111,1000.0,3941.854787031462,13356.959023424719,554.8189947,30259297.804085962
6399,0.0,5941.8547870314615,0.0,7093.9878574998465,1000.0,3941.854787031462,17150.6000704638,554.8189947,30259297.804085962
6400,0.0,5613.84218120693,0.0,5613.842181206988,1000.0,3613.84218120693,20628.561785657348,554.8189947,30259297.804085962
6401,0.0,2000.0,0.0,4661.003859570578,1000.0,0.0,20628.561785657348,669.8189947,30259297.804085962
6402,0.0,2789.86545770573,0.0,2789.865457705748,1000.0,789.86545770573,21388.72830215334,724.8189947,30259297.804085962
6403,0.0,894.7092100312614,1105.2907899687386,894.7092100312614,1000.0,0.0,20240.254912742763,724.8189947,30259297.804085962
6404,0.0,0.0,2000.0,0.0,1000.0,0.0,18162.116924380338,809.8189947,30259297.804085962
6405,0.0,0.0,2000.0,0.0,1000.0,0.0,16083.978936017911,809.8189947,30259297.804085962
6406,0.0,0.0,2000.0,0.0,1000.0,0.0,14005.840947655484,809.8189947,30259297.804085962
6407,0.0,0.0,2000.0,0.0,1000.0,0.0,11927.702959293058,724.8189947,30259297.804085962
6408,0.0,0.0,2000.0,0.0,1000.0,0.0,9849.56497093063,724.8189947,30259297.804085962
6409,0.0,0.0,1000.0,0.0,0.0,0.0,8810.495976749418,455.5183106,30259297.804085962
6410,0.0,0.0,1000.0,0.0,0.0,0.0,7771.426982568204,455.5183106,30259297.804085962
6411,0.0,0.0,1000.0,0.0,0.0,0.0,6732.35798838699,455.5183106,30259297.804085962
6412,0.0,0.0,1000.0,0.0,0.0,0.0,5693.288994205776,455.5183106,30259297.804085962
6413,0.0,0.0,1000.0,0.0,0.0,0.0,4654.220000024563,455.5183106,30259297.804085962
6414,0.0,0.0,1000.0,0.0,0.0,0.0,3615.1510058433505,670.5183106,30259297.804085962
6415,0.0,0.0,1395.8259533924602,0.0,395.82595339246024,0.0,2164.7915363998104,670.5183106,30259297.804085962
6416,0.0,0.0,1000.0,0.0,0.0,0.0,1125.7225422185968,549.8483106,30259297.804085962
6417,0.0,1628.9554998032684,0.0,1628.9554998032684,628.9554998032618,0.0,1125.7225422185968,644.5183106,30259297.804085962
6418,0.0,4012.071328733924,0.0,4012.0713287339117,1000.0,2012.071328733924,3062.1399889921254,455.5183106,30259297.804085962
6419,0.0,5506.253278949833,0.0,5863.2719616123,1000.0,3506.2532789498323,6436.558144653444,644.5183106,30259297.804085962
6420,0.0,2000.0,0.0,6954.227722039841,1000.0,0.0,6436.558144653444,670.5183106,30259297.804085962
6421,0.0,5941.8547870314615,0.0,7199.049627246453,1000.0,3941.854787031462,10230.199191692524,670.5183106,30259297.804085962
6422,0.0,5941.8547870314615,0.0,7660.453182310889,1000.0,3941.854787031462,14023.840238731602,705.5183106,30259297.804085962
6423,0.0,5941.8547870314615,0.0,7323.794156952691,1000.0,3941.854787031462,17817.481285770682,720.5183106,30259297.804085962
6424,0.0,2000.0,0.0,6400.637141807973,1000.0,0.0,17817.481285770682,720.5183106,30259297.804085962
6425,0.0,4765.051531251458,0.0,4765.05153125152,1000.0,2765.051531251458,20478.566879447084,720.5183106,30259297.804085962
6426,0.0,2945.720514033929,0.0,2945.720514033935,1000.0,945.7205140339288,21388.72830215334,720.5183106,30259297.804085962
6427,0.0,779.542166750913,1220.457833249087,779.542166750913,1000.0,0.0,20120.588408918626,725.5183106,30259297.804085962
6428,0.0,0.0,2000.0,0.0,1000.0,0.0,18042.450420556197,725.5183106,30259297.804085962
6429,0.0,0.0,2000.0,0.0,1000.0,0.0,15964.312432193772,723.5183106,30259297.804085962
6430,0.0,0.0,2000.0,0.0,1000.0,0.0,13886.174443831345,720.5183106,30259297.804085962
6431,0.0,0.0,2000.0,0.0,1000.0,0.0,11808.036455468919,720.5183106,30259297.804085962
6432,0.0,0.0,2000.0,0.0,1000.0,0.0,9729.898467106492,705.5183106,30259297.804085962
6433,0.0,0.0,1000.0,0.0,0.0,0.0,8690.829472925278,465.8807954,30259297.804085962
6434,0.0,0.0,1000.0,0.0,0.0,0.0,7651.760478744065,465.8807954,30259297.804085962
6435,0.0,0.0,1000.0,0.0,0.0,0.0,6612.691484562851,465.8807954,30259297.804085962
6436,0.0,0.0,1000.0,0.0,0.0,0.0,5573.622490381637,465.8807954,30259297.804085962
6437,0.0,0.0,1000.0,0.0,0.0,0.0,4534.553496200424,465.8807954,30259297.804085962
6438,0.0,0.0,1000.0,0.0,0.0,0.0,3495.4845020192097,644.8807954,30259297.804085962
6439,0.0,0.0,1280.6589101121097,0.0,280.6589101121097,0.0,2164.7915363998104,644.8807954,30259297.804085962
6440,0.0,0.0,1000.0,0.0,0.0,0.0,1125.7225422185968,465.8807954,30259297.804085962
6441,0.0,1416.2700615645465,0.0,1416.2700615645465,416.27006156454445,0.0,1125.7225422185968,465.8807954,30259297.804085962
6442,0.0,3626.0126424777454,0.0,3626.0126424777804,1000.0,1626.0126424777454,2690.597109339179,465.8807954,30259297.804085962
6443,0.0,2000.0,0.0,5427.997434591826,1000.0,0.0,2690.597109339179,465.8807954,30259297.804085962
6444,0.0,2000.0,0.0,7020.949889677869,1000.0,0.0,2690.597109339179,644.8807954,30259297.804085962
6445,0.0,5941.8547870314615,0.0,7500.417237664132,1000.0,3941.854787031462,6484.238156378258,644.8807954,30259297.804085962
6446,0.0,5941.8547870314615,0.0,7502.059945600638,1000.0,3941.854787031462,10277.879203417335,670.8807954,30259297.804085962
6447,0.0,5941.8547870314615,0.0,7250.103849628799,1000.0,3941.854787031462,14071.520250456415,685.8807954,30259297.804085962
6448,0.0,5941.8547870314615,0.0,6672.068447974777,1000.0,3941.854787031462,17865.161297495495,685.8807954,30259297.804085962
6449,0.0,4738.162574689404,0.0,4955.53973624436,1000.0,2738.1625746894038,20500.368959376578,685.8807954,30259297.804085962
6450,0.0,2923.066648770539,0.0,2923.066648770529,1000.0,923.0666487705389,21388.72830215334,685.8807954,30259297.804085962
6451,0.0,851.5304645958757,1148.4695354041241,851.5304645958757,1000.0,0.0,20195.38921715321,904.8807954,30259297.804085962
6452,0.0,0.0,2000.0,0.0,1000.0,0.0,18117.25122879078,904.8807954,30259297.804085962
6453,0.0,0.0,2000.0,0.0,1000.0,0.0,16039.113240428356,904.8807954,30259297.804085962
6454,0.0,0.0,2000.0,0.0,1000.0,0.0,13960.97525206593,685.8807954,30259297.804085962
6455,0.0,0.0,2000.0,0.0,1000.0,0.0,11882.837263703503,685.8807954,30259297.804085962
6456,0.0,0.0,2000.0,0.0,1000.0,0.0,9804.699275341076,670.8807954,30259297.804085962
6457,0.0,0.0,1000.0,0.0,0.0,0.0,8765.630281159862,446.0883127,30259297.804085962
6458,0.0,0.0,1000.0,0.0,0.0,0.0,7726.561286978649,436.0883127,30259297.804085962
6459,0.0,0.0,1000.0,0.0,0.0,0.0,6687.492292797435,436.0883127,30259297.804085962
6460,0.0,0.0,1000.0,0.0,0.0,0.0,5648.4232986162215,436.0883127,30259297.804085962
6461,0.0,0.0,1000.0,0.0,0.0,0.0,4609.354304435008,446.0883127,30259297.804085962
6462,0.0,0.0,1352.647207957074,0.0,352.647207957074,0.0,3203.8605305810242,456.0883127,30259297.804085962
6463,0.0,0.0,1000.0,0.0,0.0,0.0,2164.7915363998104,446.0883127,30259297.804085962
6464,0.0,0.0,1000.0,0.0,0.0,0.0,1125.7225422185968,446.0883127,30259297.804085962
6465,0.0,1529.6935966806639,0.0,1529.6935966806639,529.6935966806632,0.0,1125.7225422185968,446.0883127,30259297.804085962
6466,0.0,3653.2565800827697,0.0,3653.2565800827642,1000.0,1653.2565800827697,2716.8166748902545,446.0883127,30259297.804085962
6467,0.0,5353.505711332098,0.0,5516.033216578084,1000.0,3353.505711332098,5944.230571476266,446.0883127,30259297.804085962
6468,0.0,2000.0,0.0,6684.427258994006,1000.0,0.0,5944.230571476266,446.0883127,30259297.804085962
6469,0.0,5941.8547870314615,0.0,6830.153312157377,1000.0,3941.854787031462,9737.871618515346,446.0883127,30259297.804085962
6470,0.0,5941.8547870314615,0.0,6790.509042312602,1000.0,3941.854787031462,13531.512665554423,446.0883127,30259297.804085962
6471,0.0,5941.8547870314615,0.0,6652.759288859176,1000.0,3941.854787031462,17325.153712593503,456.0883127,30259297.804085962
6472,0.0,5670.743718207838,0.0,5670.743718207852,1000.0,3670.7437182078384,20857.877466996728,456.0883127,30259297.804085962
6473,0.0,2000.0,0.0,4330.375980232121,1000.0,0.0,20857.877466996728,671.0883127,30259297.804085962
6474,0.0,2551.590643346444,0.0,2551.5906433464543,1000.0,551.5906433464438,21388.72830215334,671.0883127,30259297.804085962
6475,0.0,731.1032066149146,1268.8967933850854,731.1032066149146,1000.0,0.0,20070.25698733093,905.0883127,30259297.804085962
6476,0.0,0.0,2000.0,0.0,1000.0,0.0,17992.1189989685,1126.088313,30259297.804085962
6477,0.0,0.0,2000.0,0.0,1000.0,0.0,15913.981010606076,905.0883127,30259297.804085962
6478,0.0,0.0,2000.0,0.0,1000.0,0.0,13835.84302224365,691.0883127,30259297.804085962
6479,0.0,0.0,2000.0,0.0,1000.0,0.0,11757.705033881222,630.0883127,30259297.804085962
6480,0.0,0.0,2000.0,0.0,1000.0,0.0,9679.567045518796,456.0883127,30259297.804085962
6481,0.0,0.0,1000.0,0.0,0.0,0.0,8640.498051337581,265.4121308,30259297.804085962
6482,0.0,0.0,1000.0,0.0,0.0,0.0,7601.429057156369,265.4121308,30259297.804085962
6483,0.0,0.0,1000.0,0.0,0.0,0.0,6562.3600629751545,265.4121308,30259297.804085962
6484,0.0,0.0,1000.0,0.0,0.0,0.0,5523.291068793941,265.4121308,30259297.804085962
6485,0.0,0.0,1000.0,0.0,0.0,0.0,4484.222074612728,265.4121308,30259297.804085962
6486,0.0,0.0,1232.2199499761118,0.0,232.21994997611182,0.0,3203.8605305810242,435.4121308,30259297.804085962
6487,0.0,0.0,1000.0,0.0,0.0,0.0,2164.7915363998104,267.1841308,30259297.804085962
6488,0.0,0.0,1000.0,0.0,0.0,0.0,1125.7225422185968,265.4121308,30259297.804085962
6489,0.0,1317.9392253341111,0.0,1317.9392253341111,317.93922533411387,0.0,1125.7225422185968,265.4121308,30259297.804085962
6490,0.0,3441.7275726256003,0.0,3441.7275726256275,1000.0,1441.7275726256003,2513.2411581134747,265.4121308,30259297.804085962
6491,0.0,4508.760371964923,0.0,4508.760371964915,1000.0,2508.7603719649233,4927.672140092516,265.4121308,30259297.804085962
6492,0.0,5378.5859088783445,0.0,5378.585908878357,1000.0,3378.5859088783445,8179.223218797035,265.4121308,30259297.804085962
6493,0.0,4503.9618991117595,0.0,5740.318376797181,1000.0,2503.9618991117595,10589.036150502192,265.4121308,30259297.804085962
6494,0.0,5941.8547870314615,0.0,6166.151812066101,1000.0,3941.854787031462,14382.67719754127,435.4121308,30259297.804085962
6495,0.0,5941.8547870314615,0.0,6081.8046919342805,1000.0,3941.854787031462,18176.31824458035,450.4121308,30259297.804085962
6496,0.0,5337.915687419986,0.0,5337.915687420009,1000.0,3337.915687419986,21388.728302153344,450.4121308,30259297.804085962
6497,0.0,2000.0,0.0,4072.056647349446,1000.0,0.0,21388.728302153344,636.4121308,30259297.804085962
6498,0.0,2000.0,0.0,2396.0143031408925,1000.0,0.0,21388.72830215334,680.4121308,30259297.804085962
6499,0.0,709.4278449705639,1290.572155029436,709.4278449705639,1000.0,0.0,20047.73479110862,705.4121308,30259297.804085962
6500,0.0,0.0,2000.0,0.0,1000.0,0.0,17969.596802746193,1095.412131,30259297.804085962
6501,0.0,0.0,2000.0,0.0,1000.0,0.0,15891.458814383768,705.4121308,30259297.804085962
6502,0.0,0.0,2000.0,0.0,1000.0,0.0,13813.320826021341,680.4121308,30259297.804085962
6503,0.0,0.0,2000.0,0.0,1000.0,0.0,11735.182837658915,450.4121308,30259297.804085962
6504,0.0,0.0,2000.0,0.0,1000.0,0.0,9657.044849296488,450.4121308,30259297.804085962
6505,0.0,0.0,1000.0,0.0,0.0,0.0,8617.975855115274,331.5854553,30259297.804085962
6506,0.0,0.0,1000.0,0.0,0.0,0.0,7578.90686093406,336.5854553,30259297.804085962
6507,0.0,0.0,1000.0,0.0,0.0,0.0,6539.837866752847,331.5854553,30259297.804085962
6508,0.0,0.0,1000.0,0.0,0.0,0.0,5500.7688725716325,331.5854553,30259297.804085962
6509,0.0,0.0,1000.0,0.0,0.0,0.0,4461.699878390419,331.5854553,30259297.804085962
6510,0.0,0.0,1000.0,0.0,0.0,0.0,3422.630884209203,336.5854553,30259297.804085962
6511,0.0,0.0,1000.0,0.0,0.0,0.0,2383.5618900279896,336.5854553,30259297.804085962
6512,0.0,0.0,1210.54458833176,0.0,210.54458833175994,0.0,1125.7225422185968,336.5854553,30259297.804085962
6513,0.0,1339.3477244037435,0.0,1339.3477244037435,339.3477244037349,0.0,1125.7225422185968,336.5854553,30259297.804085962
6514,0.0,3068.92909660823,0.0,3068.9290966082363,1000.0,1068.9290966082299,2154.4599047943575,331.5854553,30259297.804085962
6515,0.0,4584.300936989951,0.0,4584.300936989977,1000.0,2584.300936989951,4641.591126553487,336.5854553,30259297.804085962
6516,0.0,3289.3601353762897,0.0,5554.028851712401,1000.0,1289.3601353762895,5882.471320839628,336.5854553,30259297.804085962
6517,0.0,5941.8547870314615,0.0,5973.682881471707,1000.0,3941.854787031462,9676.112367878708,336.5854553,30259297.804085962
6518,0.0,5941.8547870314615,0.0,6071.124172030537,1000.0,3941.854787031462,13469.753414917788,336.5854553,30259297.804085962
6519,0.0,5941.8547870314615,0.0,6195.797535378814,1000.0,3941.854787031462,17263.39446195687,336.5854553,30259297.804085962
6520,0.0,5778.592739321697,0.0,5778.5927393217535,1000.0,3778.592739321697,20899.91211428007,411.5854553,30259297.804085962
6521,0.0,2000.0,0.0,4310.722854142257,1000.0,0.0,20899.91211428007,412.5854553,30259297.804085962
6522,0.0,2507.9137446729806,0.0,2507.9137446729806,1000.0,507.91374467298056,21388.72830215334,412.5854553,30259297.804085962
6523,0.0,712.226961153394,1287.7730388466061,712.226961153394,1000.0,0.0,20050.643265945313,676.5854553,30259297.804085962
6524,0.0,0.0,2000.0,0.0,1000.0,0.0,17972.505277582888,676.5854553,30259297.804085962
6525,0.0,0.0,2000.0,0.0,1000.0,0.0,15894.367289220458,632.5854553,30259297.804085962
6526,0.0,0.0,2000.0,0.0,1000.0,0.0,13816.229300858031,412.5854553,30259297.804085962
6527,0.0,0.0,1000.0,0.0,0.0,0.0,12777.160306676818,336.5854553,30259297.804085962
6528,0.0,0.0,1213.3437045145924,0.0,213.3437045145924,0.0,11516.412484030732,336.5854553,30259297.804085962
6529,0.0,0.0,2000.0,0.0,1000.0,0.0,9438.274495668305,338.7168867,30259297.804085962
6530,0.0,0.0,2000.0,0.0,1000.0,0.0,7360.136507305878,338.7168867,30259297.804085962
6531,0.0,0.0,1000.0,0.0,0.0,0.0,6321.067513124664,270.6278867,30259297.804085962
6532,0.0,0.0,1000.0,0.0,0.0,0.0,5281.998518943451,262.1968867,30259297.804085962
6533,0.0,0.0,1000.0,0.0,0.0,0.0,4242.929524762238,262.1968867,30259297.804085962
6534,0.0,0.0,1000.0,0.0,0.0,0.0,3203.8605305810242,265.4888867,30259297.804085962
6535,0.0,0.0,1000.0,0.0,0.0,0.0,2164.7915363998104,265.4888867,30259297.804085962
6536,0.0,0.0,1000.0,0.0,0.0,0.0,1125.7225422185968,262.1968867,30259297.804085962
6537,0.0,1257.8590332648055,0.0,1257.8590332648055,257.85903326480184,-0.0,1125.7225422185968,262.1968867,30259297.804085962
6538,0.0,3142.6253307060715,0.0,3142.6253307060806,1000.0,1142.6253307060715,2225.38516049012,260.7168867,30259297.804085962
6539,0.0,4476.060523442558,0.0,4476.060523442559,1000.0,2476.0605234425584,4608.345808251239,260.7168867,30259297.804085962
6540,0.0,3171.678618809615,0.0,6387.26424399071,1000.0,1171.678618809615,5735.969310993612,262.1968867,30259297.804085962
6541,0.0,5941.8547870314615,0.0,6431.729876840433,1000.0,3941.854787031462,9529.610358032693,260.7168867,30259297.804085962
6542,0.0,5941.8547870314615,0.0,6654.82897240818,1000.0,3941.854787031462,13323.25140507177,260.7168867,30259297.804085962
6543,0.0,5941.8547870314615,0.0,6818.292643108605,1000.0,3941.854787031462,17116.89245211085,260.7168867,30259297.804085962
6544,0.0,5941.8547870314615,0.0,6067.008512028343,1000.0,3941.854787031462,20910.53349914993,338.7168867,30259297.804085962
6545,0.0,2000.0,0.0,4550.011766567217,1000.0,0.0,20910.53349914993,338.7168867,30259297.804085962
6546,0.0,2496.87739297944,0.0,2496.8773929794393,1000.0,496.8773929794402,21388.72830215334,413.7168867,30259297.804085962
6547,0.0,677.0541605653501,1322.9458394346498,677.0541605653501,1000.0,0.0,20014.096299415756,678.7168867,30259297.804085962
6548,0.0,0.0,2000.0,0.0,1000.0,0.0,17935.958311053328,678.7168867,30259297.804085962
6549,0.0,0.0,2000.0,0.0,1000.0,0.0,15857.820322690903,678.7168867,30259297.804085962
6550,0.0,0.0,2000.0,0.0,1000.0,0.0,13779.682334328474,414.7168867,30259297.804085962
6551,0.0,0.0,2000.0,0.0,1000.0,0.0,11701.544345966047,338.7168867,30259297.804085962
6552,0.0,0.0,2000.0,0.0,1000.0,0.0,9623.40635760362,338.7168867,30259297.804085962
6553,0.0,0.0,1178.170903926547,0.0,178.170903926547,0.0,8399.205501487091,335.4887283,30259297.804085962
6554,0.0,0.0,1000.0,0.0,0.0,0.0,7360.136507305878,310.4887283,30259297.804085962
6555,0.0,0.0,1000.0,0.0,0.0,0.0,6321.067513124664,260.4887283,30259297.804085962
6556,0.0,0.0,1000.0,0.0,0.0,0.0,5281.998518943451,260.4887283,30259297.804085962
6557,0.0,0.0,1000.0,0.0,0.0,0.0,4242.929524762238,260.4887283,30259297.804085962
6558,0.0,0.0,1000.0,0.0,0.0,0.0,3203.8605305810242,260.4887283,30259297.804085962
6559,0.0,0.0,1000.0,0.0,0.0,0.0,2164.7915363998104,255.4887283,30259297.804085962
6560,0.0,0.0,1000.0,0.0,0.0,0.0,1125.7225422185968,255.4887283,30259297.804085962
6561,0.0,1475.7928101209723,0.0,1475.7928101209723,475.7928101209691,-0.0,1125.7225422185968,255.4887283,30259297.804085962
6562,0.0,3655.059401057027,0.0,3655.059401057049,1000.0,1655.0594010570271,2718.55170979588,255.4887283,30259297.804085962
6563,0.0,2101.0105211167556,0.0,5282.093476801187,1000.0,101.01052111675565,2815.7642353186457,255.4887283,30259297.804085962
6564,0.0,2000.0,0.0,6930.8088409636275,1000.0,0.0,2815.7642353186457,255.4887283,30259297.804085962
6565,0.0,5941.8547870314615,0.0,7682.745300278173,1000.0,3941.854787031462,6609.405282357725,255.4887283,30259297.804085962
6566,0.0,5941.8547870314615,0.0,7162.8271566813955,1000.0,3941.854787031462,10403.046329396802,255.4887283,30259297.804085962
6567,0.0,5941.8547870314615,0.0,7259.21877726321,1000.0,3941.854787031462,14196.687376435882,255.4887283,30259297.804085962
6568,0.0,5941.8547870314615,0.0,6341.393120641804,1000.0,3941.854787031462,17990.328423474963,260.4887283,30259297.804085962
6569,0.0,4668.600609127267,0.0,4668.600609127282,1000.0,2668.6006091272666,20558.589649699043,336.4887283,30259297.804085962
6570,0.0,2862.571334636639,0.0,2862.571334636632,1000.0,862.5713346366392,21388.72830215334,410.4887283,30259297.804085962
6571,0.0,701.3151505862822,1298.6848494137178,701.3151505862822,1000.0,0.0,20039.305141914647,480.4887283,30259297.804085962
6572,0.0,0.0,2000.0,0.0,1000.0,0.0,17961.16715355222,675.4887283,30259297.804085962
6573,0.0,0.0,2000.0,0.0,1000.0,0.0,15883.029165189793,480.4887283,30259297.804085962
6574,0.0,0.0,2000.0,0.0,1000.0,0.0,13804.891176827365,480.4887283,30259297.804085962
6575,0.0,0.0,2000.0,0.0,1000.0,0.0,11726.75318846494,410.4887283,30259297.804085962
6576,0.0,0.0,2000.0,0.0,1000.0,0.0,9648.615200102511,410.4887283,30259297.804085962
6577,0.0,0.0,1000.0,0.0,0.0,0.0,8609.546205921299,352.4020085,30259297.804085962
6578,0.0,0.0,1000.0,0.0,0.0,0.0,7570.477211740085,352.4020085,30259297.804085962
6579,0.0,0.0,1000.0,0.0,0.0,0.0,6531.408217558872,352.4020085,30259297.804085962
6580,0.0,0.0,1000.0,0.0,0.0,0.0,5492.339223377658,352.4020085,30259297.804085962
6581,0.0,0.0,1000.0,0.0,0.0,0.0,4453.270229196444,352.4020085,30259297.804085962
6582,0.0,0.0,1000.0,0.0,0.0,0.0,3414.20123501523,402.4020085,30259297.804085962
6583,0.0,0.0,1202.4318939474806,0.0,202.43189394748057,0.0,2164.7915363998104,402.4020085,30259297.804085962
6584,0.0,0.0,1000.0,0.0,0.0,0.0,1125.7225422185968,352.4020085,30259297.804085962
6585,0.0,1462.1233933239632,0.0,1462.1233933239632,462.1233933239564,0.0,1125.7225422185968,352.4020085,30259297.804085962
6586,0.0,3561.0102646405085,0.0,3561.0102646405403,1000.0,1561.0102646405085,2628.0388209086223,328.4020085,30259297.804085962
6587,0.0,5014.302567550291,0.0,5368.842371373106,1000.0,3014.3025675502913,5529.003611919023,352.4020085,30259297.804085962
6588,0.0,2000.0,0.0,6944.946754593699,1000.0,0.0,5529.003611919023,402.4020085,30259297.804085962
6589,0.0,5941.8547870314615,0.0,7578.768794955193,1000.0,3941.854787031462,9322.644658958103,402.4020085,30259297.804085962
6590,0.0,5941.8547870314615,0.0,7714.62084271293,1000.0,3941.854787031462,13116.28570599718,402.4020085,30259297.804085962
6591,0.0,5941.8547870314615,0.0,7522.448419830651,1000.0,3941.854787031462,16909.92675303626,402.4020085,30259297.804085962
6592,0.0,5941.8547870314615,0.0,6132.348918798261,1000.0,3941.854787031462,20703.56780007534,667.4020085,30259297.804085962
6593,0.0,2000.0,0.0,4660.102449083436,1000.0,0.0,20703.56780007534,667.4020085,30259297.804085962
6594,0.0,2711.929033746888,0.0,2711.92903374691,1000.0,711.9290337468879,21388.72830215334,682.4020085,30259297.804085962
6595,0.0,657.7983762182182,1342.2016237817818,657.7983762182182,1000.0,0.0,19994.08821094201,1082.402009,30259297.804085962
6596,0.0,0.0,2000.0,0.0,1000.0,0.0,17915.95022257958,1112.402009,30259297.804085962
6597,0.0,0.0,2000.0,0.0,1000.0,0.0,15837.812234217155,901.4020085,30259297.804085962
6598,0.0,0.0,2000.0,0.0,1000.0,0.0,13759.674245854727,682.4020085,30259297.804085962
6599,0.0,0.0,2000.0,0.0,1000.0,0.0,11681.536257492302,672.4020085,30259297.804085962
6600,0.0,0.0,2000.0,0.0,1000.0,0.0,9603.398269129873,472.4020085,30259297.804085962
6601,0.0,0.0,1000.0,0.0,0.0,0.0,8564.32927494866,400.0359264,30259297.804085962
6602,0.0,0.0,1000.0,0.0,0.0,0.0,7525.2602807674475,400.0359264,30259297.804085962
6603,0.0,0.0,1000.0,0.0,0.0,0.0,6486.191286586234,400.0359264,30259297.804085962
6604,0.0,0.0,1000.0,0.0,0.0,0.0,5447.12229240502,400.0359264,30259297.804085962
6605,0.0,0.0,1000.0,0.0,0.0,0.0,4408.053298223806,405.0359264,30259297.804085962
6606,0.0,0.0,1158.915119579413,0.0,158.91511957941293,0.0,3203.8605305810242,470.0359264,30259297.804085962
6607,0.0,0.0,1000.0,0.0,0.0,0.0,2164.7915363998104,405.0359264,30259297.804085962
6608,0.0,0.0,1000.0,0.0,0.0,0.0,1125.7225422185968,400.0359264,30259297.804085962
6609,0.0,1424.5488070281908,0.0,1424.5488070281908,424.5488070281863,0.0,1125.7225422185968,355.0359264,30259297.804085962
6610,0.0,3326.726569157003,0.0,3326.7265691570115,1000.0,1326.7265691570028,2402.5641923752964,355.0359264,30259297.804085962
6611,0.0,2525.7883483670525,0.0,5054.600005108622,1000.0,525.7883483670527,2908.582898843748,400.0359264,30259297.804085962
6612,0.0,5824.7070068819185,0.0,5824.707006881937,1000.0,3824.7070068819185,6589.480922266906,400.0359264,30259297.804085962
6613,0.0,5941.8547870314615,0.0,6212.2779331741895,1000.0,3941.854787031462,10383.121969305987,400.0359264,30259297.804085962
6614,0.0,5941.8547870314615,0.0,6840.501741170025,1000.0,3941.854787031462,14176.763016345063,400.0359264,30259297.804085962
6615,0.0,5941.8547870314615,0.0,6250.036362138816,1000.0,3941.854787031462,17970.404063384143,470.0359264,30259297.804085962
6616,0.0,5233.761266202136,0.0,5233.761266202128,1000.0,3233.7612662021356,21082.57590597708,665.0359264,30259297.804085962
6617,0.0,2000.0,0.0,4253.287591991955,1000.0,0.0,21082.57590597708,670.0359264,30259297.804085962
6618,0.0,2318.1134623610383,0.0,2318.113462361034,1000.0,318.1134623610383,21388.72830215334,680.0359264,30259297.804085962
6619,0.0,563.7255101706354,1436.2744898293645,563.7255101706354,1000.0,0.0,19896.340012638204,898.0359264,30259297.804085962
6620,0.0,0.0,2000.0,0.0,1000.0,0.0,17818.202024275775,1080.035926,30259297.804085962
6621,0.0,0.0,2000.0,0.0,1000.0,0.0,15740.06403591335,899.0359264,30259297.804085962
6622,0.0,0.0,2000.0,0.0,1000.0,0.0,13661.926047550922,680.0359264,30259297.804085962
6623,0.0,0.0,2000.0,0.0,1000.0,0.0,11583.788059188497,665.0359264,30259297.804085962
6624,0.0,0.0,2000.0,0.0,1000.0,0.0,9505.650070826068,660.0359264,30259297.804085962
6625,0.0,0.0,1000.0,0.0,0.0,0.0,8466.581076644856,422.8911604,30259297.804085962
6626,0.0,0.0,1000.0,0.0,0.0,0.0,7427.512082463642,477.8911604,30259297.804085962
6627,0.0,0.0,1000.0,0.0,0.0,0.0,6388.443088282429,477.8911604,30259297.804085962
6628,0.0,0.0,1000.0,0.0,0.0,0.0,5349.374094101215,422.8911604,30259297.804085962
6629,0.0,0.0,1000.0,0.0,0.0,0.0,4310.305099920001,422.8911604,30259297.804085962
6630,0.0,0.0,1064.8422535318318,0.0,64.84225353183183,0.0,3203.8605305810242,552.8911604,30259297.804085962
6631,0.0,0.0,1000.0,0.0,0.0,0.0,2164.7915363998104,477.8911604,30259297.804085962
6632,0.0,0.0,1000.0,0.0,0.0,0.0,1125.7225422185968,422.8911604,30259297.804085962
6633,0.0,1412.605118073554,0.0,1412.605118073554,412.6051180735449,-0.0,1125.7225422185968,477.8911604,30259297.804085962
6634,0.0,3592.672308001391,0.0,3592.672308001417,1000.0,1592.6723080013908,2658.5103714391353,422.8911604,30259297.804085962
6635,0.0,5116.144161007858,0.0,5517.62254974612,1000.0,3116.1441610078587,5657.487511993098,477.8911604,30259297.804085962
6636,0.0,2000.0,0.0,6586.90294852931,1000.0,0.0,5657.487511993098,477.8911604,30259297.804085962
6637,0.0,5941.8547870314615,0.0,6978.340452570899,1000.0,3941.854787031462,9451.128559032179,477.8911604,30259297.804085962
6638,0.0,5941.8547870314615,0.0,7389.751308777912,1000.0,3941.854787031462,13244.769606071255,552.8911604,30259297.804085962
6639,0.0,5941.8547870314615,0.0,6466.321504284522,1000.0,3941.854787031462,17038.410653110335,552.8911604,30259297.804085962
6640,0.0,5941.8547870314615,0.0,5989.760010750399,1000.0,3941.854787031462,20832.051700149415,552.8911604,30259297.804085962
6641,0.0,2000.0,0.0,4425.848398737303,1000.0,0.0,20832.051700149415,667.8911604,30259297.804085962
6642,0.0,2578.425396928436,0.0,2578.4253969284314,1000.0,578.4253969284359,21388.72830215334,667.8911604,30259297.804085962
6643,0.0,566.3645133156868,1433.635486684313,566.3645133156868,1000.0,0.0,19899.082118981773,901.8911604,30259297.804085962
6644,0.0,0.0,2000.0,0.0,1000.0,0.0,17820.944130619348,1082.89116,30259297.804085962
6645,0.0,0.0,2000.0,0.0,1000.0,0.0,15742.80614225692,901.8911604,30259297.804085962
6646,0.0,0.0,2000.0,0.0,1000.0,0.0,13664.668153894494,692.8911604,30259297.804085962
6647,0.0,0.0,2000.0,0.0,1000.0,0.0,11586.530165532065,552.8911604,30259297.804085962
6648,0.0,0.0,2000.0,0.0,1000.0,0.0,9508.392177169639,477.8911604,30259297.804085962
6649,0.0,0.0,1000.0,0.0,0.0,0.0,8469.323182988424,414.3091763,30259297.804085962
6650,0.0,0.0,1000.0,0.0,0.0,0.0,7430.254188807212,414.3091763,30259297.804085962
6651,0.0,0.0,1000.0,0.0,0.0,0.0,6391.1851946259985,414.3091763,30259297.804085962
6652,0.0,0.0,1000.0,0.0,0.0,0.0,5352.116200444785,414.3091763,30259297.804085962
6653,0.0,0.0,1000.0,0.0,0.0,0.0,4313.047206263572,414.3091763,30259297.804085962
6654,0.0,0.0,1000.0,0.0,0.0,0.0,3273.978212082358,414.3091763,30259297.804085962
6655,0.0,0.0,1067.4812566768837,0.0,67.48125667688369,0.0,2164.7915363998104,414.3091763,30259297.804085962
6656,0.0,0.0,1000.0,0.0,0.0,0.0,1125.7225422185968,414.3091763,30259297.804085962
6657,0.0,1560.0509723053442,0.0,1560.0509723053442,560.0509723053401,0.0,1125.7225422185968,414.3091763,30259297.804085962
6658,0.0,3938.9859241850345,0.0,3938.9859241850477,1000.0,1938.9859241850345,2991.8025956542742,414.3091763,30259297.804085962
6659,0.0,5757.130876751248,0.0,5757.130876751282,1000.0,3757.1308767512483,6607.665351439676,414.3091763,30259297.804085962
6660,0.0,2202.348023294729,0.0,7082.239864761968,1000.0,202.34802329472916,6802.405089058523,414.3091763,30259297.804085962
6661,0.0,5941.8547870314615,0.0,7511.8212746953795,1000.0,3941.854787031462,10596.046136097602,414.3091763,30259297.804085962
6662,0.0,5941.8547870314615,0.0,7667.510279944204,1000.0,3941.854787031462,14389.68718313668,414.3091763,30259297.804085962
6663,0.0,5941.8547870314615,0.0,7222.243155700881,1000.0,3941.854787031462,18183.32823017576,414.3091763,30259297.804085962
6664,0.0,2000.0,0.0,5493.468309262128,1000.0,0.0,18183.32823017576,483.3091763,30259297.804085962
6665,0.0,4466.832919497222,0.0,4466.832919497256,1000.0,2466.832919497222,20557.408231899888,613.3091763,30259297.804085962
6666,0.0,2863.7989092409134,0.0,2863.7989092409157,1000.0,863.7989092409134,21388.72830215334,613.3091763,30259297.804085962
6667,0.0,575.348961782084,1424.651038217916,575.348961782084,1000.0,0.0,19908.41758081303,902.3091763,30259297.804085962
6668,0.0,0.0,2000.0,0.0,1000.0,0.0,17830.279592450606,1083.309176,30259297.804085962
6669,0.0,0.0,2000.0,0.0,1000.0,0.0,15752.141604088176,902.3091763,30259297.804085962
6670,0.0,0.0,2000.0,0.0,1000.0,0.0,13674.00361572575,693.3091763,30259297.804085962
6671,0.0,0.0,2000.0,0.0,1000.0,0.0,11595.865627363322,613.3091763,30259297.804085962
6672,0.0,0.0,1000.0,0.0,0.0,0.0,10556.796633182108,483.3091763,30259297.804085962
6673,0.0,0.0,1000.0,0.0,0.0,0.0,9517.727639000896,481.2951174,30259297.804085962
6674,0.0,0.0,1000.0,0.0,0.0,0.0,8478.658644819681,481.2951174,30259297.804085962
6675,0.0,0.0,1000.0,0.0,0.0,0.0,7439.589650638468,481.2951174,30259297.804085962
6676,0.0,0.0,1000.0,0.0,0.0,0.0,6400.5206564572545,481.2951174,30259297.804085962
6677,0.0,0.0,2000.0,0.0,1000.0,0.0,4322.382668094828,512.2951174,30259297.804085962
6678,0.0,0.0,1000.0,0.0,0.0,0.0,3283.313673913607,512.2951174,30259297.804085962
6679,0.0,0.0,1000.0,0.0,0.0,0.0,2244.2446797323937,512.2951174,30259297.804085962
6680,0.0,0.0,1076.4657051432782,0.0,76.46570514327823,0.0,1125.7225422185968,512.2951174,30259297.804085962
6681,0.0,1504.210958829401,0.0,1504.210958829401,504.21095882939414,0.0,1125.7225422185968,512.2951174,30259297.804085962
6682,0.0,3869.6069618124584,0.0,3869.6069618124784,1000.0,1869.6069618124584,2925.032282266907,512.2951174,30259297.804085962
6683,0.0,5763.647471714266,0.0,5831.461658761551,1000.0,3763.6474717142664,6547.166609044717,512.2951174,30259297.804085962
6684,0.0,2000.0,0.0,7100.9856535907375,1000.0,0.0,6547.166609044717,512.2951174,30259297.804085962
6685,0.0,5941.8547870314615,0.0,7957.40863628189,1000.0,3941.854787031462,10340.807656083796,512.2951174,30259297.804085962
6686,0.0,5941.8547870314615,0.0,8137.139216971444,1000.0,3941.854787031462,14134.448703122875,666.2951174,30259297.804085962
6687,0.0,5941.8547870314615,0.0,7738.858103102789,1000.0,3941.854787031462,17928.089750161955,900.2951174,30259297.804085962
6688,0.0,2000.0,0.0,6555.294279936903,1000.0,0.0,17928.089750161955,712.2951174,30259297.804085962
6689,0.0,4913.807991261094,0.0,4913.807991261091,1000.0,2913.807991261094,20732.33856095163,712.2951174,30259297.804085962
6690,0.0,2682.034228181325,0.0,2682.0342281813378,1000.0,682.034228181325,21388.72830215334,900.2951174,30259297.804085962
6691,0.0,618.1007316049723,1381.8992683950278,618.1007316049723,1000.0,0.0,19952.839619282364,961.2951174,30259297.804085962
6692,0.0,0.0,2000.0,0.0,1000.0,0.0,17874.701630919935,961.2951174,30259297.804085962
6693,0.0,0.0,2000.0,0.0,1000.0,0.0,15796.563642557507,941.2951174,30259297.804085962
6694,0.0,0.0,2000.0,0.0,1000.0,0.0,13718.425654195082,900.2951174,30259297.804085962
6695,0.0,0.0,2000.0,0.0,1000.0,0.0,11640.287665832653,691.2951174,30259297.804085962
6696,0.0,0.0,2000.0,0.0,1000.0,0.0,9562.149677470228,666.2951174,30259297.804085962
6697,0.0,0.0,1000.0,0.0,0.0,0.0,8523.080683289014,382.8262065,30259297.804085962
6698,0.0,0.0,1000.0,0.0,0.0,0.0,7484.0116891078005,382.8262065,30259297.804085962
6699,0.0,0.0,1000.0,0.0,0.0,0.0,6444.942694926587,496.8262065,30259297.804085962
6700,0.0,0.0,1000.0,0.0,0.0,0.0,5405.873700745374,496.8262065,30259297.804085962
6701,0.0,0.0,1000.0,0.0,0.0,0.0,4366.80470656416,496.8262065,30259297.804085962
6702,0.0,0.0,1000.0,0.0,0.0,0.0,3327.735712382946,496.8262065,30259297.804085962
6703,0.0,0.0,1000.0,0.0,0.0,0.0,2288.6667182017327,496.8262065,30259297.804085962
6704,0.0,0.0,1119.2174749661704,0.0,119.21747496617033,0.0,1125.7225422185966,591.8262065,30259297.804085962
6705,0.0,1280.8746458243327,0.0,1280.8746458243327,280.87464582432585,0.0,1125.7225422185968,591.8262065,30259297.804085962
6706,0.0,3422.3650387415455,0.0,3422.3650387415555,1000.0,1422.3650387415455,2494.6066555034604,591.8262065,30259297.804085962
6707,0.0,4846.6884931479335,0.0,4846.688493147962,1000.0,2846.6884931479335,5234.259661309032,496.8262065,30259297.804085962
6708,0.0,3136.7785963026263,0.0,6245.985941720628,1000.0,1136.778596302626,6328.295382390679,591.8262065,30259297.804085962
6709,0.0,5941.8547870314615,0.0,6963.111359010883,1000.0,3941.854787031462,10121.93642942976,591.8262065,30259297.804085962
6710,0.0,5941.8547870314615,0.0,7186.732326180159,1000.0,3941.854787031462,13915.577476468836,496.8262065,30259297.804085962
6711,0.0,5941.8547870314615,0.0,6252.301741904578,1000.0,3941.854787031462,17709.218523507916,591.8262065,30259297.804085962
6712,0.0,5361.536202754584,0.0,5361.536202754564,1000.0,3361.5362027545843,20944.36096503893,591.8262065,30259297.804085962
6713,0.0,2000.0,0.0,4219.117013386409,1000.0,0.0,20944.36096503893,591.8262065,30259297.804085962
6714,0.0,2461.7283220224567,0.0,2461.7283220224695,1000.0,461.7283220224567,21388.72830215334,666.8262065,30259297.804085962
6715,0.0,504.7364980312778,1495.2635019687223,504.7364980312778,1000.0,0.0,19835.04635912682,711.8262065,30259297.804085962
6716,0.0,0.0,2000.0,0.0,1000.0,0.0,17756.908370764395,721.8262065,30259297.804085962
6717,0.0,0.0,2000.0,0.0,1000.0,0.0,15678.770382401968,711.8262065,30259297.804085962
6718,0.0,0.0,2000.0,0.0,1000.0,0.0,13600.632394039541,666.8262065,30259297.804085962
6719,0.0,0.0,2000.0,0.0,1000.0,0.0,11522.494405677113,711.8262065,30259297.804085962
6720,0.0,0.0,2000.0,0.0,1000.0,0.0,9444.356417314686,666.8262065,30259297.804085962
6721,0.0,0.0,1000.0,0.0,0.0,0.0,8405.287423133472,416.5693219,30259297.804085962
6722,0.0,0.0,1000.0,0.0,0.0,0.0,7366.218428952258,416.5693219,30259297.804085962
6723,0.0,0.0,1000.0,0.0,0.0,0.0,6327.149434771045,416.5693219,30259297.804085962
6724,0.0,0.0,1000.0,0.0,0.0,0.0,5288.080440589832,416.5693219,30259297.804085962
6725,0.0,0.0,1005.8532413924767,0.0,5.853241392476675,0.0,4242.929524762238,416.5693219,30259297.804085962
6726,0.0,0.0,1000.0,0.0,0.0,0.0,3203.8605305810242,376.5693219,30259297.804085962
6727,0.0,0.0,1000.0,0.0,0.0,0.0,2164.7915363998104,376.5693219,30259297.804085962
6728,0.0,0.0,1000.0,0.0,0.0,0.0,1125.7225422185968,255.0493219,30259297.804085962
6729,0.0,1365.2217659561547,0.0,1365.2217659561547,365.22176595615747,0.0,1125.7225422185968,376.5693219,30259297.804085962
6730,0.0,3408.5532892286374,0.0,3408.5532892286283,1000.0,1408.5532892286374,2481.3142277722372,201.5693219,30259297.804085962
6731,0.0,5371.339041802227,0.0,5371.339041802238,1000.0,3371.3390418022273,5725.8909216027005,255.0493219,30259297.804085962
6732,0.0,2713.3706763724904,0.0,6568.151232926588,1000.0,713.3706763724903,6412.438860543585,247.7593219,30259297.804085962
6733,0.0,5941.8547870314615,0.0,7082.394062293425,1000.0,3941.854787031462,10206.079907582665,296.5693219,30259297.804085962
6734,0.0,5941.8547870314615,0.0,6521.526969848042,1000.0,3941.854787031462,13999.720954621745,296.5693219,30259297.804085962
6735,0.0,5941.8547870314615,0.0,6523.472112270616,1000.0,3941.854787031462,17793.362001660826,376.5693219,30259297.804085962
6736,0.0,5407.442909282455,0.0,5407.442909282451,1000.0,3407.442909282455,21072.68505755426,416.5693219,30259297.804085962
6737,0.0,2000.0,0.0,4212.1192285631505,1000.0,0.0,21072.68505755426,666.5693219,30259297.804085962
6738,0.0,2328.3907362833384,0.0,2328.390736283353,1000.0,328.39073628333836,21388.72830215334,671.5693219,30259297.804085962
6739,0.0,498.8832566388051,1501.116743361195,498.8832566388051,1000.0,0.0,19828.96443748044,701.5693219,30259297.804085962
6740,0.0,0.0,2000.0,0.0,1000.0,0.0,17750.826449118013,701.5693219,30259297.804085962
6741,0.0,0.0,2000.0,0.0,1000.0,0.0,15672.688460755586,701.5693219,30259297.804085962
6742,0.0,0.0,2000.0,0.0,1000.0,0.0,13594.550472393159,701.5693219,30259297.804085962
6743,0.0,0.0,2000.0,0.0,1000.0,0.0,11516.412484030732,671.5693219,30259297.804085962
6744,0.0,0.0,2000.0,0.0,1000.0,0.0,9438.274495668305,666.5693219,30259297.804085962
6745,0.0,0.0,1000.0,0.0,0.0,0.0,8399.205501487091,293.5954814,30259297.804085962
6746,0.0,0.0,1000.0,0.0,0.0,0.0,7360.136507305878,293.5954814,30259297.804085962
6747,0.0,0.0,1000.0,0.0,0.0,0.0,6321.067513124664,293.5954814,30259297.804085962
6748,0.0,0.0,1000.0,0.0,0.0,0.0,5281.998518943451,293.5954814,30259297.804085962
6749,0.0,0.0,1000.0,0.0,0.0,0.0,4242.929524762238,293.5954814,30259297.804085962
6750,0.0,0.0,1000.0,0.0,0.0,0.0,3203.8605305810242,303.5954814,30259297.804085962
6751,0.0,0.0,1000.0,0.0,0.0,0.0,2164.7915363998104,303.5954814,30259297.804085962
6752,0.0,0.0,1000.0,0.0,0.0,0.0,1125.7225422185968,293.5954814,30259297.804085962
6753,0.0,1244.3675210950653,0.0,1244.3675210950653,244.3675210950605,0.0,1125.7225422185968,293.5954814,30259297.804085962
6754,0.0,3514.225877256556,0.0,3514.2258772565847,1000.0,1514.225877256556,2583.0135264903065,293.5954814,30259297.804085962
6755,0.0,5033.428712208685,0.0,5033.428712208681,1000.0,3033.4287122086853,5502.385319119945,293.5954814,30259297.804085962
6756,0.0,2458.894202875757,0.0,6601.84738792512,1000.0,458.894202875757,5944.025099967574,253.5954814,30259297.804085962
6757,0.0,5941.8547870314615,0.0,7289.006833291841,1000.0,3941.854787031462,9737.666147006654,303.5954814,30259297.804085962
6758,0.0,5941.8547870314615,0.0,7205.495895330787,1000.0,3941.854787031462,13531.30719404573,363.5954814,30259297.804085962
6759,0.0,5941.8547870314615,0.0,6758.763967778226,1000.0,3941.854787031462,17324.94824108481,363.5954814,30259297.804085962
6760,0.0,5880.309802920526,0.0,5880.309802920556,1000.0,3880.3098029205257,21059.358395415526,363.5954814,30259297.804085962
6761,0.0,2000.0,0.0,4229.868710915743,1000.0,0.0,21059.358395415526,652.5954814,30259297.804085962
6762,0.0,2342.238057707625,0.0,2342.2380577076306,1000.0,342.2380577076251,21388.72830215334,652.5954814,30259297.804085962
6763,0.0,384.97937114172043,1615.0206288582795,384.97937114172043,1000.0,0.0,19710.610441743658,703.5954814,30259297.804085962
6764,0.0,0.0,2000.0,0.0,1000.0,0.0,17632.472453381233,703.5954814,30259297.804085962
6765,0.0,0.0,2000.0,0.0,1000.0,0.0,15554.334465018803,703.5954814,30259297.804085962
6766,0.0,0.0,2000.0,0.0,1000.0,0.0,13476.196476656376,668.5954814,30259297.804085962
6767,0.0,0.0,1886.096114502918,0.0,886.096114502918,0.0,11516.412484030734,652.5954814,30259297.804085962
6768,0.0,0.0,2000.0,0.0,1000.0,0.0,9438.274495668305,652.5954814,30259297.804085962
6769,0.0,0.0,1000.0,0.0,0.0,0.0,8399.205501487093,195.1969774,30259297.804085962
6770,0.0,0.0,1000.0,0.0,0.0,0.0,7360.136507305878,205.1969774,30259297.804085962
6771,0.0,0.0,1000.0,0.0,0.0,0.0,6321.067513124664,205.1969774,30259297.804085962
6772,0.0,0.0,1000.0,0.0,0.0,0.0,5281.998518943451,205.1969774,30259297.804085962
6773,0.0,0.0,1000.0,0.0,0.0,0.0,4242.929524762238,205.1969774,30259297.804085962
6774,0.0,0.0,1000.0,0.0,0.0,0.0,3203.8605305810242,245.1969774,30259297.804085962
6775,0.0,0.0,1000.0,0.0,0.0,0.0,2164.7915363998104,245.1969774,30259297.804085962
6776,0.0,0.0,1000.0,0.0,0.0,0.0,1125.7225422185968,245.1969774,30259297.804085962
6777,0.0,1155.5074330212094,0.0,1155.5074330212094,155.507433021201,-0.0,1125.7225422185968,245.1969774,30259297.804085962
6778,0.0,2800.694248366979,0.0,2800.694248366994,1000.0,800.6942483669791,1896.3106868469777,205.1969774,30259297.804085962
6779,0.0,4220.279359674324,0.0,4220.279359674318,1000.0,2220.279359674324,4033.1075425975473,245.1969774,30259297.804085962
6780,0.0,5930.97263286932,0.0,5930.972632869382,1000.0,3930.9726328693196,7816.27560447098,245.1969774,30259297.804085962
6781,0.0,5030.438987103797,0.0,6791.279984899361,1000.0,3030.4389871037974,10732.770085659675,245.1969774,30259297.804085962
6782,0.0,5941.8547870314615,0.0,6458.60021360139,1000.0,3941.854787031462,14526.411132698751,245.1969774,30259297.804085962
6783,0.0,5941.8547870314615,0.0,6184.6663102315015,1000.0,3941.854787031462,18320.05217973783,255.1969774,30259297.804085962
6784,0.0,5188.566211986193,0.0,5188.566211986208,1000.0,3188.5662119861927,21388.728302153344,670.1969774,30259297.804085962
6785,0.0,2000.0,0.0,3897.8768510310347,1000.0,0.0,21388.728302153344,673.1969774,30259297.804085962
6786,0.0,2000.0,0.0,2374.155098827689,1000.0,0.0,21388.72830215334,695.1969774,30259297.804085962
6787,0.0,383.0757386720798,1616.9242613279202,383.0757386720798,1000.0,0.0,19708.632436268133,715.1969774,30259297.804085962
6788,0.0,0.0,2000.0,0.0,1000.0,0.0,17630.49444790571,715.1969774,30259297.804085962
6789,0.0,0.0,2000.0,0.0,1000.0,0.0,15552.35645954328,715.1969774,30259297.804085962
6790,0.0,0.0,2000.0,0.0,1000.0,0.0,13474.218471180853,715.1969774,30259297.804085962
6791,0.0,0.0,2000.0,0.0,1000.0,0.0,11396.080482818426,670.1969774,30259297.804085962
6792,0.0,0.0,1884.1924820332756,0.0,884.1924820332756,0.0,9438.274495668305,268.2289774,30259297.804085962
6793,0.0,0.0,1000.0,0.0,0.0,0.0,8399.205501487093,177.1871096,30259297.804085962
6794,0.0,0.0,1000.0,0.0,0.0,0.0,7360.136507305878,177.1871096,30259297.804085962
6795,0.0,0.0,1000.0,0.0,0.0,0.0,6321.067513124664,197.1871096,30259297.804085962
6796,0.0,0.0,1000.0,0.0,0.0,0.0,5281.998518943451,197.1871096,30259297.804085962
6797,0.0,0.0,1000.0,0.0,0.0,0.0,4242.929524762238,197.1871096,30259297.804085962
6798,0.0,0.0,1000.0,0.0,0.0,0.0,3203.8605305810242,197.1871096,30259297.804085962
6799,0.0,0.0,1000.0,0.0,0.0,0.0,2164.7915363998104,197.1871096,30259297.804085962
6800,0.0,0.0,1000.0,0.0,0.0,0.0,1125.7225422185968,197.1871096,30259297.804085962
6801,0.0,1096.1388707286092,0.0,1096.1388707286092,96.13887072860962,0.0,1125.7225422185968,197.1871096,30259297.804085962
6802,0.0,3085.2375165502835,0.0,3085.237516550296,1000.0,1085.2375165502835,2170.15512814659,197.1871096,30259297.804085962
6803,0.0,4406.30202218437,0.0,4406.302022184379,1000.0,2406.30202218437,4485.980194296827,197.1871096,30259297.804085962
6804,0.0,5739.2568532722535,0.0,5739.256853272259,1000.0,3739.2568532722535,8084.640989886044,197.1871096,30259297.804085962
6805,0.0,4455.30492155469,0.0,5401.91583200712,1000.0,2455.30492155469,10447.626446390277,197.1871096,30259297.804085962
6806,0.0,5723.440659794318,0.0,5723.440659794335,1000.0,3723.4406597943175,14031.065737376326,197.1871096,30259297.804085962
6807,0.0,5659.250734496774,0.0,5659.250734496786,1000.0,3659.2507344967744,17552.72864425602,197.1871096,30259297.804085962
6808,0.0,4512.490555039904,0.0,4512.490555039914,1000.0,2512.4905550399044,19970.749554426427,517.1871096,30259297.804085962
6809,0.0,3473.377751170944,0.0,3473.3777511709677,1000.0,1473.377751170944,21388.728302153344,547.1871096,30259297.804085962
6810,0.0,2000.0,0.0,2042.2937181109949,1000.0,0.0,21388.72830215334,672.1871096,30259297.804085962
6811,0.0,311.4195317182115,1688.5804682817884,311.4195317182115,1000.0,0.0,19634.176693381738,1277.18711,30259297.804085962
6812,0.0,0.0,2000.0,0.0,1000.0,0.0,17556.03870501931,1277.18711,30259297.804085962
6813,0.0,0.0,2000.0,0.0,1000.0,0.0,15477.900716656884,742.3841096,30259297.804085962
6814,0.0,0.0,2000.0,0.0,1000.0,0.0,13399.762728294458,742.3841096,30259297.804085962
6815,0.0,0.0,2000.0,0.0,1000.0,0.0,11321.624739932031,517.1871096,30259297.804085962
6816,0.0,0.0,1000.0,0.0,0.0,0.0,10282.555745750817,197.1871096,30259297.804085962
6817,0.0,0.0,1000.0,0.0,0.0,0.0,9243.486751569602,138.9990262,30259297.804085962
6818,0.0,0.0,1000.0,0.0,0.0,0.0,8204.41775738839,138.9990262,30259297.804085962
6819,0.0,0.0,1000.0,0.0,0.0,0.0,7165.348763207176,138.9990262,30259297.804085962
6820,0.0,0.0,1000.0,0.0,0.0,0.0,6126.279769025962,138.9990262,30259297.804085962
6821,0.0,0.0,1000.0,0.0,0.0,0.0,5087.210774844749,138.9990262,30259297.804085962
6822,0.0,0.0,1812.5362750794084,0.0,812.5362750794084,0.0,3203.8605305810242,208.9990262,30259297.804085962
6823,0.0,0.0,1000.0,0.0,0.0,0.0,2164.7915363998104,148.9990262,30259297.804085962
6824,0.0,0.0,1000.0,0.0,0.0,0.0,1125.7225422185968,138.9990262,30259297.804085962
6825,0.0,1186.5883032381325,0.0,1186.5883032381325,186.58830323813163,0.0,1125.7225422185968,138.9990262,30259297.804085962
6826,0.0,3241.7567659282786,0.0,3241.7567659283022,1000.0,1241.7567659282786,2320.789253747972,118.9990262,30259297.804085962
6827,0.0,4505.510550538503,0.0,4505.510550538514,1000.0,2505.5105505385027,4732.092607586226,138.9990262,30259297.804085962
6828,0.0,5941.854787031471,0.0,6084.6571828855795,1000.0,3941.8547870314706,8525.733654625314,208.9990262,30259297.804085962
6829,0.0,4345.171331926386,0.0,5729.655637215297,1000.0,2345.1713319263863,10782.726544471268,208.9990262,30259297.804085962
6830,0.0,5941.8547870314615,0.0,6318.478319577631,1000.0,3941.854787031462,14576.367591510345,208.9990262,30259297.804085962
6831,0.0,5941.8547870314615,0.0,6240.779113056115,1000.0,3941.854787031462,18370.008638549425,548.9990262,30259297.804085962
6832,0.0,5136.658004575976,0.0,5136.6580045759765,1000.0,3136.6580045759756,21388.728302153344,548.9990262,30259297.804085962
6833,0.0,2000.0,0.0,3686.6324977381073,1000.0,0.0,21388.728302153344,608.9990262,30259297.804085962
6834,0.0,2000.0,0.0,2168.319208457616,1000.0,0.0,21388.72830215334,673.9990262,30259297.804085962
6835,0.0,340.7865389082996,1659.2134610917005,340.7865389082996,1000.0,0.0,19664.691040004855,1157.999026,30259297.804085962
6836,0.0,0.0,2000.0,0.0,1000.0,0.0,17586.55305164243,1278.999026,30259297.804085962
6837,0.0,0.0,2000.0,0.0,1000.0,0.0,15508.415063280001,1157.999026,30259297.804085962
6838,0.0,0.0,2000.0,0.0,1000.0,0.0,13430.277074917576,744.1260262,30259297.804085962
6839,0.0,0.0,2000.0,0.0,1000.0,0.0,11352.139086555148,608.9990262,30259297.804085962
6840,0.0,0.0,1000.0,0.0,0.0,0.0,10313.070092373935,233.4790262,30259297.804085962
6841,0.0,0.0,1000.0,0.0,0.0,0.0,9274.00109819272,136.0946448,30259297.804085962
6842,0.0,0.0,1000.0,0.0,0.0,0.0,8234.932104011506,228.0946448,30259297.804085962
6843,0.0,0.0,1000.0,0.0,0.0,0.0,7195.863109830294,136.0946448,30259297.804085962
6844,0.0,0.0,1000.0,0.0,0.0,0.0,6156.79411564908,228.0946448,30259297.804085962
6845,0.0,0.0,1000.0,0.0,0.0,0.0,5117.725121467866,228.0946448,30259297.804085962
6846,0.0,0.0,1841.9032822694971,0.0,841.9032822694971,0.0,3203.8605305810242,308.0946448,30259297.804085962
6847,0.0,0.0,1000.0,0.0,0.0,0.0,2164.7915363998104,228.0946448,30259297.804085962
6848,0.0,0.0,1000.0,0.0,0.0,0.0,1125.7225422185968,228.0946448,30259297.804085962
6849,0.0,1232.9575685574964,0.0,1232.9575685574964,232.95756855749642,-0.0,1125.7225422185968,228.0946448,30259297.804085962
6850,0.0,3563.465425116734,0.0,3563.4654251167385,1000.0,1563.465425116734,2630.4016673509414,136.0946448,30259297.804085962
6851,0.0,4460.113862064259,0.0,4460.113862064252,1000.0,2460.1138620642587,4998.015248201584,228.0946448,30259297.804085962
6852,0.0,3604.4445993178197,0.0,5558.061480541099,1000.0,1604.44459931782,6542.132730585054,228.0946448,30259297.804085962
6853,0.0,5941.8547870314615,0.0,6395.620082586266,1000.0,3941.854787031462,10335.773777624134,228.0946448,30259297.804085962
6854,0.0,5941.8547870314615,0.0,6297.212153223919,1000.0,3941.854787031462,14129.414824663212,228.0946448,30259297.804085962
6855,0.0,5903.022969726358,0.0,5903.022969726385,1000.0,3903.0229697263576,17885.68413072786,516.0946448,30259297.804085962
6856,0.0,5265.156446988271,0.0,5265.156446988287,1000.0,3265.1564469882705,21028.070695309372,516.0946448,30259297.804085962
6857,0.0,2000.0,0.0,4289.693905225867,1000.0,0.0,21028.070695309372,546.0946448,30259297.804085962
6858,0.0,2374.748136787169,0.0,2374.74813678718,1000.0,374.7481367871692,21388.72830215334,671.0946448,30259297.804085962
6859,0.0,318.464764535988,1681.535235464012,318.464764535988,1000.0,0.0,19641.49717635948,740.3026448,30259297.804085962
6860,0.0,0.0,2000.0,0.0,1000.0,0.0,17563.35918799705,1276.094645,30259297.804085962
6861,0.0,0.0,2000.0,0.0,1000.0,0.0,15485.221199634623,1205.094645,30259297.804085962
6862,0.0,0.0,2000.0,0.0,1000.0,0.0,13407.083211272196,671.0946448,30259297.804085962
6863,0.0,0.0,2000.0,0.0,1000.0,0.0,11328.94522290977,546.0946448,30259297.804085962
6864,0.0,0.0,1819.5815078971855,0.0,819.5815078971855,0.0,9438.274495668305,506.0946448,30259297.804085962
6865,0.0,0.0,1000.0,0.0,0.0,0.0,8399.205501487093,500.8261505,30259297.804085962
6866,0.0,0.0,1000.0,0.0,0.0,0.0,7360.136507305878,500.8261505,30259297.804085962
6867,0.0,0.0,1000.0,0.0,0.0,0.0,6321.067513124664,490.8261505,30259297.804085962
6868,0.0,0.0,1000.0,0.0,0.0,0.0,5281.998518943451,490.8261505,30259297.804085962
6869,0.0,0.0,1000.0,0.0,0.0,0.0,4242.929524762238,490.8261505,30259297.804085962
6870,0.0,0.0,1000.0,0.0,0.0,0.0,3203.8605305810242,490.8261505,30259297.804085962
6871,0.0,0.0,1000.0,0.0,0.0,0.0,2164.7915363998104,440.8261505,30259297.804085962
6872,0.0,0.0,1000.0,0.0,0.0,0.0,1125.7225422185968,349.8261505,30259297.804085962
6873,0.0,1164.3436219977339,0.0,1164.3436219977339,164.34362199773022,-0.0,1125.7225422185968,349.8261505,30259297.804085962
6874,0.0,3117.5400345975177,0.0,3117.5400345975504,1000.0,1117.5400345975177,2201.2430715152477,222.8261505,30259297.804085962
6875,0.0,2616.9197655159223,0.0,4608.259481257211,1000.0,616.9197655159222,2794.966653847772,333.2831505,30259297.804085962
6876,0.0,5714.153754306582,0.0,5714.153754306608,1000.0,3714.1537543065824,6369.468226992427,349.8261505,30259297.804085962
6877,0.0,5941.8547870314615,0.0,6815.060613271695,1000.0,3941.854787031462,10163.109274031507,349.8261505,30259297.804085962
6878,0.0,5941.8547870314615,0.0,6631.801495033114,1000.0,3941.854787031462,13956.750321070587,440.8261505,30259297.804085962
6879,0.0,5941.8547870314615,0.0,6414.739472259063,1000.0,3941.854787031462,17750.391368109667,440.8261505,30259297.804085962
6880,0.0,5514.7048192108205,0.0,5514.704819210813,1000.0,3514.7048192108205,21132.94328611816,502.8261505,30259297.804085962
6881,0.0,2000.0,0.0,4006.0816926671037,1000.0,0.0,21132.94328611816,550.8261505,30259297.804085962
6882,0.0,2265.778279338306,0.0,2265.7782793383044,1000.0,265.7782793383062,21388.72830215334,550.8261505,30259297.804085962
6883,0.0,267.9798504820603,1732.0201495179397,267.9798504820603,1000.0,0.0,19589.039867492138,1249.82615,30259297.804085962
6884,0.0,0.0,2000.0,0.0,1000.0,0.0,17510.901879129713,1249.82615,30259297.804085962
6885,0.0,0.0,2000.0,0.0,1000.0,0.0,15432.763890767284,665.8261505,30259297.804085962
6886,0.0,0.0,2000.0,0.0,1000.0,0.0,13354.625902404856,1270.82615,30259297.804085962
6887,0.0,0.0,2000.0,0.0,1000.0,0.0,11276.48791404243,665.8261505,30259297.804085962
6888,0.0,0.0,1769.0965938432582,0.0,769.0965938432582,0.0,9438.274495668305,550.8261505,30259297.804085962
6889,0.0,0.0,1000.0,0.0,0.0,0.0,8399.205501487093,502.2662108,30259297.804085962
6890,0.0,0.0,1000.0,0.0,0.0,0.0,7360.136507305878,502.2662108,30259297.804085962
6891,0.0,0.0,1000.0,0.0,0.0,0.0,6321.067513124664,502.2662108,30259297.804085962
6892,0.0,0.0,1000.0,0.0,0.0,0.0,5281.998518943451,502.2662108,30259297.804085962
6893,0.0,0.0,1000.0,0.0,0.0,0.0,4242.929524762238,442.2662108,30259297.804085962
6894,0.0,0.0,1000.0,0.0,0.0,0.0,3203.8605305810242,442.2662108,30259297.804085962
6895,0.0,0.0,1000.0,0.0,0.0,0.0,2164.7915363998104,227.2662108,30259297.804085962
6896,0.0,0.0,1000.0,0.0,0.0,0.0,1125.7225422185968,227.2662108,30259297.804085962
6897,0.0,1195.9048538632549,0.0,1195.9048538632549,195.90485386324872,0.0,1125.7225422185968,224.2662108,30259297.804085962
6898,0.0,3577.5380991627826,0.0,3577.5380991628017,1000.0,1577.5380991627826,2643.9452088528587,222.7662108,30259297.804085962
6899,0.0,5585.305429413685,0.0,5585.305429413714,1000.0,3585.3054294136846,6094.4431541205895,224.2662108,30259297.804085962
6900,0.0,5265.523292846706,0.0,6829.916094720055,1000.0,3265.5232928467058,9237.182771156258,224.2662108,30259297.804085962
6901,0.0,2000.0,0.0,7087.541589415515,1000.0,0.0,9237.182771156255,224.2662108,30259297.804085962
6902,0.0,5941.8547870314615,0.0,7466.566907669406,1000.0,3941.854787031462,13030.823818195335,224.2662108,30259297.804085962
6903,0.0,5941.8547870314615,0.0,6168.197777251663,1000.0,3941.854787031462,16824.464865234415,227.2662108,30259297.804085962
6904,0.0,4954.804376836571,0.0,4954.804376836581,1000.0,2954.8043768365706,19668.16859750193,502.2662108,30259297.804085962
6905,0.0,3787.7802417408675,0.0,3787.780241740862,1000.0,1787.7802417408675,21388.72830215334,503.7662108,30259297.804085962
6906,0.0,1974.9014193815628,0.0,1974.9014193815628,974.9014193815674,0.0,21388.72830215334,503.7662108,30259297.804085962
6907,0.0,247.75741606377903,1501.1167433611963,247.75741606377903,748.8741594249741,0.0,19828.96443748044,504.2662108,30259297.804085962
6908,0.0,0.0,2000.0,0.0,1000.0,0.0,17750.826449118013,601.2662108,30259297.804085962
6909,0.0,0.0,2000.0,0.0,1000.0,0.0,15672.688460755588,504.2662108,30259297.804085962
6910,0.0,0.0,2000.0,0.0,1000.0,0.0,13594.55047239316,601.2662108,30259297.804085962
6911,0.0,0.0,2000.0,0.0,1000.0,0.0,11516.412484030734,553.2662108,30259297.804085962
6912,0.0,0.0,2000.0,0.0,1000.0,0.0,9438.274495668305,504.2662108,30259297.804085962
6913,0.0,0.0,1000.0,0.0,0.0,0.0,8399.205501487093,341.6591274,30259297.804085962
6914,0.0,0.0,1000.0,0.0,0.0,0.0,7360.136507305878,341.6591274,30259297.804085962
6915,0.0,0.0,1000.0,0.0,0.0,0.0,6321.067513124664,341.6591274,30259297.804085962
6916,0.0,0.0,1000.0,0.0,0.0,0.0,5281.998518943451,341.6591274,30259297.804085962
6917,0.0,0.0,1000.0,0.0,0.0,0.0,4242.929524762238,341.6591274,30259297.804085962
6918,0.0,0.0,1000.0,0.0,0.0,0.0,3203.8605305810242,341.6591274,30259297.804085962
6919,0.0,0.0,1000.0,0.0,0.0,0.0,2164.7915363998104,338.8591274,30259297.804085962
6920,0.0,0.0,1000.0,0.0,0.0,0.0,1125.7225422185968,228.1591274,30259297.804085962
6921,0.0,1022.2113572350261,0.0,1022.2113572350261,22.211357235028117,-0.0,1125.7225422185968,228.1591274,30259297.804085962
6922,0.0,2900.478011823506,0.0,2900.4780118234985,1000.0,900.4780118235062,1992.342580797539,228.1591274,30259297.804085962
6923,0.0,2000.0,0.0,4942.71242839207,1000.0,0.0,1992.342580797539,244.6391274,30259297.804085962
6924,0.0,5633.802851612821,0.0,6232.6664186718335,1000.0,3633.8028516128206,5489.514445189718,338.8591274,30259297.804085962
6925,0.0,5941.8547870314615,0.0,6765.87444018001,1000.0,3941.854787031462,9283.155492228794,338.8591274,30259297.804085962
6926,0.0,5941.8547870314615,0.0,6432.8329215859185,1000.0,3941.854787031462,13076.796539267874,338.8591274,30259297.804085962
6927,0.0,5941.8547870314615,0.0,6120.6839572338795,1000.0,3941.854787031462,16870.437586306954,341.6591274,30259297.804085962
6928,0.0,4870.913899989878,0.0,4870.913899989914,1000.0,2870.913899989878,19633.405123657212,341.6591274,30259297.804085962
6929,0.0,3823.901889542947,0.0,3823.9018895429344,1000.0,1823.9018895429472,21388.72830215334,495.1591274,30259297.804085962
6930,0.0,1980.1497692666387,19.850230733361286,1980.1497692666387,1000.0,0.0,21368.10254287096,506.1591274,30259297.804085962
6931,0.0,203.8017900000497,1796.1982099999502,203.8017900000497,1000.0,0.0,19501.72867545621,507.1591274,30259297.804085962
6932,0.0,0.0,2000.0,0.0,1000.0,0.0,17423.590687093783,506.1591274,30259297.804085962
6933,0.0,0.0,2000.0,0.0,1000.0,0.0,15345.452698731353,506.1591274,30259297.804085962
6934,0.0,0.0,2000.0,0.0,1000.0,0.0,13267.314710368926,495.1591274,30259297.804085962
6935,0.0,0.0,2000.0,0.0,1000.0,0.0,11189.176722006512,341.6591274,30259297.804085962
6936,0.0,0.0,1540.3111587092721,0.0,540.3111587092721,0.0,9588.68715560037,341.6591274,30259297.804085962
6937,0.0,0.0,1000.0,0.0,0.0,0.0,8549.618161419156,247.003797,30259297.804085962
6938,0.0,0.0,1000.0,0.0,0.0,0.0,7510.549167237942,247.003797,30259297.804085962
6939,0.0,0.0,1000.0,0.0,0.0,0.0,6471.480173056729,233.523797,30259297.804085962
6940,0.0,0.0,1000.0,0.0,0.0,0.0,5432.411178875515,258.523797,30259297.804085962
6941,0.0,0.0,1000.0,0.0,0.0,0.0,4393.342184694302,269.523797,30259297.804085962
6942,0.0,0.0,1000.0,0.0,0.0,0.0,3354.273190513088,269.523797,30259297.804085962
6943,0.0,0.0,1000.0,0.0,0.0,0.0,2315.2041963318743,269.523797,30259297.804085962
6944,0.0,0.0,1000.0,0.0,0.0,0.0,1276.135202150661,269.523797,30259297.804085962
6945,0.0,855.2428560813852,144.75714391861482,855.2428560813852,0.0,0.0,1125.7225422185968,269.523797,30259297.804085962
6946,0.0,2332.4292918860037,0.0,2332.4292918860037,0.0,1332.4292918860037,2408.052492729679,258.523797,30259297.804085962
6947,0.0,3847.884152173611,0.0,3847.884152173611,924.5752099388887,1923.3089422346966,4259.045018736448,269.523797,30259297.804085962
6948,0.0,5242.336530645518,0.0,5242.336530645518,1000.0,3242.3365306455235,7379.469695829699,269.523797,30259297.804085962
6949,0.0,5707.671903043295,0.0,5707.671903043295,1000.0,3707.671903043287,10947.733135318558,269.523797,30259297.804085962
6950,0.0,5941.8547870314615,0.0,5998.513179821057,1000.0,3941.854787031461,14741.374182357627,269.523797,30259297.804085962
6951,0.0,5386.206388066134,0.0,5386.206388066134,1000.0,3386.2063880661344,18000.25921023253,458.523797,30259297.804085962
6952,0.0,4301.803645259866,0.0,4301.803645259866,1000.0,2301.8036452598662,20215.515038430633,508.523797,30259297.804085962
6953,0.0,3219.0495258964265,0.0,3219.0495258964265,1000.0,1219.0495258964265,21388.72830215334,559.523797,30259297.804085962
6954,0.0,1772.8846587663081,227.11534123369188,1772.8846587663081,1000.0,0.0,21152.739792974506,673.523797,30259297.804085962
6955,0.0,156.60820732545614,1843.391792674544,156.60820732545614,1000.0,0.0,19237.32853707827,1256.523797,30259297.804085962
6956,0.0,0.0,2000.0,0.0,1000.0,0.0,17159.190548715844,1257.523797,30259297.804085962
6957,0.0,0.0,2000.0,0.0,1000.0,0.0,15081.052560353415,1257.523797,30259297.804085962
6958,0.0,0.0,2000.0,0.0,1000.0,0.0,13002.914571990988,1256.523797,30259297.804085962
6959,0.0,0.0,2000.0,0.0,1000.0,0.0,10924.776583628562,509.523797,30259297.804085962
6960,0.0,0.0,1120.8291068032704,0.0,120.8291068032704,0.0,9760.15781097346,508.522797,30259297.804085962
6961,0.0,0.0,1000.0,0.0,0.0,0.0,8721.088816792246,272.4238623,30259297.804085962
6962,0.0,0.0,1000.0,0.0,0.0,0.0,7682.019822611032,272.4238623,30259297.804085962
6963,0.0,0.0,1000.0,0.0,0.0,0.0,6642.950828429819,272.4238623,30259297.804085962
6964,0.0,0.0,1000.0,0.0,0.0,0.0,5603.881834248606,272.4238623,30259297.804085962
6965,0.0,0.0,1000.0,0.0,0.0,0.0,4564.812840067392,272.4238623,30259297.804085962
6966,0.0,0.0,1000.0,0.0,0.0,0.0,3525.7438458861784,311.4238623,30259297.804085962
6967,0.0,0.0,1000.0,0.0,0.0,0.0,2486.6748517049646,311.4238623,30259297.804085962
6968,0.0,0.0,1000.0,0.0,0.0,0.0,1447.6058575237512,272.4238623,30259297.804085962
6969,0.0,690.2194973503179,309.78050264968215,690.2194973503179,0.0,0.0,1125.7225422185968,272.4238623,30259297.804085962
6970,0.0,2528.8715384990414,0.0,2528.8715384990414,1000.0,528.8715384990355,1634.7085108700685,272.4238623,30259297.804085962
6971,0.0,3852.723306768048,0.0,3852.723306768048,0.0,2852.72330676805,4380.16942130356,272.4238623,30259297.804085962
6972,0.0,4460.878866609427,0.0,4460.878866609427,483.5126698420529,2977.366196767398,7245.586649072504,272.4238623,30259297.804085962
6973,0.0,5337.014276932867,0.0,5337.014276932867,1000.0,3337.0142769328377,10457.129189192667,272.4238623,30259297.804085962
6974,0.0,5941.8547870314615,0.0,6054.815752088478,1000.0,3941.854787031461,14250.770236231736,311.4238623,30259297.804085962
6975,0.0,5650.877115579371,0.0,5650.877115579371,1000.0,3650.877115579371,17764.374372265243,511.4228623,30259297.804085962
6976,0.0,4566.231217294196,0.0,4566.231217294196,1000.0,2566.2312172941956,20234.115295789205,511.4238623,30259297.804085962
6977,0.0,3199.7225751913343,0.0,3199.7225751913343,1000.0,1199.7225751913343,21388.72830215334,676.4238623,30259297.804085962
6978,0.0,1853.3533363332576,146.64666366674237,1853.3533363332576,1000.0,0.0,21236.352300837098,676.4238623,30259297.804085962
6979,0.0,183.49633567590263,1816.5036643240974,183.49633567590263,1000.0,0.0,19348.879665421366,681.4238623,30259297.804085962
6980,0.0,0.0,2000.0,0.0,1000.0,0.0,17270.74167705894,1259.423862,30259297.804085962
6981,0.0,0.0,2000.0,0.0,1000.0,0.0,15192.603688696512,676.4238623,30259297.804085962
6982,0.0,0.0,2000.0,0.0,1000.0,0.0,13114.465700334085,512.4238623,30259297.804085962
6983,0.0,0.0,2000.0,0.0,1000.0,0.0,11036.327711971659,511.4238623,30259297.804085962
6984,0.0,0.0,1239.8390207371413,0.0,239.83902073714125,0.0,9748.0494277477,511.4228623,30259297.804085962
6985,0.0,0.0,1000.0,0.0,0.0,0.0,8708.980433566485,342.3398812,30259297.804085962
6986,0.0,0.0,1000.0,0.0,0.0,0.0,7669.9114393852715,342.3398812,30259297.804085962
6987,0.0,0.0,1000.0,0.0,0.0,0.0,6630.842445204058,342.3398812,30259297.804085962
6988,0.0,0.0,1000.0,0.0,0.0,0.0,5591.773451022845,342.3398812,30259297.804085962
6989,0.0,0.0,1000.0,0.0,0.0,0.0,4552.704456841631,342.3398812,30259297.804085962
6990,0.0,0.0,1000.0,0.0,0.0,0.0,3513.6354626604175,342.3398812,30259297.804085962
6991,0.0,0.0,1000.0,0.0,0.0,0.0,2474.5664684792036,342.3398812,30259297.804085962
6992,0.0,0.0,1000.0,0.0,0.0,0.0,1435.4974742979903,342.3398812,30259297.804085962
6993,0.0,701.8726053667933,298.1273946332067,701.8726053667933,0.0,0.0,1125.7225422185968,342.3398812,30259297.804085962
6994,0.0,2399.3768121458174,0.0,2399.3768121458174,0.0,1399.376812145827,2472.4827862277407,342.3398812,30259297.804085962
6995,0.0,3674.4160081671675,0.0,3674.4160081671675,0.0,2674.4160081671725,5046.3407524878985,342.3398812,30259297.804085962
6996,0.0,4663.678434626979,0.0,4663.678434626979,0.0,3663.678434626985,8572.26487797291,342.3398812,30259297.804085962
6997,0.0,5160.634340432701,0.0,5160.634340432701,218.7795534011966,3941.854787031494,12365.905925012019,342.3398812,30259297.804085962
6998,0.0,5275.87256133864,0.0,5275.87256133864,407.0305928038433,3868.841968534764,16089.279435529897,342.3398812,30259297.804085962
6999,0.0,4478.829983220362,0.0,4478.829983220362,1000.0,2478.829983220362,18474.905411381158,356.3398812,30259297.804085962
7000,0.0,4122.677956077709,0.0,4122.677956077709,1000.0,2122.6779560777086,20517.77067631029,437.3398812,30259297.804085962
7001,0.0,2904.9850642592105,0.0,2904.9850642592105,1000.0,904.9850642592105,21388.72830215334,457.3398812,30259297.804085962
7002,0.0,1452.8186962467466,534.023173228692,1452.8186962467466,986.8418694754389,0.0,20833.841380677142,457.3398812,30259297.804085962
7003,0.0,136.88392614526302,1863.116073854737,136.88392614526302,1000.0,0.0,18897.93523577405,677.3398812,30259297.804085962
7004,0.0,0.0,2000.0,0.0,1000.0,0.0,16819.79724741162,1255.339881,30259297.804085962
7005,0.0,0.0,2000.0,0.0,1000.0,0.0,14741.659259049195,672.3398812,30259297.804085962
7006,0.0,0.0,2000.0,0.0,1000.0,0.0,12663.521270686819,457.3398812,30259297.804085962
7007,0.0,0.0,1000.0,0.0,0.0,0.0,11624.452276505604,427.3398812,30259297.804085962
7008,0.0,0.0,1000.0,0.0,0.0,0.0,10585.383282324392,342.3398812,30259297.804085962
7009,0.0,0.0,1000.0,0.0,0.0,0.0,9546.314288143178,305.3028964,30259297.804085962
7010,0.0,0.0,1000.0,0.0,0.0,0.0,8507.245293961965,424.3028964,30259297.804085962
7011,0.0,0.0,1000.0,0.0,0.0,0.0,7468.176299780751,424.3028964,30259297.804085962
7012,0.0,0.0,1000.0,0.0,0.0,0.0,6429.1073055995375,340.3028964,30259297.804085962
7013,0.0,0.0,1000.0,0.0,0.0,0.0,5390.038311418324,424.3028964,30259297.804085962
7014,0.0,0.0,1000.0,0.0,0.0,0.0,4350.96931723711,432.3028964,30259297.804085962
7015,0.0,0.0,1000.0,0.0,0.0,0.0,3311.9003230558965,432.3028964,30259297.804085962
7016,0.0,0.0,1000.0,0.0,0.0,0.0,2272.831328874683,432.3028964,30259297.804085962
7017,0.0,654.3172641284473,345.6827358715527,654.3172641284473,0.0,0.0,1913.6431162068184,305.3028964,30259297.804085962
7018,0.0,2267.5988919020797,0.0,2267.5988919020797,0.0,1267.5988919020797,3133.5802897733774,305.3028964,30259297.804085962
7019,0.0,3786.5585939105317,0.0,3786.5585939105317,0.0,2786.5585939105317,5815.364280552836,305.3028964,30259297.804085962
7020,0.0,4665.40416246935,0.0,4665.40416246935,0.0,3665.40416246935,9342.949246513308,340.3028964,30259297.804085962
7021,0.0,4791.649078663805,0.0,4791.649078663805,0.0,3791.649078663805,12992.032319819438,340.3028964,30259297.804085962
7022,0.0,5148.583901941123,0.0,5148.583901941123,1000.0,3148.5839019411233,16022.229467047611,432.3028964,30259297.804085962
7023,0.0,4899.171924392933,0.0,4899.171924392933,1000.0,2899.171924392933,18812.392527083342,432.3028964,30259297.804085962
7024,0.0,3597.0488925367463,0.0,3597.0488925367463,1000.0,1597.0488925367463,20349.39238126071,669.3028964,30259297.804085962
7025,0.0,3079.941729938335,0.0,3079.941729938335,1000.0,1079.941729938335,21388.72830215334,669.3028964,30259297.804085962
7026,0.0,1548.6410085001444,451.35899149986653,1548.6410085001444,1000.0,0.0,20919.73516884093,671.3028964,30259297.804085962
7027,0.0,92.32934661572082,1907.6706533842791,92.32934661572082,1000.0,0.0,18937.533741799907,674.3028964,30259297.804085962
7028,0.0,0.0,2000.0,0.0,1000.0,0.0,16859.39575343748,1253.302896,30259297.804085962
7029,0.0,0.0,2000.0,0.0,1000.0,0.0,14781.257765075052,674.3028964,30259297.804085962
7030,0.0,0.0,1858.0501694794111,0.0,858.050169479411,0.0,12850.615444335857,671.3028964,30259297.804085962
7031,0.0,0.0,2000.0,0.0,1000.0,0.0,10772.47745597343,671.3028964,30259297.804085962
7032,0.0,0.0,1000.0,0.0,0.0,0.0,9733.408461792216,432.3028964,30259297.804085962
7033,0.0,0.0,1000.0,0.0,0.0,0.0,8694.339467611004,452.8396682,30259297.804085962
7034,0.0,0.0,1000.0,0.0,0.0,0.0,7655.27047342979,352.8396682,30259297.804085962
7035,0.0,0.0,1000.0,0.0,0.0,0.0,6616.201479248577,452.8396682,30259297.804085962
7036,0.0,0.0,1000.0,0.0,0.0,0.0,5577.132485067364,452.8396682,30259297.804085962
7037,0.0,0.0,1000.0,0.0,0.0,0.0,4538.06349088615,452.8396682,30259297.804085962
7038,0.0,0.0,1000.0,0.0,0.0,0.0,3498.9944967049364,452.8396682,30259297.804085962
7039,0.0,0.0,1000.0,0.0,0.0,0.0,2459.9255025237226,352.8396682,30259297.804085962
7040,0.0,0.0,1000.0,0.0,0.0,0.0,1420.8565083425092,352.8396682,30259297.804085962
7041,0.0,715.9630710023464,284.0369289976536,715.9630710023464,0.0,0.0,1125.7225422185968,352.8396682,30259297.804085962
7042,0.0,2258.6440998407093,0.0,2258.6440998407093,1000.0,258.6440998407197,1374.6416239053056,352.8396682,30259297.804085962
7043,0.0,3472.89738952237,0.0,3472.89738952237,0.0,2472.897389522346,3754.558071581982,352.8396682,30259297.804085962
7044,0.0,5266.994851141551,0.0,5266.994851141551,1000.0,3266.9948511415278,6898.713916320588,352.8396682,30259297.804085962
7045,0.0,5788.443026363944,0.0,5788.443026363944,846.5882393324449,3941.8547870314796,10692.354963359685,352.8396682,30259297.804085962
7046,0.0,5941.854787031468,0.0,5941.854787031468,1000.0,3941.854787031468,14485.996010398783,352.8396682,30259297.804085962
7047,0.0,5301.212866473983,0.0,5301.212866473983,523.9516119050933,3777.2612545688753,18121.232241795864,352.8396682,30259297.804085962
7048,0.0,4277.51892560786,0.0,4277.51892560786,1000.0,2277.51892560786,20313.116455800817,452.8396682,30259297.804085962
7049,0.0,3117.6349193189526,0.0,3117.6349193189526,1000.0,1117.6349193189526,21388.72830215334,667.8396682,30259297.804085962
7050,0.0,1666.7257823157997,333.274217684213,1666.7257823157997,1000.0,0.0,21042.433395997676,668.6396682,30259297.804085962
7051,0.0,25.630897341135707,1974.3691026588642,25.630897341135707,1000.0,0.0,18990.927678355463,669.8396682,30259297.804085962
7052,0.0,0.0,2000.0,0.0,1000.0,0.0,16912.789689993035,669.8396682,30259297.804085962
7053,0.0,0.0,2000.0,0.0,1000.0,0.0,14834.651701630608,669.8396682,30259297.804085962
7054,0.0,0.0,2000.0,0.0,1000.0,0.0,12756.513713268181,669.8396682,30259297.804085962
7055,0.0,0.0,1984.4196155326445,0.0,984.4196155326445,0.0,10694.564819323206,668.6396682,30259297.804085962
7056,0.0,0.0,1000.0,0.0,0.0,0.0,9655.495825141992,667.8396682,30259297.804085962
7057,0.0,0.0,1000.0,0.0,0.0,0.0,8616.42683096078,452.3166275,30259297.804085962
7058,0.0,0.0,1000.0,0.0,0.0,0.0,7577.357836779566,352.3166275,30259297.804085962
7059,0.0,0.0,1000.0,0.0,0.0,0.0,6538.288842598353,352.3166275,30259297.804085962
7060,0.0,0.0,1000.0,0.0,0.0,0.0,5499.2198484171395,352.3166275,30259297.804085962
7061,0.0,0.0,1000.0,0.0,0.0,0.0,4460.150854235926,352.3166275,30259297.804085962
7062,0.0,0.0,1000.0,0.0,0.0,0.0,3421.0818600547123,352.3166275,30259297.804085962
7063,0.0,0.0,1000.0,0.0,0.0,0.0,2382.0128658734984,352.3166275,30259297.804085962
7064,0.0,0.0,1000.0,0.0,0.0,0.0,1342.943871692285,337.3166275,30259297.804085962
7065,0.0,790.9461925145288,209.05380748547122,790.9461925145288,0.0,0.0,1125.7225422185968,337.3166275,30259297.804085962
7066,0.0,2271.987341252946,0.0,2271.987341252946,0.0,1271.987341252946,2349.8831594404182,302.3166275,30259297.804085962
7067,0.0,3633.2120615593826,0.0,3633.2120615593826,0.0,2633.2120615593826,4884.08644748517,302.3166275,30259297.804085962
7068,0.0,4895.317211459134,0.0,4895.317211459134,0.0,3895.3172114591343,8632.939731793478,302.3166275,30259297.804085962
7069,0.0,5311.507920718161,0.0,5311.507920718161,369.6531336866901,3941.854787031461,12426.58077883245,302.3166275,30259297.804085962
7070,0.0,5053.105556661988,0.0,5053.105556661988,690.1542464987433,3362.9513101632474,15663.085119733558,337.3166275,30259297.804085962
7071,0.0,4357.418294846393,0.0,4357.418294846393,0.0,3357.4182948463713,18894.26448669372,337.3166275,30259297.804085962
7072,0.0,3909.126701798456,0.0,3909.126701798456,1000.0,1909.126701798456,20731.608024504618,352.3166275,30259297.804085962
7073,0.0,2682.7933059525603,0.0,2682.7933059525603,1000.0,682.7933059525603,21388.72830215334,352.3166275,30259297.804085962
7074,0.0,1352.0267727661599,0.0,1352.0267727661599,352.0267727661558,0.0,21388.72830215334,487.8156275,30259297.804085962
7075,0.0,12.002990497059768,1987.9970095029403,12.002990497059768,1000.0,0.0,19323.06224905386,667.3166275,30259297.804085962
7076,0.0,0.0,2000.0,0.0,1000.0,0.0,17244.924260691434,668.1166275,30259297.804085962
7077,0.0,0.0,2000.0,0.0,1000.0,0.0,15166.786272329005,668.1166275,30259297.804085962
7078,0.0,0.0,2000.0,0.0,1000.0,0.0,13088.648283966579,668.1166275,30259297.804085962
7079,0.0,0.0,1000.0,0.0,0.0,0.0,12049.579289785364,551.3166275,30259297.804085962
7080,0.0,0.0,1000.0,0.0,0.0,0.0,11010.51029560415,551.3166275,30259297.804085962
7081,0.0,0.0,1000.0,0.0,0.0,0.0,9971.441301422936,450.9779788,30259297.804085962
7082,0.0,0.0,1000.0,0.0,0.0,0.0,8932.372307241723,450.9779788,30259297.804085962
7083,0.0,0.0,1000.0,0.0,0.0,0.0,7893.303313060509,450.9779788,30259297.804085962
7084,0.0,0.0,1000.0,0.0,0.0,0.0,6854.234318879296,450.9779788,30259297.804085962
7085,0.0,0.0,1000.0,0.0,0.0,0.0,5815.165324698082,451.9779788,30259297.804085962
7086,0.0,0.0,1000.0,0.0,0.0,0.0,4776.096330516868,451.9779788,30259297.804085962
7087,0.0,0.0,1000.0,0.0,0.0,0.0,3737.0273363356546,451.9779788,30259297.804085962
7088,0.0,0.0,1000.0,0.0,0.0,0.0,2697.958342154441,450.9779788,30259297.804085962
7089,0.0,795.1863823755224,204.81361762447762,795.1863823755224,0.0,0.0,2485.1428624947584,450.9779788,30259297.804085962
7090,0.0,2710.8912285854317,0.0,2710.8912285854317,0.0,1710.8912285854317,4131.704580885387,450.9779788,30259297.804085962
7091,0.0,4104.246489085806,0.0,4104.246489085806,0.0,3104.2464890858064,7119.231401981553,451.9779788,30259297.804085962
7092,0.0,4797.947087258264,0.0,4797.947087258264,750.6753617542042,3047.271725504048,10051.925710606622,550.9779788,30259297.804085962
7093,0.0,5127.596462977666,0.0,5127.596462977666,1000.0,3127.5964629776427,13061.924546576338,550.9779788,30259297.804085962
7094,0.0,4886.569969162429,0.0,4886.569969162429,1000.0,2886.5699691624286,15839.959484898252,650.9779788,30259297.804085962
7095,0.0,4998.777783222168,0.0,4998.777783222168,1000.0,2998.777783222168,18725.983223471267,665.9779788,30259297.804085962
7096,0.0,3693.9268015411117,0.0,3693.9268015411117,1000.0,1693.9268015411117,20356.218377274447,666.9779788,30259297.804085962
7097,0.0,3072.8490491260404,0.0,3072.8490491260404,1000.0,1072.8490491260404,21388.72830215334,666.9779788,30259297.804085962
7098,0.0,1689.7236145534682,0.0,1689.7236145534682,689.7236145534682,0.0,21388.72830215334,667.9779788,30259297.804085962
7099,0.0,12.690913177953584,1987.3090868220463,12.690913177953584,1000.0,0.0,19323.77704818197,1248.977979,30259297.804085962
7100,0.0,0.0,2000.0,0.0,1000.0,0.0,17245.639059819543,1270.977979,30259297.804085962
7101,0.0,0.0,2000.0,0.0,1000.0,0.0,15167.501071457118,1249.977979,30259297.804085962
7102,0.0,0.0,2000.0,0.0,1000.0,0.0,13089.363083094691,713.3629788,30259297.804085962
7103,0.0,0.0,1000.0,0.0,0.0,0.0,12050.294088913477,666.9779788,30259297.804085962
7104,0.0,0.0,1000.0,0.0,0.0,0.0,11011.225094732263,666.9779788,30259297.804085962
7105,0.0,0.0,1000.0,0.0,0.0,0.0,9972.156100551048,661.5132178,30259297.804085962
7106,0.0,0.0,1000.0,0.0,0.0,0.0,8933.087106369836,666.5132178,30259297.804085962
7107,0.0,0.0,1000.0,0.0,0.0,0.0,7894.018112188622,666.5132178,30259297.804085962
7108,0.0,0.0,1000.0,0.0,0.0,0.0,6854.949118007408,666.5132178,30259297.804085962
7109,0.0,0.0,1000.0,0.0,0.0,0.0,5815.880123826195,666.5132178,30259297.804085962
7110,0.0,0.0,1000.0,0.0,0.0,0.0,4776.811129644981,666.7132178,30259297.804085962
7111,0.0,0.0,1000.0,0.0,0.0,0.0,3737.742135463767,666.5132178,30259297.804085962
7112,0.0,0.0,1000.0,0.0,0.0,0.0,2698.673141282554,666.5132178,30259297.804085962
7113,0.0,660.5203992691354,339.4796007308646,660.5203992691354,0.0,0.0,2345.930414006096,666.5132178,30259297.804085962
7114,0.0,2142.4451669052046,0.0,2142.4451669052046,1000.0,142.4451669052046,2483.019642635656,661.5132178,30259297.804085962
7115,0.0,3249.8042319962083,0.0,3249.8042319962083,1000.0,1249.8042319962083,3685.831235508813,666.5132178,30259297.804085962
7116,0.0,4299.905928296548,0.0,4299.905928296548,1000.0,2299.905928296548,5899.260700901388,666.7132178,30259297.804085962
7117,0.0,5471.016066989434,0.0,5471.016066989434,1000.0,3471.016066989434,9239.766563771991,666.5132178,30259297.804085962
7118,0.0,5564.27054245574,0.0,5564.27054245574,1000.0,3564.27054245574,12670.020533831306,667.5132178,30259297.804085962
7119,0.0,4644.742887623035,0.0,4644.742887623035,1000.0,2644.742887623035,15215.321088879718,667.5132178,30259297.804085962
7120,0.0,4335.9208378293115,0.0,4335.9208378293115,1000.0,2335.9208378293115,17463.41130320658,667.5132178,30259297.804085962
7121,0.0,3059.826033789362,0.0,3059.826033789362,1000.0,1059.826033789362,18483.387878125533,669.0132178,30259297.804085962
7122,0.0,1630.5033117507405,0.0,1630.5033117507405,630.5033117507405,0.0,18483.387878125533,669.0132178,30259297.804085962
7123,0.0,6.458132899869594,1993.5418671001305,6.458132899869594,1000.0,0.0,16411.96033541946,672.5132178,30259297.804085962
7124,0.0,0.0,2000.0,0.0,1000.0,0.0,14333.822347057032,711.8832178,30259297.804085962
7125,0.0,0.0,1350.812504997797,0.0,350.8125049977971,0.0,12930.234956161565,672.5132178,30259297.804085962
7126,0.0,0.0,1000.0,0.0,0.0,0.0,11891.16596198035,669.0132178,30259297.804085962
7127,0.0,0.0,1000.0,0.0,0.0,0.0,10852.096967799138,667.5132178,30259297.804085962
7128,0.0,0.0,1000.0,0.0,0.0,0.0,9813.027973617924,667.5132178,30259297.804085962
7129,0.0,0.0,1000.0,0.0,0.0,0.0,8773.95897943671,451.8300748,30259297.804085962
7130,0.0,0.0,1000.0,0.0,0.0,0.0,7734.889985255496,473.8300748,30259297.804085962
7131,0.0,0.0,1000.0,0.0,0.0,0.0,6695.820991074283,651.8300748,30259297.804085962
7132,0.0,0.0,1000.0,0.0,0.0,0.0,5656.751996893069,651.8300748,30259297.804085962
7133,0.0,0.0,1000.0,0.0,0.0,0.0,4617.683002711856,666.8300748,30259297.804085962
7134,0.0,0.0,1000.0,0.0,0.0,0.0,3578.614008530642,666.8300748,30259297.804085962
7135,0.0,0.0,1000.0,0.0,0.0,0.0,2539.545014349428,666.8300748,30259297.804085962
7136,0.0,0.0,1000.0,0.0,0.0,0.0,1500.4760201682147,651.8300748,30259297.804085962
7137,0.0,639.3372528212888,360.66274717871124,639.3372528212888,0.0,0.0,1125.7225422185968,666.8300748,30259297.804085962
7138,0.0,2483.9611384473346,0.0,2483.961138447331,1000.0,483.96113844733463,1591.4867418603117,666.8300748,30259297.804085962
7139,0.0,4399.903190826941,0.0,4399.903190826933,1000.0,2399.9031908269408,3901.15357271216,666.8300748,30259297.804085962
7140,0.0,5588.205357091881,0.0,5588.205357091899,1000.0,3588.2053570918806,7354.4424083773865,667.0300748,30259297.804085962
7141,0.0,5865.3772283402495,0.0,5865.377228340283,1000.0,3865.3772283402495,11074.481452932047,667.0300748,30259297.804085962
7142,0.0,5941.8547870314615,0.0,6032.458405804817,1000.0,3941.854787031462,14868.122499971125,667.0300748,30259297.804085962
7143,0.0,5488.6884562101,0.0,5488.688456210113,1000.0,3488.6884562101004,18225.636270227726,671.8300748,30259297.804085962
7144,0.0,4438.361396020334,0.0,4438.361396020357,1000.0,2438.361396020334,20572.315277757694,701.8300748,30259297.804085962
7145,0.0,2848.309460095228,0.0,3160.570520543063,1000.0,848.3094600952281,21388.72830215334,701.8300748,30259297.804085962
7146,0.0,1688.56126826556,0.0,1688.56126826556,688.5612682655473,0.0,21388.72830215334,701.8300748,30259297.804085962
7147,0.0,5.3135782014516115,1994.6864217985483,5.3135782014516115,1000.0,0.0,19316.1114881482,714.2780748,30259297.804085962
7148,0.0,0.0,2000.0,0.0,1000.0,0.0,17237.973499785774,1271.830075,30259297.804085962
7149,0.0,0.0,2000.0,0.0,1000.0,0.0,15159.835511423344,1271.830075,30259297.804085962
7150,0.0,0.0,2000.0,0.0,1000.0,0.0,13081.697523060917,714.2780748,30259297.804085962
7151,0.0,0.0,2000.0,0.0,1000.0,0.0,11003.559534698492,701.8300748,30259297.804085962
7152,0.0,0.0,1196.857379945266,0.0,196.85737994526608,0.0,9759.942140740402,701.8300748,30259297.804085962
7153,0.0,0.0,1000.0,0.0,0.0,0.0,8720.873146559188,663.165406,30259297.804085962
7154,0.0,0.0,1000.0,0.0,0.0,0.0,7681.804152377975,662.965406,30259297.804085962
7155,0.0,0.0,1000.0,0.0,0.0,0.0,6642.735158196761,662.965406,30259297.804085962
7156,0.0,0.0,1000.0,0.0,0.0,0.0,5603.666164015548,663.165406,30259297.804085962
7157,0.0,0.0,1000.0,0.0,0.0,0.0,4564.597169834335,663.165406,30259297.804085962
7158,0.0,0.0,1000.0,0.0,0.0,0.0,3525.528175653121,666.965406,30259297.804085962
7159,0.0,0.0,1000.0,0.0,0.0,0.0,2486.459181471907,662.965406,30259297.804085962
7160,0.0,0.0,1000.0,0.0,0.0,0.0,1447.3901872906936,662.965406,30259297.804085962
7161,0.0,690.4270583826135,309.5729416173865,690.4270583826135,0.0,0.0,1125.7225422185968,652.965406,30259297.804085962
7162,0.0,2000.0,0.0,2809.9455594081096,1000.0,0.0,1125.7225422185968,652.965406,30259297.804085962
7163,0.0,4730.833515919082,0.0,4730.833515919088,1000.0,2730.833515919082,3753.8767179391216,663.165406,30259297.804085962
7164,0.0,5743.674947760522,0.0,5743.674947760523,1000.0,3743.6749477605217,7356.7894876638475,663.165406,30259297.804085962
7165,0.0,5811.298525885671,0.0,5811.2985258856925,1000.0,3811.2985258856706,11024.783188976216,663.165406,30259297.804085962
7166,0.0,5817.750732011597,0.0,5817.750732011609,1000.0,3817.7507320115974,14698.986493464177,663.429406,30259297.804085962
7167,0.0,5445.047140715607,0.0,5445.04714071562,1000.0,3445.047140715607,18014.499861688877,669.965406,30259297.804085962
7168,0.0,4547.301597064202,0.0,4547.301597064205,1000.0,2547.301597064202,20466.022918703464,677.965406,30259297.804085962
7169,0.0,2958.7545547068585,0.0,3342.0386826228955,1000.0,958.7545547068585,21388.72830215334,697.965406,30259297.804085962
7170,0.0,1708.6710263729487,291.32897362705125,1708.6710263729487,1000.0,0.0,21086.01739855083,701.679406,30259297.804085962
7171,0.0,4.821363004947501,1995.1786369950526,4.821363004947501,1000.0,0.0,19012.889138996536,707.965406,30259297.804085962
7172,0.0,0.0,2000.0,0.0,1000.0,0.0,16934.75115063411,1246.965406,30259297.804085962
7173,0.0,0.0,2000.0,0.0,1000.0,0.0,14856.61316227168,1245.965406,30259297.804085962
7174,0.0,0.0,2000.0,0.0,1000.0,0.0,12778.475173909253,707.965406,30259297.804085962
7175,0.0,0.0,1913.0421359690458,0.0,913.042135969046,0.0,10790.692405861617,697.965406,30259297.804085962
7176,0.0,0.0,1000.0,0.0,0.0,0.0,9751.623411680403,697.965406,30259297.804085962
7177,0.0,0.0,1000.0,0.0,0.0,0.0,8712.554417499188,669.7585908,30259297.804085962
7178,0.0,0.0,1000.0,0.0,0.0,0.0,7673.485423317975,669.7585908,30259297.804085962
7179,0.0,0.0,1000.0,0.0,0.0,0.0,6634.4164291367615,669.7585908,30259297.804085962
7180,0.0,0.0,1000.0,0.0,0.0,0.0,5595.347434955548,669.7585908,30259297.804085962
7181,0.0,0.0,1000.0,0.0,0.0,0.0,4556.278440774335,669.7585908,30259297.804085962
7182,0.0,0.0,1000.0,0.0,0.0,0.0,3517.209446593121,669.7585908,30259297.804085962
7183,0.0,0.0,1000.0,0.0,0.0,0.0,2478.140452411907,669.7585908,30259297.804085962
7184,0.0,0.0,1000.0,0.0,0.0,0.0,1439.0714582306937,669.7585908,30259297.804085962
7185,0.0,698.4330032299553,301.56699677004474,698.4330032299553,0.0,0.0,1125.7225422185968,669.7585908,30259297.804085962
7186,0.0,2904.036217045179,0.0,2904.0362170451826,1000.0,904.036217045179,1995.766997502877,669.7585908,30259297.804085962
7187,0.0,2000.0,0.0,4845.644749944899,1000.0,0.0,1995.766997502877,669.7585908,30259297.804085962
7188,0.0,5884.240780774596,0.0,5964.028301913907,1000.0,3884.240780774596,5733.960324920348,669.7585908,30259297.804085962
7189,0.0,5941.8547870314615,0.0,6396.426608352008,1000.0,3941.854787031462,9527.601371959427,669.7585908,30259297.804085962
7190,0.0,5941.8547870314615,0.0,6468.741081581742,1000.0,3941.854787031462,13321.242418998505,669.7585908,30259297.804085962
7191,0.0,5667.849717303599,0.0,5667.84971730362,1000.0,3667.8497173035994,16851.18098693149,691.6195908,30259297.804085962
7192,0.0,4946.887378669043,0.0,4946.887378669057,1000.0,2946.887378669043,19687.265400162574,695.7585908,30259297.804085962
7193,0.0,3767.9373462081967,0.0,3767.9373462081917,1000.0,1767.9373462081967,21388.72830215334,697.7585908,30259297.804085962
7194,0.0,1618.7968402334266,0.0,1618.7968402334266,618.79684023343,0.0,21388.728302153344,707.7585908,30259297.804085962
7195,0.0,3.534475590609733,1996.4655244093904,3.534475590609733,1000.0,0.0,19314.26287778781,712.7585908,30259297.804085962
7196,0.0,0.0,2000.0,0.0,1000.0,0.0,17236.12488942538,1246.758591,30259297.804085962
7197,0.0,0.0,2000.0,0.0,1000.0,0.0,15157.986901062954,712.7585908,30259297.804085962
7198,0.0,0.0,2000.0,0.0,1000.0,0.0,13079.848912700527,712.7585908,30259297.804085962
7199,0.0,0.0,1118.7549049070592,0.0,118.75490490705924,0.0,11917.385378923445,707.7585908,30259297.804085962
7200,0.0,0.0,1000.0,0.0,0.0,0.0,10878.316384742231,697.7585908,30259297.804085962
7201,0.0,0.0,2000.0,0.0,1000.0,0.0,8800.178396379804,709.7493295,30259297.804085962
7202,0.0,0.0,1000.0,0.0,0.0,0.0,7761.109402198591,697.7493295,30259297.804085962
7203,0.0,0.0,1000.0,0.0,0.0,0.0,6722.040408017378,697.7493295,30259297.804085962
7204,0.0,0.0,1000.0,0.0,0.0,0.0,5682.971413836164,693.7493295,30259297.804085962
7205,0.0,0.0,1000.0,0.0,0.0,0.0,4643.902419654951,693.7493295,30259297.804085962
7206,0.0,0.0,1000.0,0.0,0.0,0.0,3604.833425473737,693.7493295,30259297.804085962
7207,0.0,0.0,1000.0,0.0,0.0,0.0,2565.764431292523,693.7493295,30259297.804085962
7208,0.0,0.0,1000.0,0.0,0.0,0.0,1526.6954371113097,687.7493295,30259297.804085962
7209,0.0,614.1036859552544,385.8963140447456,614.1036859552544,0.0,0.0,1125.7225422185968,687.7493295,30259297.804085962
7210,0.0,2882.0880547845322,0.0,2882.088054784529,1000.0,882.0880547845322,1974.6440861432307,682.7493295,30259297.804085962
7211,0.0,2788.92312874836,0.0,4383.600708926456,1000.0,788.9231287483601,2733.9037052506524,687.7493295,30259297.804085962
7212,0.0,5402.704566183354,0.0,5402.704566183369,1000.0,3402.7045661833536,6008.666579745512,691.3633295,30259297.804085962
7213,0.0,5941.8547870314615,0.0,6058.391748899652,1000.0,3941.854787031462,9802.30762678459,691.3633295,30259297.804085962
7214,0.0,5941.8547870314615,0.0,6165.285984757939,1000.0,3941.854787031462,13595.948673823668,691.3633295,30259297.804085962
7215,0.0,5531.363121633461,0.0,5531.363121633458,1000.0,3531.3631216334607,16994.53254208371,692.7493295,30259297.804085962
7216,0.0,4896.44990134198,0.0,4896.449901342015,1000.0,2896.44990134198,19782.075927135233,693.7493295,30259297.804085962
7217,0.0,3669.422667308925,0.0,3669.4226673089042,1000.0,1669.4226673089252,21388.72830215334,697.7493295,30259297.804085962
7218,0.0,1383.4634635052514,0.0,1383.4634635052514,383.4634635052498,0.0,21388.72830215334,709.7493295,30259297.804085962
7219,0.0,3.94959765520099,996.0504023447991,3.94959765520099,0.0,0.0,20353.763212435137,712.7493295,30259297.804085962
7220,0.0,0.0,1075.5049931137162,0.0,75.50499311371628,0.0,19236.239321003595,712.7493295,30259297.804085962
7221,0.0,0.0,1000.0,0.0,0.0,0.0,18197.170326822383,712.7493295,30259297.804085962
7222,0.0,0.0,1000.0,0.0,0.0,0.0,17158.10133264117,712.7493295,30259297.804085962
7223,0.0,0.0,1000.0,0.0,0.0,0.0,16119.032338459954,712.7493295,30259297.804085962
7224,0.0,0.0,1000.0,0.0,0.0,0.0,15079.96334427874,709.7493295,30259297.804085962
7225,0.0,0.0,2000.0,0.0,1000.0,0.0,13001.825355916313,727.5146408,30259297.804085962
7226,0.0,0.0,2000.0,0.0,1000.0,0.0,10923.687367553886,717.5146408,30259297.804085962
7227,0.0,0.0,2000.0,0.0,1000.0,0.0,8845.54937919146,717.5146408,30259297.804085962
7228,0.0,0.0,2000.0,0.0,1000.0,0.0,6767.411390829033,717.5146408,30259297.804085962
7229,0.0,0.0,2000.0,0.0,1000.0,0.0,4689.273402466606,717.5146408,30259297.804085962
7230,0.0,0.0,1000.0,0.0,0.0,0.0,3650.204408285392,706.5146408,30259297.804085962
7231,0.0,0.0,1000.0,0.0,0.0,0.0,2611.1354141041784,692.5146408,30259297.804085962
7232,0.0,0.0,1000.0,0.0,0.0,0.0,1572.066419922965,691.0996408,30259297.804085962
7233,0.0,570.4386520973176,429.5613479026824,570.4386520973176,0.0,0.0,1125.7225422185968,682.5146408,30259297.804085962
7234,0.0,2919.8168273441174,0.0,2919.816827344127,1000.0,919.8168273441174,2010.9542568545753,682.5146408,30259297.804085962
7235,0.0,2267.0538821521477,0.0,4531.408310454368,1000.0,267.05388215214793,2267.9669130378024,682.5146408,30259297.804085962
7236,0.0,5442.200587805905,0.0,5442.2005878059035,1000.0,3442.2005878059053,5580.740758742206,682.5146408,30259297.804085962
7237,0.0,5941.8547870314615,0.0,6137.0220223133365,1000.0,3941.854787031462,9374.381805781279,692.5146408,30259297.804085962
7238,0.0,5941.8547870314615,0.0,6367.640774305872,1000.0,3941.854787031462,13168.022852820359,692.5146408,30259297.804085962
7239,0.0,5941.8547870314615,0.0,6045.232338888637,1000.0,3941.854787031462,16961.66389985944,692.5146408,30259297.804085962
7240,0.0,4915.634530598812,0.0,4915.634530598818,1000.0,2915.6345305988116,19767.670572107734,692.5146408,30259297.804085962
7241,0.0,3684.3908250681707,0.0,3684.3908250681566,1000.0,1684.3908250681707,21388.72830215334,706.5146408,30259297.804085962
7242,0.0,1757.5250973059071,0.0,1757.5250973059071,757.5250973059071,0.0,21388.72830215334,727.5146408,30259297.804085962
7243,0.0,3.878442564872186,996.1215574351278,3.878442564872186,0.0,0.0,20353.689277387,750.1656408,30259297.804085962
7244,0.0,0.0,2000.0,0.0,1000.0,0.0,18275.551289024574,802.5146408,30259297.804085962
7245,0.0,0.0,2000.0,0.0,1000.0,0.0,16197.413300662145,802.5146408,30259297.804085962
7246,0.0,0.0,2000.0,0.0,1000.0,0.0,14119.275312299718,802.5146408,30259297.804085962
7247,0.0,0.0,1000.0,0.0,0.0,0.0,13080.206318118504,750.1656408,30259297.804085962
7248,0.0,0.0,1000.0,0.0,0.0,0.0,12041.13732393729,750.1656408,30259297.804085962
7249,0.0,0.0,1000.0,0.0,0.0,0.0,11002.068329756075,747.4799469,30259297.804085962
7250,0.0,0.0,1000.0,0.0,0.0,0.0,9962.999335574863,747.4799469,30259297.804085962
7251,0.0,0.0,1000.0,0.0,0.0,0.0,8923.930341393649,747.4799469,30259297.804085962
7252,0.0,0.0,1000.0,0.0,0.0,0.0,7884.861347212435,747.4799469,30259297.804085962
7253,0.0,0.0,1000.0,0.0,0.0,0.0,6845.792353031222,747.4799469,30259297.804085962
7254,0.0,0.0,1000.0,0.0,0.0,0.0,5806.723358850008,747.4799469,30259297.804085962
7255,0.0,0.0,1000.0,0.0,0.0,0.0,4767.654364668794,706.4799469,30259297.804085962
7256,0.0,0.0,1000.0,0.0,0.0,0.0,3728.585370487581,705.4799469,30259297.804085962
7257,0.0,500.3421219064585,499.6578780935415,500.3421219064585,0.0,0.0,3209.406361662207,705.4799469,30259297.804085962
7258,0.0,2462.4162334357325,0.0,2462.4162334357325,0.0,1462.4162334357388,4616.835744720762,705.4799469,30259297.804085962
7259,0.0,3866.7841272662054,0.0,3866.7841272662054,274.0870516441618,2592.69707562204,7112.047410299536,705.4799469,30259297.804085962
7260,0.0,5074.365796241748,0.0,5074.365796241748,1000.0,3074.3657962417483,10070.817052602535,709.4799469,30259297.804085962
7261,0.0,5564.377280725049,0.0,5564.377280725049,1000.0,3564.377280725049,13501.17374757235,709.4799469,30259297.804085962
7262,0.0,5359.282676536708,0.0,5359.282676536708,1000.0,3359.282676536708,16734.147395471227,709.4799469,30259297.804085962
7263,0.0,4245.062221296781,0.0,4245.062221296781,1000.0,2245.062221296781,18894.795277247264,709.4799469,30259297.804085962
7264,0.0,3806.9589329560818,0.0,3806.9589329560818,1000.0,1806.9589329560818,20633.81255432422,727.4799469,30259297.804085962
7265,0.0,2784.409546788377,0.0,2784.409546788377,1000.0,784.4095467883772,21388.72830215334,747.4799469,30259297.804085962
7266,0.0,1315.3951181780938,0.0,1315.3951181780938,315.3951181780867,0.0,21388.72830215334,767.4799469,30259297.804085962
7267,0.0,2.7338878664542046,997.2661121335458,2.7338878664542046,0.0,0.0,20352.50000608773,777.4799469,30259297.804085962
7268,0.0,0.0,2000.0,0.0,1000.0,0.0,18274.3620177253,811.4319469,30259297.804085962
7269,0.0,0.0,2000.0,0.0,1000.0,0.0,16196.224029362871,811.4319469,30259297.804085962
7270,0.0,0.0,2000.0,0.0,1000.0,0.0,14118.086041000444,811.4319469,30259297.804085962
7271,0.0,0.0,1000.0,0.0,0.0,0.0,13079.017046819232,777.4799469,30259297.804085962
7272,0.0,0.0,1000.0,0.0,0.0,0.0,12039.948052638018,767.4799469,30259297.804085962
7273,0.0,0.0,1941.9954295212813,0.0,941.9954295212813,0.0,10022.080814980825,792.4099701,30259297.804085962
7274,0.0,0.0,1000.0,0.0,0.0,0.0,8983.011820799611,792.4099701,30259297.804085962
7275,0.0,0.0,2000.0,0.0,1000.0,0.0,6904.873832437184,797.4099701,30259297.804085962
7276,0.0,0.0,1000.0,0.0,0.0,0.0,5865.80483825597,784.7849701,30259297.804085962
7277,0.0,0.0,1000.0,0.0,0.0,0.0,4826.735844074757,792.4099701,30259297.804085962
7278,0.0,0.0,1000.0,0.0,0.0,0.0,3787.6668498935433,792.4099701,30259297.804085962
7279,0.0,0.0,1000.0,0.0,0.0,0.0,2748.597855712329,792.4099701,30259297.804085962
7280,0.0,0.0,1000.0,0.0,0.0,0.0,1709.5288615311154,706.4099701,30259297.804085962
7281,0.0,438.14479829363245,561.8552017063676,438.14479829363245,0.0,0.0,1125.7225422185968,706.4099701,30259297.804085962
7282,0.0,2654.1735229857886,0.0,2654.1735229857886,586.7501481568906,1067.4233748288825,2153.010798154086,706.4099701,30259297.804085962
7283,0.0,4098.944764432261,0.0,4098.944764432261,1000.0,2098.944764432261,4173.035239443649,792.4099701,30259297.804085962
7284,0.0,5258.467034692679,0.0,5258.467034692679,1000.0,3258.4670346926787,7308.9839136317605,802.4099701,30259297.804085962
7285,0.0,5922.290618889055,0.0,5922.290618889055,1000.0,3922.2906188890547,11083.796405250556,802.4099701,30259297.804085962
7286,0.0,5255.756865189667,0.0,5255.756865189667,1000.0,3255.756865189667,14217.136812309036,802.4099701,30259297.804085962
7287,0.0,5509.207409608141,0.0,5509.207409608141,1000.0,3509.2074096081406,17594.39802331582,817.4099701,30259297.804085962
7288,0.0,4568.561836643965,0.0,4568.561836643965,1000.0,2568.561836643965,20066.381934902005,827.4099701,30259297.804085962
7289,0.0,3374.0091097790546,0.0,3374.0091097790546,1000.0,1374.0091097790546,21388.72830215334,847.4099701,30259297.804085962
7290,0.0,1331.140145298059,0.0,1331.140145298059,331.14014529805604,0.0,21388.72830215334,847.4099701,30259297.804085962
7291,0.0,0.0,2000.0,0.0,1000.0,0.0,19310.59031379091,897.9099701,30259297.804085962
7292,0.0,0.0,2000.0,0.0,1000.0,0.0,17232.452325428487,911.4099701,30259297.804085962
7293,0.0,0.0,2000.0,0.0,1000.0,0.0,15154.314337066058,911.4099701,30259297.804085962
7294,0.0,0.0,1744.669552742956,0.0,744.6695527429562,0.0,13341.482299718842,847.4099701,30259297.804085962
7295,0.0,0.0,2000.0,0.0,1000.0,0.0,11263.344311356414,847.4099701,30259297.804085962
7296,0.0,0.0,1000.0,0.0,0.0,0.0,10224.2753171752,827.4099701,30259297.804085962
7297,0.0,0.0,1000.0,0.0,0.0,0.0,9185.206322993987,812.2200436,30259297.804085962
7298,0.0,0.0,1000.0,0.0,0.0,0.0,8146.137328812773,812.2200436,30259297.804085962
7299,0.0,0.0,1000.0,0.0,0.0,0.0,7107.06833463156,812.2200436,30259297.804085962
7300,0.0,0.0,1000.0,0.0,0.0,0.0,6067.999340450347,812.2200436,30259297.804085962
7301,0.0,0.0,1000.0,0.0,0.0,0.0,5028.930346269133,812.2200436,30259297.804085962
7302,0.0,0.0,1000.0,0.0,0.0,0.0,3989.8613520879194,812.2200436,30259297.804085962
7303,0.0,0.0,1000.0,0.0,0.0,0.0,2950.7923579067055,792.2200436,30259297.804085962
7304,0.0,0.0,1000.0,0.0,0.0,0.0,1911.7233637254922,787.2200436,30259297.804085962
7305,0.0,243.55280938176543,756.4471906182346,243.55280938176543,0.0,0.0,1125.7225422185968,787.2200436,30259297.804085962
7306,0.0,2726.155894056799,0.0,2726.155894056799,1000.0,726.1558940567988,1824.5749746588554,787.2200436,30259297.804085962
7307,0.0,4120.667574071129,0.0,4120.667574071129,1000.0,2120.667574071129,3865.5054479449173,792.2200436,30259297.804085962
7308,0.0,5740.6919889088385,0.0,5740.6919889088385,1000.0,3740.6919889088385,7465.547418070841,812.2200436,30259297.804085962
7309,0.0,5941.8547870314615,0.0,6337.692593971831,1000.0,3941.854787031461,11259.188465109706,792.2200436,30259297.804085962
7310,0.0,5262.879202406987,0.0,5262.879202406987,1000.0,3262.879202406987,14399.383409506205,792.2200436,30259297.804085962
7311,0.0,5095.97000279577,0.0,5095.97000279577,1000.0,3095.9700027957697,17378.944940196845,792.2200436,30259297.804085962
7312,0.0,4535.4824492359985,0.0,4535.4824492359985,1000.0,2535.4824492359985,19819.093249341575,812.2200436,30259297.804085962
7313,0.0,3294.7857984058787,0.0,3294.7857984058787,1000.0,1294.7857984058787,21065.195101727382,812.2200436,30259297.804085962
7314,0.0,1764.1907912380723,235.80920876192772,1764.1907912380723,1000.0,0.0,20820.173064360453,892.7200436,30259297.804085962
7315,0.0,0.0,2000.0,0.0,1000.0,0.0,18742.035075998025,906.2200436,30259297.804085962
7316,0.0,0.0,2000.0,0.0,1000.0,0.0,16663.897087635596,906.2200436,30259297.804085962
7317,0.0,0.0,2000.0,0.0,1000.0,0.0,14585.759099273171,906.2200436,30259297.804085962
7318,0.0,0.0,2000.0,0.0,1000.0,0.0,12507.621110910743,892.7200436,30259297.804085962
7319,0.0,0.0,1000.0,0.0,0.0,0.0,11468.55211672953,812.2200436,30259297.804085962
7320,0.0,0.0,1000.0,0.0,0.0,0.0,10429.483122548314,812.2200436,30259297.804085962
7321,0.0,0.0,1000.0,0.0,0.0,0.0,9390.414128367102,792.6170728,30259297.804085962
7322,0.0,0.0,1000.0,0.0,0.0,0.0,8351.345134185887,792.6170728,30259297.804085962
7323,0.0,0.0,1000.0,0.0,0.0,0.0,7312.276140004674,782.6170728,30259297.804085962
7324,0.0,0.0,1000.0,0.0,0.0,0.0,6273.20714582346,782.6170728,30259297.804085962
7325,0.0,0.0,1000.0,0.0,0.0,0.0,5234.138151642247,782.6170728,30259297.804085962
7326,0.0,0.0,1000.0,0.0,0.0,0.0,4195.069157461034,782.6170728,30259297.804085962
7327,0.0,0.0,1000.0,0.0,0.0,0.0,3156.0001632798194,782.6170728,30259297.804085962
7328,0.0,0.0,1000.0,0.0,0.0,0.0,2116.931169098606,782.6170728,30259297.804085962
7329,0.0,218.5861163580806,781.4138836419194,218.5861163580806,0.0,0.0,1304.9882309835612,774.4900728,30259297.804085962
7330,0.0,2631.762801933659,0.0,2631.762801933659,1000.0,631.7628019336553,1912.996751564511,782.6170728,30259297.804085962
7331,0.0,3757.5651988321015,0.0,3757.5651988321015,1000.0,1757.565198832075,3604.4774989205002,782.6170728,30259297.804085962
7332,0.0,5035.717821605517,0.0,5035.717821605517,706.7006679519335,3329.017153653549,6808.323607596676,782.6170728,30259297.804085962
7333,0.0,5941.8547870314615,0.0,6029.303469099818,1000.0,3941.854787031461,10601.964654635754,782.6170728,30259297.804085962
7334,0.0,5679.336774240733,0.0,5679.336774240733,1000.0,3679.3367742407136,14142.958366164996,782.6170728,30259297.804085962
7335,0.0,5627.819981799279,0.0,5627.819981799279,1000.0,3627.819981799279,17634.372316648718,792.6170728,30259297.804085962
7336,0.0,4686.184051668143,0.0,4686.184051668143,1000.0,2686.184051668143,20219.55584797416,792.6170728,30259297.804085962
7337,0.0,3214.850845988366,0.0,3214.850845988366,1000.0,1214.850845988366,21388.72830215334,892.6170728,30259297.804085962
7338,0.0,1421.4591099071993,0.0,1421.4591099071993,421.4591099071976,0.0,21388.728302153348,892.6170728,30259297.804085962
7339,0.0,0.0,2000.0,0.0,1000.0,0.0,19310.590313790915,892.6170728,30259297.804085962
7340,0.0,0.0,2000.0,0.0,1000.0,0.0,17232.45232542849,893.1170728,30259297.804085962
7341,0.0,0.0,2000.0,0.0,1000.0,0.0,15154.314337066062,893.1170728,30259297.804085962
7342,0.0,0.0,1545.5942297588285,0.0,545.5942297588285,0.0,13548.335295338267,892.6170728,30259297.804085962
7343,0.0,0.0,2000.0,0.0,1000.0,0.0,11470.197306975839,892.6170728,30259297.804085962
7344,0.0,0.0,1000.0,0.0,0.0,0.0,10431.128312794624,792.6170728,30259297.804085962
7345,0.0,0.0,1000.0,0.0,0.0,0.0,9392.059318613412,792.4402738,30259297.804085962
7346,0.0,0.0,1000.0,0.0,0.0,0.0,8352.990324432198,761.0842738,30259297.804085962
7347,0.0,0.0,1000.0,0.0,0.0,0.0,7313.921330250985,752.4402738,30259297.804085962
7348,0.0,0.0,1000.0,0.0,0.0,0.0,6274.852336069772,752.4402738,30259297.804085962
7349,0.0,0.0,1000.0,0.0,0.0,0.0,5235.783341888558,752.4402738,30259297.804085962
7350,0.0,0.0,1000.0,0.0,0.0,0.0,4196.714347707344,761.0842738,30259297.804085962
7351,0.0,0.0,1000.0,0.0,0.0,0.0,3157.6453535261307,792.4402738,30259297.804085962
7352,0.0,0.0,1000.0,0.0,0.0,0.0,2118.5763593449174,752.4402738,30259297.804085962
7353,0.0,44.477486397629335,955.5225136023706,44.477486397629335,0.0,0.0,1125.7225422185968,752.4402738,30259297.804085962
7354,0.0,1782.6874978139817,0.0,1782.6874978139817,0.0,782.6874978139817,1878.980990114782,752.4402738,30259297.804085962
7355,0.0,2773.6934437056548,0.0,2773.6934437056548,0.0,1773.6934437056548,3585.983560337074,752.4402738,30259297.804085962
7356,0.0,4070.799416340135,0.0,4070.799416340135,0.0,3070.799416340135,6541.320918622834,792.4402738,30259297.804085962
7357,0.0,5339.404209092689,0.0,5339.404209092689,397.5494220612454,3941.854787031461,10334.9619656617,752.4402738,30259297.804085962
7358,0.0,4861.84642035002,0.0,4861.84642035002,0.0,3861.84642035002,14051.602960606533,752.4402738,30259297.804085962
7359,0.0,5084.417717542281,0.0,5084.417717542281,142.56293051081593,3941.854787031461,17845.24400764561,792.4402738,30259297.804085962
7360,0.0,3643.619792114453,0.0,3643.619792114453,1000.0,1643.619792114453,19427.063695576566,877.4402738,30259297.804085962
7361,0.0,2753.2456566655883,0.0,2753.2456566655883,1000.0,753.2456566655883,20151.987315551505,877.4402738,30259297.804085962
7362,0.0,1454.0522088926145,0.0,1454.0522088926145,454.05220889261545,0.0,20151.987315551505,877.4402738,30259297.804085962
7363,0.0,0.0,2000.0,0.0,1000.0,0.0,18073.849327189077,882.4402738,30259297.804085962
7364,0.0,0.0,2000.0,0.0,1000.0,0.0,15995.71133882665,892.9402738,30259297.804085962
7365,0.0,0.0,2000.0,0.0,1000.0,0.0,13917.573350464223,892.9402738,30259297.804085962
7366,0.0,0.0,1347.7935378754976,0.0,347.79353787549763,0.0,12517.122874699991,877.4402738,30259297.804085962
7367,0.0,0.0,1000.0,0.0,0.0,0.0,11478.053880518775,822.4402738,30259297.804085962
7368,0.0,0.0,1000.0,0.0,0.0,0.0,10438.984886337563,822.4402738,30259297.804085962
7369,0.0,0.0,1000.0,0.0,0.0,0.0,9399.91589215635,754.1218823,30259297.804085962
7370,0.0,0.0,1000.0,0.0,0.0,0.0,8360.846897975136,752.3578823,30259297.804085962
7371,0.0,0.0,1000.0,0.0,0.0,0.0,7321.777903793923,747.3578823,30259297.804085962
7372,0.0,0.0,1000.0,0.0,0.0,0.0,6282.708909612709,747.3578823,30259297.804085962
7373,0.0,0.0,1000.0,0.0,0.0,0.0,5243.639915431496,747.3578823,30259297.804085962
7374,0.0,0.0,1000.0,0.0,0.0,0.0,4204.5709212502825,747.3578823,30259297.804085962
7375,0.0,0.0,1000.0,0.0,0.0,0.0,3165.501927069068,747.3578823,30259297.804085962
7376,0.0,0.0,1000.0,0.0,0.0,0.0,2126.432932887855,742.3578823,30259297.804085962
7377,0.0,36.91632001990576,963.0836799800942,36.91632001990576,0.0,0.0,1125.7225422185968,742.3578823,30259297.804085962
7378,0.0,2295.2461092913795,0.0,2295.2461092913795,0.0,1295.2461092913795,2372.2673978006205,742.3578823,30259297.804085962
7379,0.0,3102.3168678114853,0.0,3102.3168678114853,0.0,2102.3168678114853,4395.537151382392,742.3578823,30259297.804085962
7380,0.0,3968.1157139378133,0.0,3968.1157139378133,0.0,2968.1157139378133,7252.0517144760815,742.3578823,30259297.804085962
7381,0.0,4233.800516981453,0.0,4233.800516981453,0.0,3233.8005169814533,10364.261332019058,742.3578823,30259297.804085962
7382,0.0,4259.354321190676,0.0,4259.354321190676,0.0,3259.3543211906763,13501.063930733013,742.3578823,30259297.804085962
7383,0.0,3991.9853002575974,0.0,3991.9853002575974,0.0,2991.9853002575974,16380.550583700999,742.3578823,30259297.804085962
7384,0.0,3804.5571472483525,0.0,3804.5571472483525,630.5869456588407,2173.9702015895164,18472.779505710787,747.3578823,30259297.804085962
7385,0.0,2297.280209661403,0.0,2297.280209661403,1000.0,297.2802096614032,18758.881979488906,752.3578823,30259297.804085962
7386,0.0,1358.1231583699082,0.0,1358.1231583699082,358.1231583699082,0.0,18758.881979488906,792.3578823,30259297.804085962
7387,0.0,0.0,1000.0,0.0,0.0,0.0,17719.812985307693,802.3578823,30259297.804085962
7388,0.0,0.0,2000.0,0.0,1000.0,0.0,15641.674996945265,892.8578823,30259297.804085962
7389,0.0,0.0,2000.0,0.0,1000.0,0.0,13563.53700858284,892.8578823,30259297.804085962
7390,0.0,0.0,1000.0,0.0,0.0,0.0,12524.468014401624,802.3578823,30259297.804085962
7391,0.0,0.0,1000.0,0.0,0.0,0.0,11485.399020220411,792.3578823,30259297.804085962
7392,0.0,0.0,1000.0,0.0,0.0,0.0,10446.330026039195,792.3578823,30259297.804085962
7393,0.0,0.0,1000.0,0.0,0.0,0.0,9407.261031857983,744.8374127,30259297.804085962
7394,0.0,0.0,1000.0,0.0,0.0,0.0,8368.192037676768,744.8374127,30259297.804085962
7395,0.0,0.0,1000.0,0.0,0.0,0.0,7329.123043495555,742.3374127,30259297.804085962
7396,0.0,0.0,1000.0,0.0,0.0,0.0,6290.054049314342,742.3374127,30259297.804085962
7397,0.0,0.0,1000.0,0.0,0.0,0.0,5250.985055133128,744.8374127,30259297.804085962
7398,0.0,0.0,1000.0,0.0,0.0,0.0,4211.916060951915,744.8374127,30259297.804085962
7399,0.0,0.0,1000.0,0.0,0.0,0.0,3172.8470667707006,737.8374127,30259297.804085962
7400,0.0,0.0,1000.0,0.0,0.0,0.0,2133.7780725894872,701.8374127,30259297.804085962
7401,0.0,29.847357571055202,970.1526424289448,29.847357571055202,0.0,0.0,1125.7225422185968,332.8374127,30259297.804085962
7402,0.0,2718.648102447545,0.0,2718.648102447545,1000.0,718.6481024475506,1817.3494760141195,332.8374127,30259297.804085962
7403,0.0,4425.201986009342,0.0,4425.201986009342,441.23165602578234,2983.9703299835674,4689.122521590092,332.8374127,30259297.804085962
7404,0.0,5448.3444101365385,0.0,5448.3444101365385,506.48962310501526,3941.8547870315087,8482.763568629161,332.8374127,30259297.804085962
7405,0.0,5635.885228189045,0.0,5635.885228189045,1000.0,3635.885228189045,11981.939512238256,692.8374127,30259297.804085962
7406,0.0,5697.519170247407,0.0,5697.519170247407,1000.0,3697.5191702474067,15540.431961684371,701.8374127,30259297.804085962
7407,0.0,4568.953240345113,0.0,4568.953240345113,1000.0,2568.953240345113,18012.792560192524,737.8374127,30259297.804085962
7408,0.0,4175.42826116503,0.0,4175.42826116503,1000.0,2175.4282611650297,20106.424718737777,737.8374127,30259297.804085962
7409,0.0,3332.4018946545843,0.0,3332.4018946545843,1000.0,1332.4018946545843,21388.72830215334,742.3374127,30259297.804085962
7410,0.0,1645.590072594839,0.0,1645.590072594839,645.5900725948377,0.0,21388.72830215334,755.3374127,30259297.804085962
7411,0.0,0.0,2000.0,0.0,1000.0,0.0,19310.59031379091,798.3374127,30259297.804085962
7412,0.0,0.0,2000.0,0.0,1000.0,0.0,17232.452325428487,872.8374127,30259297.804085962
7413,0.0,0.0,2000.0,0.0,1000.0,0.0,15154.314337066058,872.8374127,30259297.804085962
7414,0.0,0.0,2000.0,0.0,1000.0,0.0,13076.176348703628,798.3374127,30259297.804085962
7415,0.0,0.0,1527.9633617587072,0.0,527.9633617587072,0.0,11488.51699525526,798.3374127,30259297.804085962
7416,0.0,0.0,1000.0,0.0,0.0,0.0,10449.448001074046,755.3374127,30259297.804085962
7417,0.0,0.0,1000.0,0.0,0.0,0.0,9410.379006892834,742.5399742,30259297.804085962
7418,0.0,0.0,1000.0,0.0,0.0,0.0,8371.31001271162,742.5399742,30259297.804085962
7419,0.0,0.0,1000.0,0.0,0.0,0.0,7332.241018530407,702.2469742,30259297.804085962
7420,0.0,0.0,1000.0,0.0,0.0,0.0,6293.172024349194,702.2469742,30259297.804085962
7421,0.0,0.0,1000.0,0.0,0.0,0.0,5254.10303016798,702.2469742,30259297.804085962
7422,0.0,0.0,1000.0,0.0,0.0,0.0,4215.034035986766,744.2469742,30259297.804085962
7423,0.0,0.0,1000.0,0.0,0.0,0.0,3175.9650418055526,742.5399742,30259297.804085962
7424,0.0,0.0,1000.0,0.0,0.0,0.0,2136.896047624339,702.2469742,30259297.804085962
7425,0.0,26.846618397513577,973.1533816024864,26.846618397513577,0.0,0.0,1125.7225422185968,701.2469742,30259297.804085962
7426,0.0,3116.555592936884,0.0,3116.5555929369107,1000.0,1116.5555929368838,2200.295644861054,701.2469742,30259297.804085962
7427,0.0,4920.005188360162,0.0,4920.005188360195,1000.0,2920.005188360162,5010.508638138874,702.2469742,30259297.804085962
7428,0.0,2912.9915893216817,0.0,6837.044358711328,1000.0,912.9915893216817,5889.17174370206,744.2469742,30259297.804085962
7429,0.0,5941.8547870314615,0.0,7430.101292893071,1000.0,3941.854787031462,9682.812790741136,742.5399742,30259297.804085962
7430,0.0,5941.8547870314615,0.0,7200.490689656987,1000.0,3941.854787031462,13476.453837780216,744.2469742,30259297.804085962
7431,0.0,5941.8547870314615,0.0,6514.30974790932,1000.0,3941.854787031462,17270.094884819297,747.7469742,30259297.804085962
7432,0.0,4971.504189212137,0.0,4971.504189212158,1000.0,2971.504189212137,20129.870516517058,747.7469742,30259297.804085962
7433,0.0,3308.0400931382865,0.0,3308.040093138296,1000.0,1308.0400931382865,21388.72830215334,887.2469742,30259297.804085962
7434,0.0,1551.7366436627199,0.0,1551.7366436627199,551.7366436627116,0.0,21388.72830215334,892.2469742,30259297.804085962
7435,0.0,0.0,1515.9247880826774,0.0,515.9247880826774,0.0,19813.57785734591,892.2469742,30259297.804085962
7436,0.0,0.0,2000.0,0.0,1000.0,0.0,17735.439868983485,982.2469742,30259297.804085962
7437,0.0,0.0,2000.0,0.0,1000.0,0.0,15657.301880621055,1062.246974,30259297.804085962
7438,0.0,0.0,2000.0,0.0,1000.0,0.0,13579.163892258628,1062.246974,30259297.804085962
7439,0.0,0.0,2000.0,0.0,1000.0,0.0,11501.0259038962,892.2469742,30259297.804085962
7440,0.0,0.0,1000.0,0.0,0.0,0.0,10461.956909714985,887.2469742,30259297.804085962
7441,0.0,0.0,1000.0,0.0,0.0,0.0,9422.887915533773,702.2270132,30259297.804085962
7442,0.0,0.0,1000.0,0.0,0.0,0.0,8383.818921352558,701.7270132,30259297.804085962
7443,0.0,0.0,1000.0,0.0,0.0,0.0,7344.749927171346,701.7270132,30259297.804085962
7444,0.0,0.0,1000.0,0.0,0.0,0.0,6305.6809329901325,701.7270132,30259297.804085962
7445,0.0,0.0,1000.0,0.0,0.0,0.0,5266.611938808919,701.7270132,30259297.804085962
7446,0.0,0.0,1000.0,0.0,0.0,0.0,4227.542944627705,701.7270132,30259297.804085962
7447,0.0,0.0,1000.0,0.0,0.0,0.0,3188.4739504464915,701.7270132,30259297.804085962
7448,0.0,0.0,1000.0,0.0,0.0,0.0,2149.404956265278,701.7270132,30259297.804085962
7449,0.0,14.808044721473866,985.1919552785262,14.808044721473866,0.0,0.0,1125.7225422185968,701.2270132,30259297.804085962
7450,0.0,2083.6637157981427,0.0,2083.6637157981427,0.0,1083.6637157981427,2168.640502302733,701.2270132,30259297.804085962
7451,0.0,3997.061661021726,0.0,3997.061661021726,519.6719239880409,2477.3897370336636,4552.880385223942,701.7270132,30259297.804085962
7452,0.0,4484.831484102708,0.0,4484.831484102708,1000.0,2484.831484102673,6944.282205524354,701.7270132,30259297.804085962
7453,0.0,4596.7190608192595,0.0,4596.7190608192595,1000.0,2596.719060819247,9443.364629656797,701.7270132,30259297.804085962
7454,0.0,5171.136955709174,0.0,5171.136955709174,1000.0,3171.1369557091675,12495.2668358313,701.7270132,30259297.804085962
7455,0.0,4852.0495080762985,0.0,4852.0495080762985,1000.0,2852.0495080763067,15240.079282403938,701.7270132,30259297.804085962
7456,0.0,3725.636292896506,0.0,3725.636292896506,0.0,2725.6362928964954,17863.23165068752,701.7270132,30259297.804085962
7457,0.0,2951.0993318193932,0.0,2951.0993318193932,1000.0,951.0993318193932,18778.56964763051,702.2270132,30259297.804085962
7458,0.0,1411.039514536592,0.0,1411.039514536592,411.0395145365919,0.0,18778.56964763051,742.2270132,30259297.804085962
7459,0.0,0.0,1000.0,0.0,0.0,0.0,17739.500653449297,743.7270132,30259297.804085962
7460,0.0,0.0,2000.0,0.0,1000.0,0.0,15661.36266508687,887.2270132,30259297.804085962
7461,0.0,0.0,2000.0,0.0,1000.0,0.0,13583.224676724443,887.2270132,30259297.804085962
7462,0.0,0.0,1000.0,0.0,0.0,0.0,12544.155682543229,742.6060132,30259297.804085962
7463,0.0,0.0,1000.0,0.0,0.0,0.0,11505.086688362015,743.7270132,30259297.804085962
7464,0.0,0.0,1000.0,0.0,0.0,0.0,10466.0176941808,702.2270132,30259297.804085962
7465,0.0,0.0,1000.0,0.0,0.0,0.0,9426.948699999586,737.770252,30259297.804085962
7466,0.0,0.0,1000.0,0.0,0.0,0.0,8387.879705818374,737.770252,30259297.804085962
7467,0.0,0.0,1000.0,0.0,0.0,0.0,7348.810711637159,701.770252,30259297.804085962
7468,0.0,0.0,1000.0,0.0,0.0,0.0,6309.741717455946,701.770252,30259297.804085962
7469,0.0,0.0,1000.0,0.0,0.0,0.0,5270.672723274733,701.770252,30259297.804085962
7470,0.0,0.0,1000.0,0.0,0.0,0.0,4231.603729093518,737.770252,30259297.804085962
7471,0.0,0.0,1000.0,0.0,0.0,0.0,3192.534734912305,737.770252,30259297.804085962
7472,0.0,0.0,1000.0,0.0,0.0,0.0,2153.4657407310915,701.370252,30259297.804085962
7473,0.0,10.899945751574695,989.1000542484253,10.899945751574695,0.0,0.0,1125.7225422185968,701.370252,30259297.804085962
7474,0.0,2392.6280870401556,0.0,2392.6280870401556,1000.0,392.6280870401556,1503.5878131860227,701.370252,30259297.804085962
7475,0.0,3663.4686144210764,0.0,3663.4686144210764,1000.0,1663.4686144210764,3104.510007704899,701.370252,30259297.804085962
7476,0.0,5324.51314446535,0.0,5324.51314446535,1000.0,3324.51314446535,6304.021457938361,701.770252,30259297.804085962
7477,0.0,5262.932577175458,0.0,5262.932577175458,1000.0,3262.9325771754584,9444.26777021191,701.770252,30259297.804085962
7478,0.0,5344.083239381716,0.0,5344.083239381716,1000.0,3344.0832393817163,12662.613479792839,704.270252,30259297.804085962
7479,0.0,5526.903517192262,0.0,5526.903517192262,1000.0,3526.9035171922624,16056.905424738785,737.770252,30259297.804085962
7480,0.0,4184.0509623353055,0.0,4184.0509623353055,1000.0,2184.0509623353055,18158.836070890306,737.770252,30259297.804085962
7481,0.0,3032.9557082960364,0.0,3032.9557082960364,1000.0,1032.9557082960364,19152.952644554432,738.270252,30259297.804085962
7482,0.0,1583.2445007597712,0.0,1583.2445007597712,583.2445007597712,0.0,19152.952644554432,740.891252,30259297.804085962
7483,0.0,0.0,1356.6531175639054,0.0,356.6531175639055,0.0,17743.296454234267,742.770252,30259297.804085962
7484,0.0,0.0,2000.0,0.0,1000.0,0.0,15665.15846587184,887.270252,30259297.804085962
7485,0.0,0.0,1000.0,0.0,0.0,0.0,14626.089471690626,742.770252,30259297.804085962
7486,0.0,0.0,2000.0,0.0,1000.0,0.0,12547.9514833282,887.270252,30259297.804085962
7487,0.0,0.0,1000.0,0.0,0.0,0.0,11508.882489146985,742.342252,30259297.804085962
7488,0.0,0.0,1000.0,0.0,0.0,0.0,10469.81349496577,738.270252,30259297.804085962
7489,0.0,0.0,1000.0,0.0,0.0,0.0,9430.744500784556,703.6453005,30259297.804085962
7490,0.0,0.0,1000.0,0.0,0.0,0.0,8391.675506603344,703.6453005,30259297.804085962
7491,0.0,0.0,1000.0,0.0,0.0,0.0,7352.6065124221295,703.6453005,30259297.804085962
7492,0.0,0.0,1000.0,0.0,0.0,0.0,6313.537518240917,703.6453005,30259297.804085962
7493,0.0,0.0,1000.0,0.0,0.0,0.0,5274.468524059703,703.6453005,30259297.804085962
7494,0.0,0.0,1000.0,0.0,0.0,0.0,4235.399529878489,704.0453005,30259297.804085962
7495,0.0,0.0,1000.0,0.0,0.0,0.0,3196.330535697276,704.0453005,30259297.804085962
7496,0.0,0.0,1000.0,0.0,0.0,0.0,2157.261541516062,704.0453005,30259297.804085962
7497,0.0,7.246867076119199,992.7531329238808,7.246867076119199,0.0,0.0,1125.7225422185968,704.0453005,30259297.804085962
7498,0.0,2704.0832019373265,0.0,2704.083201937347,1000.0,704.0832019373265,1803.3322157630798,703.6453005,30259297.804085962
7499,0.0,4331.544253293967,0.0,4331.544253293982,1000.0,2331.544253293967,4047.210405133194,703.6453005,30259297.804085962
7500,0.0,4935.542654447841,0.0,4935.542654447864,1000.0,2935.5426544478414,6872.376655773796,704.0453005,30259297.804085962
7501,0.0,5941.8547870314615,0.0,6179.82122886311,1000.0,3941.854787031462,10666.017702812875,703.6453005,30259297.804085962
7502,0.0,5941.8547870314615,0.0,6385.8706183070635,1000.0,3941.854787031462,14459.658749851955,704.0453005,30259297.804085962
7503,0.0,5941.8547870314615,0.0,6043.038114213205,1000.0,3941.854787031462,18253.299796891035,706.5453005,30259297.804085962
7504,0.0,4857.327503098757,0.0,4857.327503098771,1000.0,2857.327503098757,21003.191785873278,740.1453005,30259297.804085962
7505,0.0,2400.599040191257,0.0,2940.6856632227386,1000.0,400.5990401912568,21388.72830215334,744.6453005,30259297.804085962
7506,0.0,1279.712310804056,0.0,1279.712310804056,279.71231080404687,0.0,21388.72830215334,740.1453005,30259297.804085962
7507,0.0,0.0,2000.0,0.0,1000.0,0.0,19310.59031379091,744.6453005,30259297.804085962
7508,0.0,0.0,2000.0,0.0,1000.0,0.0,17232.452325428487,744.6453005,30259297.804085962
7509,0.0,0.0,2000.0,0.0,1000.0,0.0,15154.314337066058,744.6453005,30259297.804085962
7510,0.0,0.0,2000.0,0.0,1000.0,0.0,13076.176348703631,889.5453005,30259297.804085962
7511,0.0,0.0,1505.463671491499,0.0,505.4636714914992,0.0,11511.8957257906,740.1453005,30259297.804085962
7512,0.0,0.0,1000.0,0.0,0.0,0.0,10472.826731609386,739.5453005,30259297.804085962
7513,0.0,0.0,1000.0,0.0,0.0,0.0,9433.757737428174,703.1438614,30259297.804085962
7514,0.0,0.0,1000.0,0.0,0.0,0.0,8394.68874324696,703.1438614,30259297.804085962
7515,0.0,0.0,1000.0,0.0,0.0,0.0,7355.619749065747,703.1438614,30259297.804085962
7516,0.0,0.0,1000.0,0.0,0.0,0.0,6316.5507548845335,703.1438614,30259297.804085962
7517,0.0,0.0,1000.0,0.0,0.0,0.0,5277.48176070332,703.1438614,30259297.804085962
7518,0.0,0.0,1000.0,0.0,0.0,0.0,4238.412766522106,703.1438614,30259297.804085962
7519,0.0,0.0,1000.0,0.0,0.0,0.0,3199.3437723408924,703.1438614,30259297.804085962
7520,0.0,0.0,1000.0,0.0,0.0,0.0,2160.274778159679,703.0938614,30259297.804085962
7521,0.0,4.346928130302273,995.6530718696978,4.346928130302273,0.0,0.0,1125.7225422185968,703.0938614,30259297.804085962
7522,0.0,2891.4757717676084,0.0,2891.4757717676116,1000.0,891.4757717676084,1983.6788249677431,699.0938614,30259297.804085962
7523,0.0,2607.751451845408,0.0,4512.757417614633,1000.0,607.7514518454084,2568.5788222237643,703.0938614,30259297.804085962
7524,0.0,5941.85478703149,0.0,6043.992899468817,1000.0,3941.8547870314896,6362.21986926287,703.1438614,30259297.804085962
7525,0.0,5941.8547870314615,0.0,6850.695983918847,1000.0,3941.854787031462,10155.860916301946,703.1438614,30259297.804085962
7526,0.0,5272.397387290431,0.0,5272.397387290453,1000.0,3272.3973872904307,13305.216161830256,707.0938614,30259297.804085962
7527,0.0,5941.8547870314615,0.0,6012.917956025845,1000.0,3941.854787031462,17098.857208869336,707.5938614,30259297.804085962
7528,0.0,4851.551366105822,0.0,4851.551366105842,1000.0,2851.551366105822,19843.19024360958,740.5938614,30259297.804085962
7529,0.0,3605.920675959853,0.0,3605.920675959882,1000.0,1605.9206759598528,21388.72830215334,740.5938614,30259297.804085962
7530,0.0,1419.0217410204905,0.0,1419.0217410204905,419.0217410204905,0.0,21388.72830215334,739.8808614,30259297.804085962
7531,0.0,0.0,2000.0,0.0,1000.0,0.0,19310.59031379091,744.1938614,30259297.804085962
7532,0.0,0.0,2000.0,0.0,1000.0,0.0,17232.452325428487,889.0938614,30259297.804085962
7533,0.0,0.0,2000.0,0.0,1000.0,0.0,15154.314337066058,744.1938614,30259297.804085962
7534,0.0,0.0,2000.0,0.0,1000.0,0.0,13076.176348703631,889.0938614,30259297.804085962
7535,0.0,0.0,1502.314672828088,0.0,502.3146728280881,0.0,11515.167752664473,740.5938614,30259297.804085962
7536,0.0,0.0,1000.0,0.0,0.0,0.0,10476.098758483258,707.5938614,30259297.804085962
7537,0.0,0.0,1000.0,0.0,0.0,0.0,9437.029764302046,738.3183545,30259297.804085962
7538,0.0,0.0,1000.0,0.0,0.0,0.0,8397.960770120833,738.3183545,30259297.804085962
7539,0.0,0.0,1000.0,0.0,0.0,0.0,7358.891775939619,702.8553545,30259297.804085962
7540,0.0,0.0,1000.0,0.0,0.0,0.0,6319.822781758406,701.4053545,30259297.804085962
7541,0.0,0.0,1000.0,0.0,0.0,0.0,5280.753787577192,701.4053545,30259297.804085962
7542,0.0,0.0,1000.0,0.0,0.0,0.0,4241.684793395978,701.4053545,30259297.804085962
7543,0.0,0.0,1000.0,0.0,0.0,0.0,3202.6157992147646,701.4053545,30259297.804085962
7544,0.0,0.0,1000.0,0.0,0.0,0.0,2163.546805033551,698.3553545,30259297.804085962
7545,0.0,1.1979294668879013,998.8020705331121,1.1979294668879013,0.0,0.0,1125.7225422185968,697.3553545,30259297.804085962
7546,0.0,2524.7677545800043,0.0,2524.7677545800148,1000.0,524.7677545800043,1630.759029226393,697.3553545,30259297.804085962
7547,0.0,3767.332454700793,0.0,3767.3324547007956,1000.0,1767.3324547007928,3331.639783630436,697.3553545,30259297.804085962
7548,0.0,5859.381654231834,0.0,5859.381654231891,1000.0,3859.3816542318336,7045.908687663153,698.3553545,30259297.804085962
7549,0.0,5941.8547870314615,0.0,6558.6389860847075,1000.0,3941.854787031462,10839.549734702232,698.3553545,30259297.804085962
7550,0.0,5941.8547870314615,0.0,6362.914296022328,1000.0,3941.854787031462,14633.190781741312,701.4053545,30259297.804085962
7551,0.0,5941.8547870314615,0.0,6061.967734443193,1000.0,3941.854787031462,18426.831828780392,701.4053545,30259297.804085962
7552,0.0,4254.046669763151,0.0,4254.046669763178,1000.0,2254.046669763151,20596.12634376045,701.4053545,30259297.804085962
7553,0.0,2823.568119693362,0.0,3180.8937664566997,1000.0,823.568119693362,21388.72830215334,738.3183545,30259297.804085962
7554,0.0,1246.858264750244,0.0,1246.858264750244,246.85826475024078,0.0,21388.72830215334,738.3183545,30259297.804085962
7555,0.0,0.0,2000.0,0.0,1000.0,0.0,19310.59031379091,922.3553545,30259297.804085962
7556,0.0,0.0,1501.1167433611947,0.0,501.1167433611948,0.0,17750.826449118016,922.3553545,30259297.804085962
7557,0.0,0.0,2000.0,0.0,1000.0,0.0,15672.688460755588,922.3553545,30259297.804085962
7558,0.0,0.0,2000.0,0.0,1000.0,0.0,13594.55047239316,942.3553545,30259297.804085962
7559,0.0,0.0,2000.0,0.0,1000.0,0.0,11516.412484030732,922.3553545,30259297.804085962
7560,0.0,0.0,1000.0,0.0,0.0,0.0,10477.343489849518,742.4553545,30259297.804085962
7561,0.0,0.0,1000.0,0.0,0.0,0.0,9438.274495668305,832.2101866,30259297.804085962
7562,0.0,0.0,1000.0,0.0,0.0,0.0,8399.205501487091,832.2101866,30259297.804085962
7563,0.0,0.0,1000.0,0.0,0.0,0.0,7360.136507305878,832.2101866,30259297.804085962
7564,0.0,0.0,1000.0,0.0,0.0,0.0,6321.067513124664,832.2101866,30259297.804085962
7565,0.0,0.0,1000.0,0.0,0.0,0.0,5281.998518943451,832.2101866,30259297.804085962
7566,0.0,0.0,1000.0,0.0,0.0,0.0,4242.929524762238,832.2101866,30259297.804085962
7567,0.0,0.0,1000.0,0.0,0.0,0.0,3203.8605305810242,652.7101866,30259297.804085962
7568,0.0,0.0,1000.0,0.0,0.0,0.0,2164.7915363998104,632.2101866,30259297.804085962
7569,0.0,0.0,1000.0,0.0,0.0,0.0,1125.7225422185968,632.2101866,30259297.804085962
7570,0.0,2579.2141311046707,0.0,2579.2141311046807,1000.0,579.2141311046707,1683.1582219937318,632.2101866,30259297.804085962
7571,0.0,2614.6780928459248,0.0,4144.1516947313485,1000.0,614.6780928459245,2274.7244185486497,632.2101866,30259297.804085962
7572,0.0,5554.823523930217,0.0,5554.823523930234,1000.0,3554.8235239302167,5695.88657797909,640.7721866,30259297.804085962
7573,0.0,5941.8547870314615,0.0,6036.360555465501,1000.0,3941.854787031462,9489.52762501817,640.7721866,30259297.804085962
7574,0.0,5941.8547870314615,0.0,6883.0993134614555,1000.0,3941.854787031462,13283.16867205725,652.7101866,30259297.804085962
7575,0.0,5941.8547870314615,0.0,6561.147510061745,1000.0,3941.854787031462,17076.80971909633,682.2101866,30259297.804085962
7576,0.0,4707.266375353008,0.0,4707.266375353002,1000.0,2707.266375353008,19682.282878736067,832.2101866,30259297.804085962
7577,0.0,3773.114529735325,0.0,3773.114529735308,1000.0,1773.114529735325,21388.72830215334,832.2101866,30259297.804085962
7578,0.0,1601.6344577987409,0.0,1601.6344577987409,601.6344577987329,0.0,21388.72830215334,832.2101866,30259297.804085962
7579,0.0,0.0,2000.0,0.0,1000.0,0.0,19310.59031379091,922.2101866,30259297.804085962
7580,0.0,0.0,1501.116743361199,0.0,501.1167433611989,0.0,17750.826449118013,922.2101866,30259297.804085962
7581,0.0,0.0,2000.0,0.0,1000.0,0.0,15672.688460755588,922.2101866,30259297.804085962
7582,0.0,0.0,2000.0,0.0,1000.0,0.0,13594.550472393159,933.2101866,30259297.804085962
7583,0.0,0.0,2000.0,0.0,1000.0,0.0,11516.412484030732,933.2101866,30259297.804085962
7584,0.0,0.0,1000.0,0.0,0.0,0.0,10477.343489849518,922.2101866,30259297.804085962
7585,0.0,0.0,1000.0,0.0,0.0,0.0,9438.274495668304,804.5452904,30259297.804085962
7586,0.0,0.0,1000.0,0.0,0.0,0.0,8399.205501487091,804.5452904,30259297.804085962
7587,0.0,0.0,1000.0,0.0,0.0,0.0,7360.136507305878,804.5452904,30259297.804085962
7588,0.0,0.0,1000.0,0.0,0.0,0.0,6321.067513124664,804.5452904,30259297.804085962
7589,0.0,0.0,1000.0,0.0,0.0,0.0,5281.998518943451,794.5452904,30259297.804085962
7590,0.0,0.0,1000.0,0.0,0.0,0.0,4242.929524762238,804.5452904,30259297.804085962
7591,0.0,0.0,1000.0,0.0,0.0,0.0,3203.8605305810242,794.5452904,30259297.804085962
7592,0.0,0.0,1000.0,0.0,0.0,0.0,2164.7915363998104,504.5452904,30259297.804085962
7593,0.0,0.0,1000.0,0.0,0.0,0.0,1125.7225422185968,504.5452904,30259297.804085962
7594,0.0,2549.2125760021686,0.0,2549.2125760021686,1000.0,549.212576002159,1654.2847253630748,504.5452904,30259297.804085962
7595,0.0,3881.2126218344365,0.0,3881.2126218344365,1000.0,1881.2126218344201,3464.7637526165204,504.5452904,30259297.804085962
7596,0.0,4914.36543477397,0.0,4914.36543477397,966.8073447984469,2947.5580899755296,6301.49365840897,504.5452904,30259297.804085962
7597,0.0,5941.8547870314615,0.0,6342.7986111409855,1000.0,3941.854787031461,10095.134705448048,664.5452904,30259297.804085962
7598,0.0,5941.8547870314615,0.0,6261.81400001409,1000.0,3941.854787031461,13888.775752487127,655.0452904,30259297.804085962
7599,0.0,5941.8547870314615,0.0,6059.138961855337,1000.0,3941.854787031461,17682.416799526196,804.5452904,30259297.804085962
7600,0.0,4574.788690148096,0.0,4574.788690148096,1000.0,2574.788690148096,20160.39343492473,924.5452904,30259297.804085962
7601,0.0,3276.3246750089493,0.0,3276.3246750089493,1000.0,1276.3246750089493,21388.72830215334,933.0452904,30259297.804085962
7602,0.0,1602.120746221292,0.0,1602.120746221292,602.1207462212915,0.0,21388.72830215334,933.0452904,30259297.804085962
7603,0.0,0.0,1501.1167433611963,0.0,501.1167433611963,0.0,19828.96443748044,944.5452904,30259297.804085962
7604,0.0,0.0,2000.0,0.0,1000.0,0.0,17750.826449118016,1062.18129,30259297.804085962
7605,0.0,0.0,2000.0,0.0,1000.0,0.0,15672.688460755588,1197.54529,30259297.804085962
7606,0.0,0.0,2000.0,0.0,1000.0,0.0,13594.55047239316,1198.54529,30259297.804085962
7607,0.0,0.0,2000.0,0.0,1000.0,0.0,11516.412484030732,944.5452904,30259297.804085962
7608,0.0,0.0,1000.0,0.0,0.0,0.0,10477.343489849518,933.0452904,30259297.804085962
7609,0.0,0.0,1000.0,0.0,0.0,0.0,9438.274495668305,673.9252887,30259297.804085962
7610,0.0,0.0,1000.0,0.0,0.0,0.0,8399.205501487091,673.9252887,30259297.804085962
7611,0.0,0.0,1000.0,0.0,0.0,0.0,7360.136507305878,673.9252887,30259297.804085962
7612,0.0,0.0,1000.0,0.0,0.0,0.0,6321.067513124664,673.9252887,30259297.804085962
7613,0.0,0.0,1000.0,0.0,0.0,0.0,5281.998518943451,673.9252887,30259297.804085962
7614,0.0,0.0,1000.0,0.0,0.0,0.0,4242.929524762238,673.9252887,30259297.804085962
7615,0.0,0.0,1000.0,0.0,0.0,0.0,3203.8605305810242,673.9252887,30259297.804085962
7616,0.0,0.0,1000.0,0.0,0.0,0.0,2164.7915363998104,654.4252887,30259297.804085962
7617,0.0,0.0,1000.0,0.0,0.0,0.0,1125.7225422185968,643.9252887,30259297.804085962
7618,0.0,2318.220211897974,0.0,2318.220211897974,0.0,1318.220211897974,2394.377674149204,643.9252887,30259297.804085962
7619,0.0,3514.2792520250546,0.0,3514.2792520250546,0.0,2514.2792520250546,4814.1200262981,663.9252887,30259297.804085962
7620,0.0,4736.265708473016,0.0,4736.265708473016,0.0,3736.265708472987,8409.902144132502,673.9252887,30259297.804085962
7621,0.0,5325.936415286392,0.0,5325.936415286392,393.01720903243404,3932.9192062539514,12194.943588231341,673.9252887,30259297.804085962
7622,0.0,5405.147861844031,0.0,5405.147861844031,1000.0,3405.1478618440306,15472.057890470023,943.9252887,30259297.804085962
7623,0.0,5110.173144742215,0.0,5110.173144742215,1000.0,3110.1731447422153,18465.28852496989,975.4252887,30259297.804085962
7624,0.0,4273.515953184189,0.0,4273.515953184189,1000.0,2273.515953184189,20653.320278314335,975.4252887,30259297.804085962
7625,0.0,2764.13967564321,0.0,2764.13967564321,1000.0,764.13967564321,21388.72830215334,1073.925289,30259297.804085962
7626,0.0,1054.6917799095486,0.0,1054.6917799095486,54.69177990954631,0.0,21388.728302153344,989.4252887,30259297.804085962
7627,0.0,0.0,2000.0,0.0,1000.0,0.0,19310.59031379092,1073.925289,30259297.804085962
7628,0.0,0.0,2000.0,0.0,1000.0,0.0,17232.45232542849,1197.925289,30259297.804085962
7629,0.0,0.0,2000.0,0.0,1000.0,0.0,15154.314337066062,1196.925289,30259297.804085962
7630,0.0,0.0,2000.0,0.0,1000.0,0.0,13076.176348703635,1197.925289,30259297.804085962
7631,0.0,0.0,1501.1167433611977,0.0,501.11674336119756,0.0,11516.412484030732,989.4252887,30259297.804085962
7632,0.0,0.0,1000.0,0.0,0.0,0.0,10477.343489849518,975.4252887,30259297.804085962
7633,0.0,0.0,1000.0,0.0,0.0,0.0,9438.274495668305,792.765027,30259297.804085962
7634,0.0,0.0,1000.0,0.0,0.0,0.0,8399.205501487091,727.002027,30259297.804085962
7635,0.0,0.0,1000.0,0.0,0.0,0.0,7360.136507305878,692.765027,30259297.804085962
7636,0.0,0.0,1000.0,0.0,0.0,0.0,6321.067513124664,672.765027,30259297.804085962
7637,0.0,0.0,1000.0,0.0,0.0,0.0,5281.998518943451,727.002027,30259297.804085962
7638,0.0,0.0,1000.0,0.0,0.0,0.0,4242.929524762238,927.765027,30259297.804085962
7639,0.0,0.0,1000.0,0.0,0.0,0.0,3203.8605305810242,727.002027,30259297.804085962
7640,0.0,0.0,1000.0,0.0,0.0,0.0,2164.7915363998104,643.765027,30259297.804085962
7641,0.0,0.0,1000.0,0.0,0.0,0.0,1125.7225422185968,643.765027,30259297.804085962
7642,0.0,2439.2523613863323,0.0,2439.2523613863323,0.0,1439.2523613863323,2510.8590148168005,643.765027,30259297.804085962
7643,0.0,3658.190619398604,0.0,3658.190619398604,0.0,2658.190619398604,5069.10166692597,643.765027,30259297.804085962
7644,0.0,4801.351094948492,0.0,4801.351094948492,340.1149768548494,3461.2361180935986,8400.195306979353,653.265027,30259297.804085962
7645,0.0,5495.401586869164,0.0,5495.401586869164,1000.0,3495.401586869164,11764.16979418206,672.765027,30259297.804085962
7646,0.0,5621.243245814564,0.0,5621.243245814564,1000.0,3621.243245814564,15249.254293954058,792.765027,30259297.804085962
7647,0.0,5307.095753003851,0.0,5307.095753003851,1000.0,3307.0957530038513,18432.00324664492,927.765027,30259297.804085962
7648,0.0,4073.3375967221996,0.0,4073.3375967221996,1000.0,2073.3375967221996,20427.383349730357,927.765027,30259297.804085962
7649,0.0,2998.903732775337,0.0,2998.903732775337,1000.0,998.9037327753372,21388.72830215334,927.765027,30259297.804085962
7650,0.0,1136.0440763741508,501.1167433611954,1136.0440763741508,637.1608197353453,0.0,20868.033431661657,1182.765027,30259297.804085962
7651,0.0,0.0,2000.0,0.0,1000.0,0.0,18789.89544329923,1196.765027,30259297.804085962
7652,0.0,0.0,2000.0,0.0,1000.0,0.0,16711.757454936804,1197.765027,30259297.804085962
7653,0.0,0.0,2000.0,0.0,1000.0,0.0,14633.619466574375,1196.765027,30259297.804085962
7654,0.0,0.0,2000.0,0.0,1000.0,0.0,12555.481478211948,1197.765027,30259297.804085962
7655,0.0,0.0,1000.0,0.0,0.0,0.0,11516.412484030734,1181.765027,30259297.804085962
7656,0.0,0.0,1000.0,0.0,0.0,0.0,10477.34348984952,942.765027,30259297.804085962
7657,0.0,0.0,1000.0,0.0,0.0,0.0,9438.274495668305,733.9637808,30259297.804085962
7658,0.0,0.0,1000.0,0.0,0.0,0.0,8399.205501487091,733.9637808,30259297.804085962
7659,0.0,0.0,1000.0,0.0,0.0,0.0,7360.136507305878,693.9637808,30259297.804085962
7660,0.0,0.0,1000.0,0.0,0.0,0.0,6321.067513124664,693.9637808,30259297.804085962
7661,0.0,0.0,1000.0,0.0,0.0,0.0,5281.998518943451,733.9637808,30259297.804085962
7662,0.0,0.0,1000.0,0.0,0.0,0.0,4242.929524762238,733.9637808,30259297.804085962
7663,0.0,0.0,1000.0,0.0,0.0,0.0,3203.8605305810242,733.9637808,30259297.804085962
7664,0.0,0.0,1000.0,0.0,0.0,0.0,2164.7915363998104,654.4637808,30259297.804085962
7665,0.0,0.0,1000.0,0.0,0.0,0.0,1125.7225422185968,644.9637808,30259297.804085962
7666,0.0,2522.7336429423603,0.0,2522.7336429423603,0.0,1522.7336429423594,2591.2014001863236,644.9637808,30259297.804085962
7667,0.0,4018.6540027602114,0.0,4018.6540027602114,269.75978130447305,2748.894221455703,5236.737198915333,644.9637808,30259297.804085962
7668,0.0,4493.981983648468,0.0,4493.981983648468,1000.0,2493.9819836484676,7636.945459978539,693.9637808,30259297.804085962
7669,0.0,5731.0729925300175,0.0,5731.0729925300175,1000.0,3731.0729925300175,11227.730107989279,693.9637808,30259297.804085962
7670,0.0,5799.188785851692,0.0,5799.188785851692,1000.0,3799.188785851692,14884.069395493134,733.9637808,30259297.804085962
7671,0.0,5313.150628654666,0.0,5313.150628654666,1000.0,3313.1506286546664,18072.645560510282,733.9637808,30259297.804085962
7672,0.0,4222.752311740006,0.0,4222.752311740006,1000.0,2222.752311740006,20211.822385328865,733.9637808,30259297.804085962
7673,0.0,3222.8864472407345,0.0,3222.8864472407345,1000.0,1222.8864472407345,21388.72830215334,923.9337808,30259297.804085962
7674,0.0,1280.06219328464,0.0,1280.06219328464,280.06219328464,0.0,21388.72830215334,943.9637808,30259297.804085962
7675,0.0,0.0,2000.0,0.0,1000.0,0.0,19310.59031379091,1198.963781,30259297.804085962
7676,0.0,0.0,2000.0,0.0,1000.0,0.0,17232.452325428487,1203.963781,30259297.804085962
7677,0.0,0.0,2000.0,0.0,1000.0,0.0,15154.314337066058,1198.963781,30259297.804085962
7678,0.0,0.0,2000.0,0.0,1000.0,0.0,13076.176348703631,1203.963781,30259297.804085962
7679,0.0,0.0,1501.1167433611954,0.0,501.1167433611954,0.0,11516.412484030732,1018.053781,30259297.804085962
7680,0.0,0.0,1000.0,0.0,0.0,0.0,10477.343489849518,923.9337808,30259297.804085962
7681,0.0,0.0,1000.0,0.0,0.0,0.0,9438.274495668305,923.5443473,30259297.804085962
7682,0.0,0.0,1000.0,0.0,0.0,0.0,8399.205501487091,743.5423473,30259297.804085962
7683,0.0,0.0,1000.0,0.0,0.0,0.0,7360.136507305878,730.0873473,30259297.804085962
7684,0.0,0.0,1000.0,0.0,0.0,0.0,6321.067513124664,730.0873473,30259297.804085962
7685,0.0,0.0,1000.0,0.0,0.0,0.0,5281.998518943451,730.0873473,30259297.804085962
7686,0.0,0.0,1000.0,0.0,0.0,0.0,4242.929524762238,923.5443473,30259297.804085962
7687,0.0,0.0,1000.0,0.0,0.0,0.0,3203.8605305810242,743.5423473,30259297.804085962
7688,0.0,0.0,1000.0,0.0,0.0,0.0,2164.7915363998104,643.5443473,30259297.804085962
7689,0.0,0.0,1000.0,0.0,0.0,0.0,1125.7225422185968,643.5443473,30259297.804085962
7690,0.0,2021.5612769067193,0.0,2021.5612769067193,636.3943842280316,385.1668926786806,1496.407159732559,643.5443473,30259297.804085962
7691,0.0,3683.3648847222157,0.0,3683.3648847222157,0.0,2683.3648847222157,4078.8775247890017,642.5443473,30259297.804085962
7692,0.0,4708.084765934279,0.0,4708.084765934279,0.0,3708.084765934298,7647.53830352417,643.5443473,30259297.804085962
7693,0.0,5548.454348977814,0.0,5548.454348977814,606.5995619463366,3941.8547870314796,11441.179350563267,643.5443473,30259297.804085962
7694,0.0,5660.353779242272,0.0,5660.353779242272,718.4989922107717,3941.8547870314796,15234.820397602336,643.5443473,30259297.804085962
7695,0.0,4963.9074283878235,0.0,4963.9074283878235,1000.0,2963.9074283878235,18087.284906682733,923.5443473,30259297.804085962
7696,0.0,3984.003073773698,0.0,3984.003073773698,1000.0,1984.003073773698,19996.689464882584,923.5443473,30259297.804085962
7697,0.0,3446.4243945041453,0.0,3446.4243945041453,1000.0,1446.4243945041453,21388.72830215334,923.5443473,30259297.804085962
7698,0.0,1482.9092092967087,0.0,1482.9092092967087,482.9092092967039,0.0,21388.72830215334,923.5443473,30259297.804085962
7699,0.0,0.0,2000.0,0.0,1000.0,0.0,19310.59031379091,1196.544347,30259297.804085962
7700,0.0,0.0,2000.0,0.0,1000.0,0.0,17232.452325428487,1197.544347,30259297.804085962
7701,0.0,0.0,2000.0,0.0,1000.0,0.0,15154.314337066058,1196.544347,30259297.804085962
7702,0.0,0.0,2000.0,0.0,1000.0,0.0,13076.176348703631,1197.544347,30259297.804085962
7703,0.0,0.0,1000.0,0.0,0.0,0.0,12037.107354522417,942.5443473,30259297.804085962
7704,0.0,0.0,1000.0,0.0,0.0,0.0,10998.038360341203,923.5443473,30259297.804085962
7705,0.0,0.0,1000.0,0.0,0.0,0.0,9958.969366159989,942.5187482,30259297.804085962
7706,0.0,0.0,1000.0,0.0,0.0,0.0,8919.900371978774,854.2257482,30259297.804085962
7707,0.0,0.0,1000.0,0.0,0.0,0.0,7880.83137779756,932.5187482,30259297.804085962
7708,0.0,0.0,1000.0,0.0,0.0,0.0,6841.762383616346,727.4217482,30259297.804085962
7709,0.0,0.0,1000.0,0.0,0.0,0.0,5802.693389435131,727.4217482,30259297.804085962
7710,0.0,0.0,1000.0,0.0,0.0,0.0,4763.624395253919,727.4217482,30259297.804085962
7711,0.0,0.0,1000.0,0.0,0.0,0.0,3724.5554010727064,647.5187482,30259297.804085962
7712,0.0,0.0,1000.0,0.0,0.0,0.0,2685.486406891494,647.5187482,30259297.804085962
7713,0.0,0.0,1000.0,0.0,0.0,0.0,1646.4174127102815,647.5187482,30259297.804085962
7714,0.0,1962.335047330039,0.0,1962.335047330039,0.0,962.3350473300391,2572.5686622606954,643.5187482,30259297.804085962
7715,0.0,3464.7669035485983,0.0,3464.7669035485983,0.0,2464.7669035485983,4944.660330235871,643.5187482,30259297.804085962
7716,0.0,3907.4484106829696,0.0,3907.4484106829696,0.0,2907.4484106829696,7742.788680677186,643.5187482,30259297.804085962
7717,0.0,4144.501577211932,0.0,4144.501577211932,0.0,3144.5015772119323,10769.056998585875,643.5187482,30259297.804085962
7718,0.0,4273.693869079089,0.0,4273.693869079089,0.0,3273.6938690790894,13919.659978187643,647.5187482,30259297.804085962
7719,0.0,4672.941621751263,0.0,4672.941621751263,0.0,3672.9416217512626,17454.498994961148,647.5187482,30259297.804085962
7720,0.0,4425.735722426411,0.0,4425.735722426411,0.0,3425.7357224264106,20751.427054224423,743.5167482,30259297.804085962
7721,0.0,2654.363303696226,0.0,2654.363303696226,1000.0,654.363303696226,21381.18629770167,952.5187482,30259297.804085962
7722,0.0,1344.2639721300939,0.0,1344.2639721300939,344.2639721300886,0.0,21381.18629770167,952.5187482,30259297.804085962
7723,0.0,0.0,2000.0,0.0,1000.0,0.0,19303.048309339243,952.5187482,30259297.804085962
7724,0.0,0.0,2000.0,0.0,1000.0,0.0,17224.91032097679,952.5187482,30259297.804085962
7725,0.0,0.0,2000.0,0.0,1000.0,0.0,15146.772332614362,952.5187482,30259297.804085962
7726,0.0,0.0,1493.8583182768848,0.0,493.8583182768848,0.0,13594.55047239316,952.5187482,30259297.804085962
7727,0.0,0.0,2000.0,0.0,1000.0,0.0,11516.412484030732,952.5187482,30259297.804085962
7728,0.0,0.0,1000.0,0.0,0.0,0.0,10477.343489849518,727.4217482,30259297.804085962
7729,0.0,0.0,1000.0,0.0,0.0,0.0,9438.274495668305,943.7547771,30259297.804085962
7730,0.0,0.0,1000.0,0.0,0.0,0.0,8399.205501487091,932.7547771,30259297.804085962
7731,0.0,0.0,1000.0,0.0,0.0,0.0,7360.136507305878,932.7547771,30259297.804085962
7732,0.0,0.0,1000.0,0.0,0.0,0.0,6321.067513124664,932.7547771,30259297.804085962
7733,0.0,0.0,1000.0,0.0,0.0,0.0,5281.998518943451,724.7837771,30259297.804085962
7734,0.0,0.0,1000.0,0.0,0.0,0.0,4242.929524762238,724.7837771,30259297.804085962
7735,0.0,0.0,1000.0,0.0,0.0,0.0,3203.8605305810242,652.7547771,30259297.804085962
7736,0.0,0.0,1000.0,0.0,0.0,0.0,2164.7915363998104,648.7547771,30259297.804085962
7737,0.0,0.0,1000.0,0.0,0.0,0.0,1125.7225422185968,648.7547771,30259297.804085962
7738,0.0,2125.0752234382144,0.0,2125.0752234382235,1000.0,125.0752234382146,1246.0949372555347,648.7547771,30259297.804085962
7739,0.0,4322.654689548965,0.0,4322.654689548988,1000.0,2322.6546895489646,3481.4178104774574,652.7547771,30259297.804085962
7740,0.0,5868.52030022974,0.0,5868.520300229745,1000.0,3868.5203002297403,7204.48174741856,652.7547771,30259297.804085962
7741,0.0,5941.8547870314615,0.0,6582.223918240283,1000.0,3941.854787031462,10998.122794457635,652.7547771,30259297.804085962
7742,0.0,5941.8547870314615,0.0,6244.865105385653,1000.0,3941.854787031462,14791.763841496715,652.7547771,30259297.804085962
7743,0.0,5509.69962480462,0.0,5509.699624804644,1000.0,3509.69962480462,18169.498760408682,724.7837771,30259297.804085962
7744,0.0,4375.6244092164725,0.0,4375.62440921651,1000.0,2375.6244092164725,20455.799691838616,942.7547771,30259297.804085962
7745,0.0,2969.3771927626003,0.0,3001.667265779187,1000.0,969.3771927626003,21388.72830215334,942.7547771,30259297.804085962
7746,0.0,1222.6387846822445,0.0,1222.6387846822445,222.63878468223993,0.0,21388.72830215334,942.7547771,30259297.804085962
7747,0.0,0.0,1501.1167433611963,0.0,501.1167433611963,0.0,19828.96443748044,943.7547771,30259297.804085962
7748,0.0,0.0,2000.0,0.0,1000.0,0.0,17750.826449118016,952.7547771,30259297.804085962
7749,0.0,0.0,2000.0,0.0,1000.0,0.0,15672.688460755588,944.7547771,30259297.804085962
7750,0.0,0.0,2000.0,0.0,1000.0,0.0,13594.55047239316,943.7547771,30259297.804085962
7751,0.0,0.0,2000.0,0.0,1000.0,0.0,11516.412484030734,944.7547771,30259297.804085962
7752,0.0,0.0,1000.0,0.0,0.0,0.0,10477.34348984952,932.7547771,30259297.804085962
7753,0.0,0.0,1000.0,0.0,0.0,0.0,9438.274495668305,752.7425665,30259297.804085962
7754,0.0,0.0,1000.0,0.0,0.0,0.0,8399.205501487091,752.7425665,30259297.804085962
7755,0.0,0.0,1000.0,0.0,0.0,0.0,7360.136507305878,747.7425665,30259297.804085962
7756,0.0,0.0,1000.0,0.0,0.0,0.0,6321.067513124664,747.7425665,30259297.804085962
7757,0.0,0.0,1000.0,0.0,0.0,0.0,5281.998518943451,747.7425665,30259297.804085962
7758,0.0,0.0,1000.0,0.0,0.0,0.0,4242.929524762238,747.7425665,30259297.804085962
7759,0.0,0.0,1000.0,0.0,0.0,0.0,3203.8605305810242,747.7425665,30259297.804085962
7760,0.0,0.0,1000.0,0.0,0.0,0.0,2164.7915363998104,677.7425665,30259297.804085962
7761,0.0,0.0,1000.0,0.0,0.0,0.0,1125.7225422185968,677.7425665,30259297.804085962
7762,0.0,1803.53261532915,0.0,1803.53261532915,0.0,803.5326153291501,1899.0423312113708,677.7425665,30259297.804085962
7763,0.0,2972.33585303571,0.0,2972.33585303571,0.0,1972.33585303571,3797.2183561729325,677.7425665,30259297.804085962
7764,0.0,4208.234859224324,0.0,4208.234859224324,0.0,3208.2348592243243,6884.823584690399,677.7425665,30259297.804085962
7765,0.0,4976.610206381314,0.0,4976.610206381314,34.75541934987996,3941.854787031461,10678.464631729468,692.2485665,30259297.804085962
7766,0.0,5384.166349654527,0.0,5384.166349654527,442.31156262304285,3941.854787031461,14472.105678768537,747.7425665,30259297.804085962
7767,0.0,4700.778597315737,0.0,4700.778597315737,0.0,3700.778597315737,18033.735000825196,747.7425665,30259297.804085962
7768,0.0,3942.935521840249,0.0,3942.935521840249,0.0,2942.935521840249,20866.016147044225,752.7425665,30259297.804085962
7769,0.0,2543.1339932555416,0.0,2543.1339932555416,1000.0,543.1339932555416,21388.72830215334,926.7425665,30259297.804085962
7770,0.0,954.8309233211311,45.16907667886892,954.8309233211311,0.0,0.0,21341.794515080528,926.7425665,30259297.804085962
7771,0.0,0.0,2000.0,0.0,1000.0,0.0,19263.656526718096,943.7425665,30259297.804085962
7772,0.0,0.0,1574.7339215191382,0.0,574.7339215191382,0.0,17627.39933478218,943.7425665,30259297.804085962
7773,0.0,0.0,2000.0,0.0,1000.0,0.0,15549.261346419753,943.7425665,30259297.804085962
7774,0.0,0.0,1000.0,0.0,0.0,0.0,14510.19235223854,942.7425665,30259297.804085962
7775,0.0,0.0,1000.0,0.0,0.0,0.0,13471.123358057328,926.7425665,30259297.804085962
7776,0.0,0.0,1000.0,0.0,0.0,0.0,12432.054363876112,752.7425665,30259297.804085962
7777,0.0,0.0,1000.0,0.0,0.0,0.0,11392.9853696949,691.6212932,30259297.804085962
7778,0.0,0.0,1000.0,0.0,0.0,0.0,10353.916375513683,642.5102932,30259297.804085962
7779,0.0,0.0,1000.0,0.0,0.0,0.0,9314.84738133247,642.5102932,30259297.804085962
7780,0.0,0.0,1000.0,0.0,0.0,0.0,8275.778387151258,642.5102932,30259297.804085962
7781,0.0,0.0,1000.0,0.0,0.0,0.0,7236.709392970044,642.5102932,30259297.804085962
7782,0.0,0.0,1000.0,0.0,0.0,0.0,6197.640398788831,691.6212932,30259297.804085962
7783,0.0,0.0,1000.0,0.0,0.0,0.0,5158.571404607617,733.5082932,30259297.804085962
7784,0.0,0.0,1000.0,0.0,0.0,0.0,4119.502410426403,691.6212932,30259297.804085962
7785,0.0,0.0,1000.0,0.0,0.0,0.0,3080.4334162451896,642.5102932,30259297.804085962
7786,0.0,1858.3822603705007,0.0,1858.3822603705007,0.0,858.3822603705007,3906.540503625758,642.5102932,30259297.804085962
7787,0.0,2956.958499985819,0.0,2956.958499985819,0.0,1956.958499985819,5789.917364012217,642.5102932,30259297.804085962
7788,0.0,4306.239531337619,0.0,4306.239531337619,0.0,3306.239531337619,8971.84228897153,642.5102932,30259297.804085962
7789,0.0,4300.14314573387,0.0,4300.14314573387,0.0,3300.1431457338704,12147.900052425917,642.5102932,30259297.804085962
7790,0.0,4866.270441612234,0.0,4866.270441612234,0.0,3866.270441612234,15868.798725433473,642.5102932,30259297.804085962
7791,0.0,4797.650568278519,0.0,4797.650568278519,1000.0,2797.650568278519,18561.25763234473,942.5102932,30259297.804085962
7792,0.0,4496.870057778748,0.0,4496.870057778748,1000.0,2496.8700577787477,20964.245375951024,942.5102932,30259297.804085962
7793,0.0,2441.067047176154,0.0,2441.067047176154,1000.0,441.0670471761541,21388.72830215334,942.5102932,30259297.804085962
7794,0.0,946.8131136582524,53.186886341747595,946.8131136582524,0.0,0.0,21333.46345765859,947.5102932,30259297.804085962
7795,0.0,0.0,1000.0,0.0,0.0,0.0,20294.394463477376,962.5102932,30259297.804085962
7796,0.0,0.0,1000.0,0.0,0.0,0.0,19255.325469296164,962.5102932,30259297.804085962
7797,0.0,0.0,1000.0,0.0,0.0,0.0,18216.256475114948,962.5102932,30259297.804085962
7798,0.0,0.0,1000.0,0.0,0.0,0.0,17177.187480933735,962.5102932,30259297.804085962
7799,0.0,0.0,1000.0,0.0,0.0,0.0,16138.11848675252,947.5102932,30259297.804085962
7800,0.0,0.0,1000.0,0.0,0.0,0.0,15099.049492571306,942.5102932,30259297.804085962
7801,0.0,0.0,1000.0,0.0,0.0,0.0,14059.980498390092,932.143955,30259297.804085962
7802,0.0,0.0,1000.0,0.0,0.0,0.0,13020.911504208878,932.143955,30259297.804085962
7803,0.0,0.0,1000.0,0.0,0.0,0.0,11981.842510027665,932.143955,30259297.804085962
7804,0.0,0.0,1000.0,0.0,0.0,0.0,10942.773515846451,932.143955,30259297.804085962
7805,0.0,0.0,1000.0,0.0,0.0,0.0,9903.704521665237,932.143955,30259297.804085962
7806,0.0,0.0,1000.0,0.0,0.0,0.0,8864.635527484024,932.143955,30259297.804085962
7807,0.0,0.0,1000.0,0.0,0.0,0.0,7825.56653330281,932.143955,30259297.804085962
7808,0.0,0.0,1000.0,0.0,0.0,0.0,6786.497539121597,926.143955,30259297.804085962
7809,0.0,0.0,1000.0,0.0,0.0,0.0,5747.428544940383,932.143955,30259297.804085962
7810,0.0,1844.4281894092837,0.0,1844.4281894092837,0.0,844.4281894092837,6560.106234427891,691.023955,30259297.804085962
7811,0.0,3702.9646247759792,0.0,3702.9646247759792,971.6809340225689,1731.2836907533929,8226.293658408802,926.143955,30259297.804085962
7812,0.0,4721.161144771798,0.0,4721.161144771798,1000.0,2721.161144771798,10845.139144137269,932.143955,30259297.804085962
7813,0.0,5423.6742248249675,0.0,5423.6742248249675,1000.0,3423.6742248249675,14140.083218108863,932.143955,30259297.804085962
7814,0.0,4862.4631766729535,0.0,4862.4631766729535,1000.0,2862.4631766729535,16894.917779338837,932.143955,30259297.804085962
7815,0.0,4391.238979703723,0.0,4391.238979703723,1000.0,2391.238979703723,19196.246173405787,932.143955,30259297.804085962
7816,0.0,3726.241184403903,0.0,3726.241184403903,1000.0,1726.241184403903,20857.580689276132,941.143955,30259297.804085962
7817,0.0,2551.8990158741058,0.0,2551.8990158741058,1000.0,551.8990158741058,21388.72830215334,942.143955,30259297.804085962
7818,0.0,1188.3318226699944,811.6681773300079,1188.3318226699944,1000.0,0.0,20545.34906552615,1042.143955,30259297.804085962
7819,0.0,0.0,2000.0,0.0,1000.0,0.0,18467.21107716372,1042.143955,30259297.804085962
7820,0.0,0.0,2000.0,0.0,1000.0,0.0,16389.07308880129,1047.143955,30259297.804085962
7821,0.0,0.0,2000.0,0.0,1000.0,0.0,14310.935100438865,1047.143955,30259297.804085962
7822,0.0,0.0,1689.4485660311852,0.0,689.4485660311852,0.0,12555.481478211947,1042.143955,30259297.804085962
7823,0.0,0.0,1000.0,0.0,0.0,0.0,11516.412484030732,942.143955,30259297.804085962
7824,0.0,0.0,1000.0,0.0,0.0,0.0,10477.34348984952,941.143955,30259297.804085962
7825,0.0,0.0,1000.0,0.0,0.0,0.0,9438.274495668305,932.1586613,30259297.804085962
7826,0.0,0.0,1000.0,0.0,0.0,0.0,8399.205501487091,932.1586613,30259297.804085962
7827,0.0,0.0,1000.0,0.0,0.0,0.0,7360.136507305878,932.1586613,30259297.804085962
7828,0.0,0.0,1000.0,0.0,0.0,0.0,6321.067513124664,932.1586613,30259297.804085962
7829,0.0,0.0,1000.0,0.0,0.0,0.0,5281.998518943451,932.1586613,30259297.804085962
7830,0.0,0.0,1000.0,0.0,0.0,0.0,4242.929524762238,932.1586613,30259297.804085962
7831,0.0,0.0,1000.0,0.0,0.0,0.0,3203.8605305810242,932.1586613,30259297.804085962
7832,0.0,0.0,1000.0,0.0,0.0,0.0,2164.7915363998104,932.1586613,30259297.804085962
7833,0.0,0.0,1000.0,0.0,0.0,0.0,1125.7225422185968,932.1586613,30259297.804085962
7834,0.0,2187.0649860187536,0.0,2187.0649860187536,1000.0,187.06498601875364,1305.7538847630494,932.1586613,30259297.804085962
7835,0.0,3950.5797193914696,0.0,3950.5797193914696,1000.0,1950.5797193914696,3182.991806705366,932.1586613,30259297.804085962
7836,0.0,4742.682320152322,0.0,4742.682320152322,1000.0,2742.682320152322,5822.549271619937,932.1586613,30259297.804085962
7837,0.0,5941.8547870314615,0.0,6318.128437097047,1000.0,3941.854787031461,9616.190318658968,922.1586613,30259297.804085962
7838,0.0,5941.8547870314615,0.0,6380.640060011478,1000.0,3941.854787031461,13409.831365698046,932.1586613,30259297.804085962
7839,0.0,5561.512936225843,0.0,5561.512936225843,1000.0,3561.512936225843,16837.4314155218,932.1586613,30259297.804085962
7840,0.0,4775.227982410852,0.0,4775.227982410852,1000.0,2775.227982410852,19508.310825794033,952.1586613,30259297.804085962
7841,0.0,3076.294566769201,0.0,3076.294566769201,1000.0,1076.294566769201,20544.136716852685,1012.158661,30259297.804085962
7842,0.0,1317.48852009054,682.5114799094599,1317.48852009054,1000.0,0.0,19834.960199906032,1012.158661,30259297.804085962
7843,0.0,0.0,2000.0,0.0,1000.0,0.0,17756.822211543607,1092.158661,30259297.804085962
7844,0.0,0.0,2000.0,0.0,1000.0,0.0,15678.684223181177,1097.158661,30259297.804085962
7845,0.0,0.0,2000.0,0.0,1000.0,0.0,13600.54623481875,1092.158661,30259297.804085962
7846,0.0,0.0,1005.7703217583864,0.0,5.770321758386424,0.0,12555.481478211947,952.1586613,30259297.804085962
7847,0.0,0.0,1000.0,0.0,0.0,0.0,11516.412484030732,937.1586613,30259297.804085962
7848,0.0,0.0,1000.0,0.0,0.0,0.0,10477.34348984952,932.1586613,30259297.804085962
7849,0.0,0.0,1000.0,0.0,0.0,0.0,9438.274495668305,883.4438721,30259297.804085962
7850,0.0,0.0,1000.0,0.0,0.0,0.0,8399.205501487091,842.4438721,30259297.804085962
7851,0.0,0.0,1000.0,0.0,0.0,0.0,7360.136507305878,842.4438721,30259297.804085962
7852,0.0,0.0,1000.0,0.0,0.0,0.0,6321.067513124664,842.4438721,30259297.804085962
7853,0.0,0.0,1000.0,0.0,0.0,0.0,5281.998518943451,842.4438721,30259297.804085962
7854,0.0,0.0,1000.0,0.0,0.0,0.0,4242.929524762238,883.4438721,30259297.804085962
7855,0.0,0.0,1000.0,0.0,0.0,0.0,3203.8605305810242,853.6028721,30259297.804085962
7856,0.0,0.0,1000.0,0.0,0.0,0.0,2164.7915363998104,842.4438721,30259297.804085962
7857,0.0,0.0,1000.0,0.0,0.0,0.0,1125.7225422185968,688.1258721,30259297.804085962
7858,0.0,1859.8826355910871,0.0,1859.8826355910871,0.0,859.8826355910871,1953.2735907114693,642.4438721,30259297.804085962
7859,0.0,3697.4079136308833,0.0,3697.4079136308833,0.0,2697.4079136308833,4549.258966789843,642.4438721,30259297.804085962
7860,0.0,5059.273108623697,0.0,5059.273108623697,1000.0,3059.273108623697,7493.503406529315,842.4438721,30259297.804085962
7861,0.0,5753.080456333093,0.0,5753.080456333093,811.2256693016388,3941.854787031461,11287.144453568384,688.1258721,30259297.804085962
7862,0.0,5353.577694634108,0.0,5353.577694634108,844.4956768994452,3509.082017734647,14664.2849874362,692.4438721,30259297.804085962
7863,0.0,5855.971719767711,0.0,5855.971719767711,1000.0,3855.971719767711,18375.272170540702,883.4438721,30259297.804085962
7864,0.0,4097.853584502313,0.0,4097.853584502313,1000.0,2097.8535845023134,20394.246460265742,883.4438721,30259297.804085962
7865,0.0,3033.3352471816474,0.0,3033.3352471816474,1000.0,1033.3352471816474,21388.72830215334,912.4438721,30259297.804085962
7866,0.0,1112.9454326411264,501.1167433611954,1112.9454326411264,614.0621760023278,0.0,20868.033431661657,937.4438721,30259297.804085962
7867,0.0,0.0,2000.0,0.0,1000.0,0.0,18789.89544329923,952.4438721,30259297.804085962
7868,0.0,0.0,2000.0,0.0,1000.0,0.0,16711.757454936804,1012.443872,30259297.804085962
7869,0.0,0.0,2000.0,0.0,1000.0,0.0,14633.619466574375,1012.443872,30259297.804085962
7870,0.0,0.0,2000.0,0.0,1000.0,0.0,12555.481478211948,952.4438721,30259297.804085962
7871,0.0,0.0,1000.0,0.0,0.0,0.0,11516.412484030734,912.4438721,30259297.804085962
7872,0.0,0.0,1000.0,0.0,0.0,0.0,10477.34348984952,883.4438721,30259297.804085962
7873,0.0,0.0,1000.0,0.0,0.0,0.0,9438.274495668305,692.5104246,30259297.804085962
7874,0.0,0.0,1000.0,0.0,0.0,0.0,8399.205501487091,686.0394246,30259297.804085962
7875,0.0,0.0,1000.0,0.0,0.0,0.0,7360.136507305878,686.0394246,30259297.804085962
7876,0.0,0.0,1000.0,0.0,0.0,0.0,6321.067513124664,686.0394246,30259297.804085962
7877,0.0,0.0,1000.0,0.0,0.0,0.0,5281.998518943451,696.0394246,30259297.804085962
7878,0.0,0.0,1000.0,0.0,0.0,0.0,4242.929524762238,646.0394246,30259297.804085962
7879,0.0,0.0,1000.0,0.0,0.0,0.0,3203.8605305810242,646.0394246,30259297.804085962
7880,0.0,0.0,1000.0,0.0,0.0,0.0,2164.7915363998104,636.0394246,30259297.804085962
7881,0.0,0.0,1000.0,0.0,0.0,0.0,1125.7225422185968,313.7534246,30259297.804085962
7882,0.0,1922.7204338902902,0.0,1922.7204338902902,0.0,922.7204338902902,2013.7486877946212,296.0394246,30259297.804085962
7883,0.0,3536.3163609655267,0.0,3536.3163609655267,0.0,2536.3163609655267,4454.699553587852,296.0394246,30259297.804085962
7884,0.0,5314.645065833669,0.0,5314.645065833669,372.7902788021893,3941.854787031461,8248.340600626943,626.7834246,30259297.804085962
7885,0.0,5580.644190714176,0.0,5580.644190714176,665.9073804669606,3914.7368102471996,12015.883306808848,636.0394246,30259297.804085962
7886,0.0,4996.880077526481,0.0,4996.880077526481,55.02529049501754,3941.854787031461,15809.524353847926,636.0394246,30259297.804085962
7887,0.0,4549.104418038491,0.0,4549.104418038491,0.0,3549.104418038478,19225.18244576815,636.0394246,30259297.804085962
7888,0.0,3665.793306996892,0.0,3665.793306996892,1000.0,1665.7933069968922,20828.341924421955,646.0394246,30259297.804085962
7889,0.0,2582.280109862229,0.0,2582.280109862229,1000.0,582.280109862229,21388.72830215334,776.0394246,30259297.804085962
7890,0.0,1102.9409593351104,0.0,1102.9409593351104,102.94095933510107,0.0,21388.728302153344,776.0394246,30259297.804085962
7891,0.0,0.0,2000.0,0.0,1000.0,0.0,19310.59031379092,936.0394246,30259297.804085962
7892,0.0,0.0,2000.0,0.0,1000.0,0.0,17232.45232542849,936.0394246,30259297.804085962
7893,0.0,0.0,2000.0,0.0,1000.0,0.0,15154.314337066062,936.0394246,30259297.804085962
7894,0.0,0.0,2000.0,0.0,1000.0,0.0,13076.176348703635,881.0394246,30259297.804085962
7895,0.0,0.0,1000.0,0.0,0.0,0.0,12037.107354522417,776.0394246,30259297.804085962
7896,0.0,0.0,1501.1167433611977,0.0,501.11674336119756,0.0,10477.343489849518,776.0394246,30259297.804085962
7897,0.0,0.0,1000.0,0.0,0.0,0.0,9438.274495668304,656.4704237,30259297.804085962
7898,0.0,0.0,1000.0,0.0,0.0,0.0,8399.205501487091,656.4704237,30259297.804085962
7899,0.0,0.0,1000.0,0.0,0.0,0.0,7360.136507305878,646.4704237,30259297.804085962
7900,0.0,0.0,1000.0,0.0,0.0,0.0,6321.067513124664,646.4704237,30259297.804085962
7901,0.0,0.0,1000.0,0.0,0.0,0.0,5281.998518943451,646.4704237,30259297.804085962
7902,0.0,0.0,1000.0,0.0,0.0,0.0,4242.929524762238,646.4704237,30259297.804085962
7903,0.0,0.0,1000.0,0.0,0.0,0.0,3203.8605305810242,616.4704237,30259297.804085962
7904,0.0,0.0,1000.0,0.0,0.0,0.0,2164.7915363998104,156.4704237,30259297.804085962
7905,0.0,0.0,1000.0,0.0,0.0,0.0,1125.7225422185968,156.4704237,30259297.804085962
7906,0.0,1867.586134684731,0.0,1867.586134684731,0.0,867.586134684731,1960.6874382391688,156.4704237,30259297.804085962
7907,0.0,3372.90606503357,0.0,3372.90606503357,0.0,2372.90606503357,4244.372235227493,156.4704237,30259297.804085962
7908,0.0,4966.445620037519,0.0,4966.445620037519,24.590833006077446,3941.854787031461,8038.013282266553,156.4704237,30259297.804085962
7909,0.0,5547.956195739726,0.0,5547.956195739726,606.1014087082876,3941.854787031461,11831.654329305631,301.2064237,30259297.804085962
7910,0.0,5647.656939290366,0.0,5647.656939290366,855.6446936360444,3792.0122456543218,15481.08691452333,616.4704237,30259297.804085962
7911,0.0,5266.858456467216,0.0,5266.858456467216,1000.0,3266.8584564672155,18625.111493027274,646.4704237,30259297.804085962
7912,0.0,4078.77570478245,0.0,4078.77570478245,1000.0,2078.77570478245,20625.72523130993,656.4704237,30259297.804085962
7913,0.0,2792.812833378451,0.0,2792.812833378451,1000.0,792.8128333784512,21388.72830215334,656.4704237,30259297.804085962
7914,0.0,1151.249451570726,0.0,1151.249451570726,151.24945157072216,-0.0,21388.72830215334,694.8674237,30259297.804085962
7915,0.0,0.0,2000.0,0.0,1000.0,0.0,19310.59031379091,786.4704237,30259297.804085962
7916,0.0,0.0,2000.0,0.0,1000.0,0.0,17232.452325428487,796.4704237,30259297.804085962
7917,0.0,0.0,2000.0,0.0,1000.0,0.0,15154.314337066058,786.4704237,30259297.804085962
7918,0.0,0.0,2000.0,0.0,1000.0,0.0,13076.176348703631,786.4704237,30259297.804085962
7919,0.0,0.0,1501.1167433611954,0.0,501.1167433611954,0.0,11516.412484030732,776.4704237,30259297.804085962
7920,0.0,0.0,1000.0,0.0,0.0,0.0,10477.343489849518,656.4704237,30259297.804085962
7921,0.0,0.0,1000.0,0.0,0.0,0.0,9438.274495668305,593.8203023,30259297.804085962
7922,0.0,0.0,1000.0,0.0,0.0,0.0,8399.205501487091,593.8203023,30259297.804085962
7923,0.0,0.0,1000.0,0.0,0.0,0.0,7360.136507305878,592.8203023,30259297.804085962
7924,0.0,0.0,1000.0,0.0,0.0,0.0,6321.067513124664,592.8203023,30259297.804085962
7925,0.0,0.0,1000.0,0.0,0.0,0.0,5281.998518943451,593.8203023,30259297.804085962
7926,0.0,0.0,1000.0,0.0,0.0,0.0,4242.929524762238,593.8203023,30259297.804085962
7927,0.0,0.0,1000.0,0.0,0.0,0.0,3203.8605305810242,593.8203023,30259297.804085962
7928,0.0,0.0,1000.0,0.0,0.0,0.0,2164.7915363998104,593.8203023,30259297.804085962
7929,0.0,0.0,1000.0,0.0,0.0,0.0,1125.7225422185968,593.8203023,30259297.804085962
7930,0.0,1762.8208839178687,0.0,1762.8208839178687,762.820883917871,0.0,1125.7225422185968,593.8203023,30259297.804085962
7931,0.0,3505.8759654349806,0.0,3505.8759654349806,0.0,2505.8759654349706,3537.3775713531722,593.8203023,30259297.804085962
7932,0.0,5528.824941251393,0.0,5528.824941251393,751.814177361735,3777.0107638896734,7172.372730520594,593.8203023,30259297.804085962
7933,0.0,5941.8547870314615,0.0,6426.849212293063,1000.0,3941.854787031461,10966.013777559672,593.8203023,30259297.804085962
7934,0.0,5941.8547870314615,0.0,6002.919420761414,1000.0,3941.854787031461,14759.65482459875,593.8203023,30259297.804085962
7935,0.0,5381.207120433918,0.0,5381.207120433918,1000.0,3381.2071204339154,18013.728557304363,593.8203023,30259297.804085962
7936,0.0,4391.796434484235,0.0,4391.796434484235,1000.0,2391.796434484235,20315.593445851948,643.8203023,30259297.804085962
7937,0.0,3115.0611557579086,0.0,3115.0611557579086,1000.0,1115.0611557579086,21388.72830215334,643.8203023,30259297.804085962
7938,0.0,1066.7422184011252,326.23707772680063,1066.7422184011252,392.97929612792495,0.0,21049.745469935136,683.8203023,30259297.804085962
7939,0.0,0.0,2000.0,0.0,1000.0,0.0,18971.60748157271,713.8203023,30259297.804085962
7940,0.0,0.0,2000.0,0.0,1000.0,0.0,16893.469493210283,713.8203023,30259297.804085962
7941,0.0,0.0,2000.0,0.0,1000.0,0.0,14815.331504847854,713.8203023,30259297.804085962
7942,0.0,0.0,2000.0,0.0,1000.0,0.0,12737.193516485395,683.8203023,30259297.804085962
7943,0.0,0.0,1000.0,0.0,0.0,0.0,11698.12452230418,673.8203023,30259297.804085962
7944,0.0,0.0,1000.0,0.0,0.0,0.0,10659.055528122968,613.8203023,30259297.804085962
7945,0.0,0.0,1000.0,0.0,0.0,0.0,9619.986533941754,644.0543309,30259297.804085962
7946,0.0,0.0,1000.0,0.0,0.0,0.0,8580.91753976054,644.0543309,30259297.804085962
7947,0.0,0.0,1000.0,0.0,0.0,0.0,7541.848545579326,644.0543309,30259297.804085962
7948,0.0,0.0,1000.0,0.0,0.0,0.0,6502.779551398113,644.0543309,30259297.804085962
7949,0.0,0.0,1000.0,0.0,0.0,0.0,5463.710557216899,644.0543309,30259297.804085962
7950,0.0,0.0,1000.0,0.0,0.0,0.0,4424.641563035686,644.5543309,30259297.804085962
7951,0.0,0.0,1000.0,0.0,0.0,0.0,3385.572568854472,644.0543309,30259297.804085962
7952,0.0,0.0,1000.0,0.0,0.0,0.0,2346.5035746732583,604.0543309,30259297.804085962
7953,0.0,0.0,1000.0,0.0,0.0,0.0,1307.434580492045,604.0543309,30259297.804085962
7954,0.0,1728.2885580162017,0.0,1728.2885580162017,0.0,728.2885580162017,2008.3394887268369,604.0543309,30259297.804085962
7955,0.0,3871.030243901152,0.0,3871.030243901152,0.0,2871.030243901152,4771.418995457294,604.0543309,30259297.804085962
7956,0.0,4544.004338910919,0.0,4544.004338910919,0.0,3544.0043389109187,8182.168771225144,604.0543309,30259297.804085962
7957,0.0,5249.9451450177585,0.0,5249.9451450177585,308.09035798630794,3941.854787031461,11975.809818264213,604.0543309,30259297.804085962
7958,0.0,5264.46259753344,0.0,5264.46259753344,1000.0,3264.46259753344,15117.52862213034,644.0543309,30259297.804085962
7959,0.0,5076.595604096161,0.0,5076.595604096161,1000.0,3076.595604096161,18078.444231512432,654.0543309,30259297.804085962
7960,0.0,4238.159309927293,0.0,4238.159309927293,1000.0,2238.159309927293,20232.44875138646,654.0543309,30259297.804085962
7961,0.0,3201.45422980766,0.0,3201.45422980766,1000.0,1201.4542298076599,21388.72830215334,654.0543309,30259297.804085962
7962,0.0,1096.4175981188648,0.0,1096.4175981188648,96.41759811886004,0.0,21388.72830215334,691.0643309,30259297.804085962
7963,0.0,0.0,2000.0,0.0,1000.0,0.0,19310.59031379091,954.0543309,30259297.804085962
7964,0.0,0.0,2000.0,0.0,1000.0,0.0,17232.452325428487,984.0543309,30259297.804085962
7965,0.0,0.0,2000.0,0.0,1000.0,0.0,15154.314337066058,1164.054331,30259297.804085962
7966,0.0,0.0,2000.0,0.0,1000.0,0.0,13076.176348703631,943.0543309,30259297.804085962
7967,0.0,0.0,1000.0,0.0,0.0,0.0,12037.107354522417,674.0543309,30259297.804085962
7968,0.0,0.0,1000.0,0.0,0.0,0.0,10998.038360341203,654.0543309,30259297.804085962
7969,0.0,0.0,1000.0,0.0,0.0,0.0,9958.969366159989,662.8000925,30259297.804085962
7970,0.0,0.0,1000.0,0.0,0.0,0.0,8919.900371978774,643.3000925,30259297.804085962
7971,0.0,0.0,1000.0,0.0,0.0,0.0,7880.83137779756,643.0000925,30259297.804085962
7972,0.0,0.0,1000.0,0.0,0.0,0.0,6841.762383616346,643.3000925,30259297.804085962
7973,0.0,0.0,1000.0,0.0,0.0,0.0,5802.693389435131,643.3000925,30259297.804085962
7974,0.0,0.0,1000.0,0.0,0.0,0.0,4763.624395253919,662.8000925,30259297.804085962
7975,0.0,0.0,1000.0,0.0,0.0,0.0,3724.5554010727064,643.3000925,30259297.804085962
7976,0.0,0.0,1000.0,0.0,0.0,0.0,2685.486406891494,643.0000925,30259297.804085962
7977,0.0,0.0,1000.0,0.0,0.0,0.0,1646.4174127102815,643.0000925,30259297.804085962
7978,0.0,1814.0886053740933,0.0,1814.0886053740933,665.3754776786604,148.71312769543147,1789.5389268043655,643.0000925,30259297.804085962
7979,0.0,3195.5535516883006,0.0,3195.5535516883006,0.0,2195.5535516882956,3902.5396649491036,643.0000925,30259297.804085962
7980,0.0,4259.051875436978,0.0,4259.051875436978,0.0,3259.0518754369696,7039.051189869643,643.0000925,30259297.804085962
7981,0.0,5506.331189025766,0.0,5506.331189025766,564.4764019942933,3941.8547870314505,10832.692236908711,643.0000925,30259297.804085962
7982,0.0,5471.016066989434,0.0,5471.016066989434,529.161279957977,3941.8547870314505,14626.33328394778,643.0000925,30259297.804085962
7983,0.0,4857.39866945673,0.0,4857.39866945673,0.0,3857.3986694567234,18338.693763432908,643.0000925,30259297.804085962
7984,0.0,4120.863270287888,0.0,4120.863270287888,1000.0,2120.8632702878876,20379.812574758005,662.8000925,30259297.804085962
7985,0.0,3048.3330500782963,0.0,3048.3330500782963,1000.0,1048.3330500782963,21388.72830215334,672.8000925,30259297.804085962
7986,0.0,1183.2969605911671,0.0,1183.2969605911671,183.29696059115668,-0.0,21388.72830215334,742.8000925,30259297.804085962
7987,0.0,0.0,2000.0,0.0,1000.0,0.0,19310.59031379091,1002.800093,30259297.804085962
7988,0.0,0.0,2000.0,0.0,1000.0,0.0,17232.452325428487,1002.800093,30259297.804085962
7989,0.0,0.0,2000.0,0.0,1000.0,0.0,15154.314337066058,1002.800093,30259297.804085962
7990,0.0,0.0,1000.0,0.0,0.0,0.0,14115.245342884846,991.8000925,30259297.804085962
7991,0.0,0.0,1000.0,0.0,0.0,0.0,13076.176348703631,742.8000925,30259297.804085962
7992,0.0,0.0,1000.0,0.0,0.0,0.0,12037.107354522417,689.7720925,30259297.804085962
7993,0.0,0.0,1000.0,0.0,0.0,0.0,10998.038360341203,893.2822547,30259297.804085962
7994,0.0,0.0,1000.0,0.0,0.0,0.0,9958.969366159989,893.2822547,30259297.804085962
7995,0.0,0.0,1000.0,0.0,0.0,0.0,8919.900371978774,893.2822547,30259297.804085962
7996,0.0,0.0,1000.0,0.0,0.0,0.0,7880.83137779756,893.2822547,30259297.804085962
7997,0.0,0.0,1501.1167433611931,0.0,501.116743361193,0.0,6321.067513124666,992.7822547,30259297.804085962
7998,0.0,0.0,1000.0,0.0,0.0,0.0,5281.998518943451,992.7822547,30259297.804085962
7999,0.0,0.0,2000.0,0.0,1000.0,0.0,3203.8605305810242,992.7822547,30259297.804085962
8000,0.0,0.0,1000.0,0.0,0.0,0.0,2164.7915363998104,893.2822547,30259297.804085962
8001,0.0,0.0,1000.0,0.0,0.0,0.0,1125.7225422185968,743.2822547,30259297.804085962
8002,0.0,1719.742949977839,0.0,1719.742949977839,0.0,719.7429499778391,1818.4031572772583,743.2822547,30259297.804085962
8003,0.0,3663.3855945152104,0.0,3663.3855945152104,0.0,2663.385594515188,4381.645453438719,893.2822547,30259297.804085962
8004,0.0,4724.096666896595,0.0,4724.096666896595,0.0,3724.0966668965993,7965.716085660007,893.2822547,30259297.804085962
8005,0.0,5374.51769687068,0.0,5374.51769687068,953.8309379771235,3420.686758893542,11257.785022419152,893.2822547,30259297.804085962
8006,0.0,5596.697590361793,0.0,5596.697590361793,654.8428033303118,3941.8547870314796,15051.426069458248,893.2822547,30259297.804085962
8007,0.0,5941.8547870314615,0.0,5979.1150627580055,1000.0,3941.854787031461,18845.067116497317,992.7822547,30259297.804085962
8008,0.0,4013.6962450809283,0.0,4013.6962450809283,1000.0,2013.6962450809283,20783.04838276324,992.7822547,30259297.804085962
8009,0.0,2629.34322463644,0.0,2629.34322463644,1000.0,629.34322463644,21388.72830215334,1003.282255,30259297.804085962
8010,0.0,1222.8226273510975,0.0,1222.8226273510975,222.82262735108816,0.0,21388.728302153344,1003.282255,30259297.804085962
8011,0.0,0.0,2000.0,0.0,1000.0,0.0,19310.59031379092,1199.282255,30259297.804085962
8012,0.0,0.0,2000.0,0.0,1000.0,0.0,17232.45232542849,1208.282255,30259297.804085962
8013,0.0,0.0,2000.0,0.0,1000.0,0.0,15154.314337066062,1199.282255,30259297.804085962
8014,0.0,0.0,2000.0,0.0,1000.0,0.0,13076.176348703635,1208.282255,30259297.804085962
8015,0.0,0.0,1501.1167433611977,0.0,501.11674336119756,0.0,11516.412484030732,1003.282255,30259297.804085962
8016,0.0,0.0,1000.0,0.0,0.0,0.0,10477.343489849518,992.7822547,30259297.804085962
8017,0.0,0.0,1000.0,0.0,0.0,0.0,9438.274495668305,983.1754845,30259297.804085962
8018,0.0,0.0,1000.0,0.0,0.0,0.0,8399.205501487091,893.1754845,30259297.804085962
8019,0.0,0.0,1000.0,0.0,0.0,0.0,7360.136507305878,973.6754845,30259297.804085962
8020,0.0,0.0,1000.0,0.0,0.0,0.0,6321.067513124664,973.6754845,30259297.804085962
8021,0.0,0.0,1000.0,0.0,0.0,0.0,5281.998518943451,983.1754845,30259297.804085962
8022,0.0,0.0,1000.0,0.0,0.0,0.0,4242.929524762238,983.1754845,30259297.804085962
8023,0.0,0.0,1000.0,0.0,0.0,0.0,3203.8605305810242,983.1754845,30259297.804085962
8024,0.0,0.0,1000.0,0.0,0.0,0.0,2164.7915363998104,893.1754845,30259297.804085962
8025,0.0,0.0,1000.0,0.0,0.0,0.0,1125.7225422185968,893.1754845,30259297.804085962
8026,0.0,1609.6463294200357,0.0,1609.6463294200357,609.6463294200305,0.0,1125.7225422185968,893.1754845,30259297.804085962
8027,0.0,3814.235456437227,0.0,3814.235456437227,75.94241384746493,2738.293042589765,3761.055766406987,893.1754845,30259297.804085962
8028,0.0,5464.575725679054,0.0,5464.575725679054,1000.0,3464.575725679024,7095.36344480048,893.1754845,30259297.804085962
8029,0.0,5941.8547870314615,0.0,6130.374119970662,1000.0,3941.854787031461,10889.004491839558,893.1754845,30259297.804085962
8030,0.0,5850.195571507152,0.0,5850.195571507152,908.3407844756713,3941.8547870314505,14682.645538878627,893.1754845,30259297.804085962
8031,0.0,5230.81982857101,0.0,5230.81982857101,288.96504153954874,3941.8547870314505,18476.286585917696,893.1754845,30259297.804085962
8032,0.0,4092.1604674152495,0.0,4092.1604674152495,1000.0,2092.1604674152495,20489.781819758195,983.1754845,30259297.804085962
8033,0.0,2934.06741728509,0.0,2934.06741728509,1000.0,934.06741728509,21388.72830215334,992.6754845,30259297.804085962
8034,0.0,1225.2066214693361,0.0,1225.2066214693361,225.2066214693332,0.0,21388.72830215334,992.6754845,30259297.804085962
8035,0.0,0.0,2000.0,0.0,1000.0,0.0,19310.59031379091,1107.175484,30259297.804085962
8036,0.0,0.0,2000.0,0.0,1000.0,0.0,17232.452325428487,1163.175484,30259297.804085962
8037,0.0,0.0,2000.0,0.0,1000.0,0.0,15154.314337066058,1107.175484,30259297.804085962
8038,0.0,0.0,2000.0,0.0,1000.0,0.0,13076.176348703631,1108.175484,30259297.804085962
8039,0.0,0.0,1337.1401880916599,0.0,337.1401880916598,0.0,11686.795438384099,992.6754845,30259297.804085962
8040,0.0,0.0,1000.0,0.0,0.0,0.0,10647.726444202885,983.1754845,30259297.804085962
8041,0.0,0.0,1000.0,0.0,0.0,0.0,9608.657450021672,988.9617215,30259297.804085962
8042,0.0,0.0,1000.0,0.0,0.0,0.0,8569.588455840458,988.9617215,30259297.804085962
8043,0.0,0.0,1000.0,0.0,0.0,0.0,7530.519461659244,988.9617215,30259297.804085962
8044,0.0,0.0,1000.0,0.0,0.0,0.0,6491.450467478031,984.4617215,30259297.804085962
8045,0.0,0.0,1000.0,0.0,0.0,0.0,5452.381473296818,988.9617215,30259297.804085962
8046,0.0,0.0,1000.0,0.0,0.0,0.0,4413.312479115604,988.9617215,30259297.804085962
8047,0.0,0.0,1000.0,0.0,0.0,0.0,3374.2434849343904,988.9617215,30259297.804085962
8048,0.0,0.0,1000.0,0.0,0.0,0.0,2335.1744907531765,984.4617215,30259297.804085962
8049,0.0,0.0,1000.0,0.0,0.0,0.0,1296.1054965719632,649.4617215,30259297.804085962
8050,0.0,1813.9462726581735,0.0,1813.9462726581735,0.0,813.9462726581735,2079.447389378198,889.9617215,30259297.804085962
8051,0.0,3234.6937415210355,0.0,3234.6937415210355,0.0,2234.6937415210355,4230.116646217968,889.9617215,30259297.804085962
8052,0.0,4339.496834640485,0.0,4339.496834640485,0.0,3339.496834640485,7444.048399875979,889.9617215,30259297.804085962
8053,0.0,5165.271860768795,0.0,5165.271860768795,223.41707373736426,3941.854787031461,11237.689446915057,889.9617215,30259297.804085962
8054,0.0,5114.140533986906,0.0,5114.140533986906,172.2857469554292,3941.854787031461,15031.330493954127,889.9617215,30259297.804085962
8055,0.0,4983.038682876157,0.0,4983.038682876157,1000.0,2983.0386828761566,17902.206922354177,984.4617215,30259297.804085962
8056,0.0,4151.285874228944,0.0,4151.285874228944,1000.0,2151.2858742289436,19972.604447712132,988.9617215,30259297.804085962
8057,0.0,3471.450389070253,0.0,3471.450389070253,1000.0,1471.450389070253,21388.72830215334,988.9617215,30259297.804085962
8058,0.0,1182.3066034242058,0.0,1182.3066034242058,182.30660342420583,0.0,21388.72830215334,989.4617215,30259297.804085962
8059,0.0,0.0,2000.0,0.0,1000.0,0.0,19310.59031379091,1037.581721,30259297.804085962
8060,0.0,0.0,2000.0,0.0,1000.0,0.0,17232.452325428487,1049.461721,30259297.804085962
8061,0.0,0.0,2000.0,0.0,1000.0,0.0,15154.314337066058,1039.461721,30259297.804085962
8062,0.0,0.0,2000.0,0.0,1000.0,0.0,13076.176348703631,1049.461721,30259297.804085962
8063,0.0,0.0,1501.1167433611954,0.0,501.1167433611954,0.0,11516.412484030732,1014.461721,30259297.804085962
8064,0.0,0.0,1000.0,0.0,0.0,0.0,10477.343489849518,989.4617215,30259297.804085962
8065,0.0,0.0,1000.0,0.0,0.0,0.0,9438.274495668305,941.6191624,30259297.804085962
8066,0.0,0.0,1000.0,0.0,0.0,0.0,8399.205501487091,941.6191624,30259297.804085962
8067,0.0,0.0,1000.0,0.0,0.0,0.0,7360.136507305878,892.1191624,30259297.804085962
8068,0.0,0.0,1000.0,0.0,0.0,0.0,6321.067513124664,892.1191624,30259297.804085962
8069,0.0,0.0,1000.0,0.0,0.0,0.0,5281.998518943451,892.1191624,30259297.804085962
8070,0.0,0.0,1000.0,0.0,0.0,0.0,4242.929524762238,941.6191624,30259297.804085962
8071,0.0,0.0,1000.0,0.0,0.0,0.0,3203.8605305810242,651.6191624,30259297.804085962
8072,0.0,0.0,1000.0,0.0,0.0,0.0,2164.7915363998104,621.6191624,30259297.804085962
8073,0.0,0.0,1000.0,0.0,0.0,0.0,1125.7225422185968,491.6191624,30259297.804085962
8074,0.0,2078.759332887329,0.0,2078.759332887329,928.882876021933,149.87645686537962,1269.9636443058382,240.0991624,30259297.804085962
8075,0.0,4394.008439481527,0.0,4394.008439481527,1000.0,2394.0084394815267,3573.9573664628842,368.8291624,30259297.804085962
8076,0.0,5629.978623295733,0.0,5629.978623295733,1000.0,3629.978623295733,7067.448793522539,491.6191624,30259297.804085962
8077,0.0,5941.8547870314615,0.0,6295.486425381548,1000.0,3941.854787031461,10861.089840561617,491.6191624,30259297.804085962
8078,0.0,5941.8547870314615,0.0,6005.67702699131,1000.0,3941.854787031461,14654.730887600686,621.6191624,30259297.804085962
8079,0.0,4965.550136324329,0.0,4965.550136324329,1000.0,2965.5501363243293,17508.776338799216,621.6191624,30259297.804085962
8080,0.0,4634.513061695234,0.0,4634.513061695234,1000.0,2634.513061695234,20044.231709374697,641.6191624,30259297.804085962
8081,0.0,3397.024722338582,0.0,3397.024722338582,1000.0,1397.0247223385818,21388.72830215334,941.6191624,30259297.804085962
8082,0.0,1226.7603714583925,0.0,1226.7603714583925,226.76037145838927,0.0,21388.72830215334,991.1191624,30259297.804085962
8083,0.0,0.0,1000.0,0.0,0.0,0.0,20349.659307972128,991.1191624,30259297.804085962
8084,0.0,0.0,1000.0,0.0,0.0,0.0,19310.59031379091,991.1191624,30259297.804085962
8085,0.0,0.0,1753.8006366125164,0.0,753.8006366125164,0.0,17488.270450311575,1016.619162,30259297.804085962
8086,0.0,0.0,2000.0,0.0,1000.0,0.0,15410.132461949137,1016.619162,30259297.804085962
8087,0.0,0.0,1000.0,0.0,0.0,0.0,14371.063467767923,991.1191624,30259297.804085962
8088,0.0,0.0,1000.0,0.0,0.0,0.0,13331.99447358671,991.1191624,30259297.804085962
8089,0.0,0.0,1000.0,0.0,0.0,0.0,12292.925479405496,988.6100204,30259297.804085962
8090,0.0,0.0,1000.0,0.0,0.0,0.0,11253.856485224282,988.6100204,30259297.804085962
8091,0.0,0.0,1000.0,0.0,0.0,0.0,10214.78749104307,988.6100204,30259297.804085962
8092,0.0,0.0,1000.0,0.0,0.0,0.0,9175.718496861855,988.6100204,30259297.804085962
8093,0.0,0.0,1000.0,0.0,0.0,0.0,8136.6495026806415,994.1100204,30259297.804085962
8094,0.0,0.0,1000.0,0.0,0.0,0.0,7097.580508499428,988.6100204,30259297.804085962
8095,0.0,0.0,1000.0,0.0,0.0,0.0,6058.511514318214,988.6100204,30259297.804085962
8096,0.0,0.0,1000.0,0.0,0.0,0.0,5019.442520137,988.6100204,30259297.804085962
8097,0.0,0.0,1000.0,0.0,0.0,0.0,3980.373525955787,988.6100204,30259297.804085962
8098,0.0,1589.7856535655067,0.0,1589.7856535655067,589.7856535655067,0.0,3980.373525955787,988.6100204,30259297.804085962
8099,0.0,3425.5021838570647,0.0,3425.5021838570647,1000.0,1425.5021838570647,5352.276827699825,988.6100204,30259297.804085962
8100,0.0,4714.5013888812155,0.0,4714.5013888812155,1000.0,2714.5013888812155,7964.712964359118,988.6100204,30259297.804085962
8101,0.0,5119.916682247466,0.0,5119.916682247466,1000.0,3119.9166822474663,10967.320779354079,988.6100204,30259297.804085962
8102,0.0,5941.8547870314615,0.0,5970.800734115382,1000.0,3941.854787031461,14760.961826393148,988.6100204,30259297.804085962
8103,0.0,5391.525893041538,0.0,5391.525893041538,1000.0,3391.5258930415384,18024.966345856315,994.1100204,30259297.804085962
8104,0.0,4375.754877116893,0.0,4375.754877116893,1000.0,2375.754877116893,20311.392839593624,1000.11002,30259297.804085962
8105,0.0,3119.425875477701,0.0,3119.425875477701,1000.0,1119.425875477701,21388.72830215334,1019.11002,30259297.804085962
8106,0.0,1099.5488164604203,0.0,1099.5488164604203,99.54881646042031,0.0,21388.72830215334,1019.11002,30259297.804085962
8107,0.0,0.0,1370.919327219638,0.0,370.91932721963803,0.0,19964.24853571565,1024.11002,30259297.804085962
8108,0.0,0.0,2000.0,0.0,1000.0,0.0,17886.110547353223,1049.11002,30259297.804085962
8109,0.0,0.0,1000.0,0.0,0.0,0.0,16847.04155317201,1024.11002,30259297.804085962
8110,0.0,0.0,1000.0,0.0,0.0,0.0,15807.972558990796,1024.11002,30259297.804085962
8111,0.0,0.0,1000.0,0.0,0.0,0.0,14768.903564809581,1019.11002,30259297.804085962
8112,0.0,0.0,1000.0,0.0,0.0,0.0,13729.834570628369,994.1100204,30259297.804085962
8113,0.0,0.0,2000.0,0.0,1000.0,0.0,11651.696582265942,1026.346211,30259297.804085962
8114,0.0,0.0,1000.0,0.0,0.0,0.0,10612.627588084728,1023.346211,30259297.804085962
8115,0.0,0.0,1000.0,0.0,0.0,0.0,9573.558593903514,1023.346211,30259297.804085962
8116,0.0,0.0,1000.0,0.0,0.0,0.0,8534.4895997223,798.5532113,30259297.804085962
8117,0.0,0.0,1000.0,0.0,0.0,0.0,7495.420605541087,1020.546211,30259297.804085962
8118,0.0,0.0,2000.0,0.0,1000.0,0.0,5417.282617178659,1026.346211,30259297.804085962
8119,0.0,0.0,2000.0,0.0,1000.0,0.0,3339.144628816232,1026.346211,30259297.804085962
8120,0.0,0.0,1000.0,0.0,0.0,0.0,2300.075634635018,982.3462113,30259297.804085962
8121,0.0,0.0,1000.0,0.0,0.0,0.0,1261.0066404538047,689.2182113,30259297.804085962
8122,0.0,1788.5941027072931,0.0,1788.5941027072931,0.0,788.5941027072931,2019.949604899317,818.4502113,30259297.804085962
8123,0.0,3876.984296788981,0.0,3876.984296788981,1000.0,1876.9842967889808,3826.3592921290547,982.3462113,30259297.804085962
8124,0.0,5361.660743880993,0.0,5361.660743880993,1000.0,3361.6607438809933,7061.621592040106,1023.346211,30259297.804085962
8125,0.0,5941.8547870314615,0.0,6053.2442217775615,1000.0,3941.854787031461,10855.262639079185,132.3462113,30259297.804085962
8126,0.0,5941.8547870314615,0.0,6308.521294266133,1000.0,3941.854787031461,14648.903686118254,1023.346211,30259297.804085962
8127,0.0,5388.092228946285,0.0,5388.092228946285,1000.0,3388.092228946285,17909.603647256212,1026.346211,30259297.804085962
8128,0.0,4583.939189693856,0.0,4583.939189693856,1000.0,2583.939189693856,20396.386723417585,1026.346211,30259297.804085962
8129,0.0,3031.111366101188,0.0,3031.111366101188,1000.0,1031.1113661011882,21388.72830215334,1051.846211,30259297.804085962
8130,0.0,1148.6223132412115,0.0,1148.6223132412115,148.6223132412115,0.0,21388.72830215334,1026.346211,30259297.804085962
8131,0.0,0.0,1902.03917681256,0.0,902.0391768125601,0.0,19412.37836780945,1052.346211,30259297.804085962
8132,0.0,0.0,2000.0,0.0,1000.0,0.0,17334.240379447023,1062.346211,30259297.804085962
8133,0.0,0.0,2000.0,0.0,1000.0,0.0,15256.102391084596,1062.346211,30259297.804085962
8134,0.0,0.0,2000.0,0.0,1000.0,0.0,13177.96440272217,1062.346211,30259297.804085962
8135,0.0,0.0,1000.0,0.0,0.0,0.0,12138.895408540955,1026.346211,30259297.804085962
8136,0.0,0.0,1000.0,0.0,0.0,0.0,11099.82641435974,1026.346211,30259297.804085962
8137,0.0,0.0,1000.0,0.0,0.0,0.0,10060.757420178526,1023.089059,30259297.804085962
8138,0.0,0.0,1000.0,0.0,0.0,0.0,9021.688425997312,1023.089059,30259297.804085962
8139,0.0,0.0,1000.0,0.0,0.0,0.0,7982.619431816099,1023.089059,30259297.804085962
8140,0.0,0.0,1000.0,0.0,0.0,0.0,6943.550437634885,1023.089059,30259297.804085962
8141,0.0,0.0,1000.0,0.0,0.0,0.0,5904.481443453672,1023.089059,30259297.804085962
8142,0.0,0.0,1000.0,0.0,0.0,0.0,4865.412449272459,1023.089059,30259297.804085962
8143,0.0,0.0,1000.0,0.0,0.0,0.0,3826.343455091245,1023.089059,30259297.804085962
8144,0.0,0.0,1000.0,0.0,0.0,0.0,2787.274460910031,1023.089059,30259297.804085962
8145,0.0,0.0,1000.0,0.0,0.0,0.0,1748.2054667288176,1023.089059,30259297.804085962
8146,0.0,1852.4934357990485,0.0,1852.4934357990485,852.4934357990485,0.0,1748.2054667288176,1023.089059,30259297.804085962
8147,0.0,4093.9158516626494,0.0,4093.9158516626494,1000.0,2093.9158516626494,3763.3900823689473,1023.089059,30259297.804085962
8148,0.0,5055.264198158442,0.0,5055.264198158442,1000.0,3055.264198158442,6703.776346676741,1023.089059,30259297.804085962
8149,0.0,5941.8547870314615,0.0,6027.221920735279,1000.0,3941.854787031461,10497.41739371582,1023.089059,30259297.804085962
8150,0.0,5941.8547870314615,0.0,6179.293430487627,1000.0,3941.854787031461,14291.058440754889,1023.089059,30259297.804085962
8151,0.0,5671.135121909001,0.0,5671.135121909001,1000.0,3671.135121909001,17824.158882080053,1023.089059,30259297.804085962
8152,0.0,4437.999648724236,0.0,4437.999648724236,1000.0,2437.999648724236,20170.489744012317,1029.089059,30259297.804085962
8153,0.0,3265.833913280382,0.0,3265.833913280382,1000.0,1265.8339132803821,21388.72830215334,1029.089059,30259297.804085962
8154,0.0,1390.034272716014,0.0,1390.034272716014,390.0342727160139,0.0,21388.72830215334,1037.589059,30259297.804085962
8155,0.0,0.0,1000.0,0.0,0.0,0.0,20349.659307972128,1059.089059,30259297.804085962
8156,0.0,0.0,1000.0,0.0,0.0,0.0,19310.59031379091,1059.889059,30259297.804085962
8157,0.0,0.0,1000.0,0.0,0.0,0.0,18271.5213196097,1059.089059,30259297.804085962
8158,0.0,0.0,1000.0,0.0,0.0,0.0,17232.452325428487,1059.089059,30259297.804085962
8159,0.0,0.0,1000.0,0.0,0.0,0.0,16193.383331247273,1037.589059,30259297.804085962
8160,0.0,0.0,1000.0,0.0,0.0,0.0,15154.314337066058,1029.089059,30259297.804085962
8161,0.0,0.0,1000.0,0.0,0.0,0.0,14115.245342884846,996.518067,30259297.804085962
8162,0.0,0.0,1000.0,0.0,0.0,0.0,13076.176348703631,996.518067,30259297.804085962
8163,0.0,0.0,1000.0,0.0,0.0,0.0,12037.107354522417,996.518067,30259297.804085962
8164,0.0,0.0,1000.0,0.0,0.0,0.0,10998.038360341203,996.518067,30259297.804085962
8165,0.0,0.0,1000.0,0.0,0.0,0.0,9958.969366159989,996.518067,30259297.804085962
8166,0.0,0.0,1000.0,0.0,0.0,0.0,8919.900371978774,996.518067,30259297.804085962
8167,0.0,0.0,1000.0,0.0,0.0,0.0,7880.83137779756,996.518067,30259297.804085962
8168,0.0,0.0,1000.0,0.0,0.0,0.0,6841.762383616346,996.518067,30259297.804085962
8169,0.0,0.0,1000.0,0.0,0.0,0.0,5802.693389435131,996.518067,30259297.804085962
8170,0.0,1063.3797206638312,0.0,1063.3797206638312,63.379720663823484,0.0,5802.693389435131,996.518067,30259297.804085962
8171,0.0,2697.156572204416,0.0,2697.156572204416,1000.0,697.1565722044179,6473.636874524459,996.518067,30259297.804085962
8172,0.0,3730.7245184761714,0.0,3730.7245184761714,1000.0,1730.7245184761705,8139.2861511059255,996.518067,30259297.804085962
8173,0.0,4496.8641197371635,0.0,4496.8641197371635,1000.0,2496.864119737147,10542.268179940957,996.518067,30259297.804085962
8174,0.0,4193.56914721877,0.0,4193.56914721877,1000.0,2193.5691472187755,12653.359127224307,996.518067,30259297.804085962
8175,0.0,4027.543566505205,0.0,4027.543566505205,463.17867674844865,2564.3648897567473,15121.3038971262,996.518067,30259297.804085962
8176,0.0,3121.9403374963226,0.0,3121.9403374963226,1000.0,1121.9403374963226,16201.05927793264,1045.518067,30259297.804085962
8177,0.0,2530.6506411098835,0.0,2530.6506411098835,1000.0,530.6506411098835,16711.757454936807,1045.518067,30259297.804085962
8178,0.0,1062.0809797015875,0.0,1062.0809797015875,62.08097970158747,0.0,16711.757454936807,1055.518067,30259297.804085962
8179,0.0,0.0,1000.0,0.0,0.0,0.0,15672.688460755591,1055.518067,30259297.804085962
8180,0.0,0.0,1000.0,0.0,0.0,0.0,14633.619466574377,1055.518067,30259297.804085962
8181,0.0,0.0,1000.0,0.0,0.0,0.0,13594.550472393163,1055.518067,30259297.804085962
8182,0.0,0.0,1000.0,0.0,0.0,0.0,12555.481478211948,1055.518067,30259297.804085962
8183,0.0,0.0,1000.0,0.0,0.0,0.0,11516.412484030734,1045.518067,30259297.804085962
8184,0.0,0.0,1000.0,0.0,0.0,0.0,10477.34348984952,1040.518067,30259297.804085962
8185,0.0,0.0,1000.0,0.0,0.0,0.0,9438.274495668305,999.3170292,30259297.804085962
8186,0.0,0.0,1000.0,0.0,0.0,0.0,8399.205501487091,999.3170292,30259297.804085962
8187,0.0,0.0,1000.0,0.0,0.0,0.0,7360.136507305878,989.3170292,30259297.804085962
8188,0.0,0.0,1000.0,0.0,0.0,0.0,6321.067513124664,989.3170292,30259297.804085962
8189,0.0,0.0,1000.0,0.0,0.0,0.0,5281.998518943451,989.3170292,30259297.804085962
8190,0.0,0.0,1000.0,0.0,0.0,0.0,4242.929524762238,989.3170292,30259297.804085962
8191,0.0,0.0,1000.0,0.0,0.0,0.0,3203.8605305810242,988.9170292,30259297.804085962
8192,0.0,0.0,1000.0,0.0,0.0,0.0,2164.7915363998104,988.8170292,30259297.804085962
8193,0.0,0.0,1000.0,0.0,0.0,0.0,1125.7225422185968,723.8250292,30259297.804085962
8194,0.0,1466.452529864776,0.0,1466.452529864776,0.0,466.4525298647759,1574.6364569604411,649.3170292,30259297.804085962
8195,0.0,3403.2693674322027,0.0,3403.2693674322027,0.0,2403.2693674322027,3887.542896177183,873.2110292,30259297.804085962
8196,0.0,4502.563174865811,0.0,4502.563174865811,1000.0,2502.5631748658107,6296.009695668123,988.8170292,30259297.804085962
8197,0.0,5344.551736214778,0.0,5344.551736214778,1000.0,3344.5517362147784,9514.806286601233,988.8170292,30259297.804085962
8198,0.0,4841.8434117795705,0.0,4841.8434117795705,1000.0,2841.8434117795705,12249.796386097907,988.8170292,30259297.804085962
8199,0.0,5033.571044924601,0.0,5033.571044924601,1000.0,3033.5710449246008,15169.305159733165,988.9170292,30259297.804085962
8200,0.0,4406.284230594889,0.0,4406.284230594889,1000.0,2406.284230594889,17485.113103257914,989.3170292,30259297.804085962
8201,0.0,2725.6814704497847,0.0,2725.6814704497847,1000.0,725.6814704497847,18183.508950418793,999.3170292,30259297.804085962
8202,0.0,1242.191099276753,0.0,1242.191099276753,242.191099276753,0.0,18183.508950418793,999.3170292,30259297.804085962
8203,0.0,0.0,2000.0,0.0,1000.0,0.0,16105.370962056253,1051.317029,30259297.804085962
8204,0.0,0.0,1000.0,0.0,0.0,0.0,15066.301967875039,1051.317029,30259297.804085962
8205,0.0,0.0,1000.0,0.0,0.0,0.0,14027.232973693825,1051.317029,30259297.804085962
8206,0.0,0.0,1416.413639251759,0.0,416.413639251759,0.0,12555.481478211947,1051.317029,30259297.804085962
8207,0.0,0.0,1000.0,0.0,0.0,0.0,11516.412484030732,1051.317029,30259297.804085962
8208,0.0,0.0,1000.0,0.0,0.0,0.0,10477.343489849518,999.3170292,30259297.804085962
8209,0.0,0.0,1000.0,0.0,0.0,0.0,9438.274495668305,989.5481371,30259297.804085962
8210,0.0,0.0,1000.0,0.0,0.0,0.0,8399.205501487091,989.5481371,30259297.804085962
8211,0.0,0.0,1000.0,0.0,0.0,0.0,7360.136507305878,987.5481371,30259297.804085962
8212,0.0,0.0,1000.0,0.0,0.0,0.0,6321.067513124664,987.5481371,30259297.804085962
8213,0.0,0.0,1000.0,0.0,0.0,0.0,5281.998518943451,987.5481371,30259297.804085962
8214,0.0,0.0,1000.0,0.0,0.0,0.0,4242.929524762238,987.5481371,30259297.804085962
8215,0.0,0.0,1000.0,0.0,0.0,0.0,3203.8605305810242,987.5481371,30259297.804085962
8216,0.0,0.0,1000.0,0.0,0.0,0.0,2164.7915363998104,987.5481371,30259297.804085962
8217,0.0,0.0,1000.0,0.0,0.0,0.0,1125.7225422185968,649.5481371,30259297.804085962
8218,0.0,1500.6112436547844,0.0,1500.6112436547844,0.0,500.6112436547844,1607.5108031119526,649.5481371,30259297.804085962
8219,0.0,3063.6807579907913,0.0,3063.6807579907913,0.0,2063.6807579907913,3593.59716460231,649.5481371,30259297.804085962
8220,0.0,4357.187015450654,0.0,4357.187015450654,0.0,3357.187015450654,6824.553948271961,720.1821371,30259297.804085962
8221,0.0,5250.597484519672,0.0,5250.597484519672,574.3549257469713,3676.2425587726757,10362.56978683453,910.5341371,30259297.804085962
8222,0.0,5502.221478332786,0.0,5502.221478332786,1000.0,3502.2214783327863,13733.10773758206,987.5481371,30259297.804085962
8223,0.0,5764.798792665945,0.0,5764.798792665945,1000.0,3764.7987926659453,17356.35009564372,987.5481371,30259297.804085962
8224,0.0,4679.447191378018,0.0,4679.447191378018,1000.0,2679.447191378018,19935.050072625978,987.5481371,30259297.804085962
8225,0.0,3510.4719758181423,0.0,3510.4719758181423,1000.0,1510.4719758181423,21388.72830215334,989.5481371,30259297.804085962
8226,0.0,1528.3355541759972,0.0,1528.3355541759972,528.3355541759956,0.0,21388.72830215334,1049.548137,30259297.804085962
8227,0.0,0.0,1751.0927722374795,0.0,751.0927722374794,0.0,19569.22209658655,1051.548137,30259297.804085962
8228,0.0,0.0,2000.0,0.0,1000.0,0.0,17491.08410822403,1051.548137,30259297.804085962
8229,0.0,0.0,2000.0,0.0,1000.0,0.0,15412.946119861603,1051.548137,30259297.804085962
8230,0.0,0.0,2000.0,0.0,1000.0,0.0,13334.808131499174,1051.548137,30259297.804085962
8231,0.0,0.0,1000.0,0.0,0.0,0.0,12295.73913731796,1049.548137,30259297.804085962
8232,0.0,0.0,1000.0,0.0,0.0,0.0,11256.670143136747,1037.668137,30259297.804085962
8233,0.0,0.0,1000.0,0.0,0.0,0.0,10217.601148955533,1050.570012,30259297.804085962
8234,0.0,0.0,1000.0,0.0,0.0,0.0,9178.532154774319,1050.570012,30259297.804085962
8235,0.0,0.0,1000.0,0.0,0.0,0.0,8139.463160593105,1038.690012,30259297.804085962
8236,0.0,0.0,1000.0,0.0,0.0,0.0,7100.394166411892,1005.570012,30259297.804085962
8237,0.0,0.0,1000.0,0.0,0.0,0.0,6061.325172230679,1038.690012,30259297.804085962
8238,0.0,0.0,1000.0,0.0,0.0,0.0,5022.256178049465,990.0700117,30259297.804085962
8239,0.0,0.0,1000.0,0.0,0.0,0.0,3983.1871838682514,980.5700117,30259297.804085962
8240,0.0,0.0,1000.0,0.0,0.0,0.0,2944.1181896870376,978.0700117,30259297.804085962
8241,0.0,0.0,1000.0,0.0,0.0,0.0,1905.0491955058242,738.1140117,30259297.804085962
8242,0.0,1558.485357500751,0.0,1558.485357500751,0.0,558.485357500751,2442.5355035645434,650.5700117,30259297.804085962
8243,0.0,3696.6962725865465,0.0,3696.6962725865465,0.0,2696.6962725865465,5037.835996301845,650.5700117,30259297.804085962
8244,0.0,4567.873925230702,0.0,4567.873925230702,1000.0,2567.8739252307023,7509.157861943939,978.0700117,30259297.804085962
8245,0.0,5786.942651143357,0.0,5786.942651143357,1000.0,3786.9426511433567,11153.711469404283,978.0700117,30259297.804085962
8246,0.0,5812.674359979848,0.0,5812.674359979848,1000.0,3812.6743599798483,14823.029273448861,978.0700117,30259297.804085962
8247,0.0,5193.440938491995,0.0,5193.440938491995,1000.0,3193.4409384919954,17896.396832653554,978.0700117,30259297.804085962
8248,0.0,4277.55450878684,0.0,4277.55450878684,1000.0,2277.5545087868404,20088.315291910054,980.5700117,30259297.804085962
8249,0.0,3351.218838573682,0.0,3351.218838573682,1000.0,1351.2188385736822,21388.72830215334,1050.570012,30259297.804085962
8250,0.0,1303.1371186542215,0.0,1303.1371186542215,303.13711865422147,0.0,21388.72830215334,1050.570012,30259297.804085962
8251,0.0,0.0,1000.0,0.0,0.0,0.0,20349.659307972128,1052.570012,30259297.804085962
8252,0.0,0.0,2000.0,0.0,1000.0,0.0,18271.5213196097,1055.570012,30259297.804085962
8253,0.0,0.0,2000.0,0.0,1000.0,0.0,16193.38333124727,1055.570012,30259297.804085962
8254,0.0,0.0,2000.0,0.0,1000.0,0.0,14115.245342884844,1065.570012,30259297.804085962
8255,0.0,0.0,2000.0,0.0,1000.0,0.0,12037.107354522417,1055.570012,30259297.804085962
8256,0.0,0.0,1501.1167433611977,0.0,501.11674336119756,0.0,10477.343489849518,1052.570012,30259297.804085962
8257,0.0,0.0,1000.0,0.0,0.0,0.0,9438.274495668304,989.533238,30259297.804085962
8258,0.0,0.0,1000.0,0.0,0.0,0.0,8399.205501487091,989.533238,30259297.804085962
8259,0.0,0.0,1000.0,0.0,0.0,0.0,7360.136507305878,989.533238,30259297.804085962
8260,0.0,0.0,1000.0,0.0,0.0,0.0,6321.067513124664,989.533238,30259297.804085962
8261,0.0,0.0,1000.0,0.0,0.0,0.0,5281.998518943451,989.533238,30259297.804085962
8262,0.0,0.0,1000.0,0.0,0.0,0.0,4242.929524762238,989.533238,30259297.804085962
8263,0.0,0.0,1000.0,0.0,0.0,0.0,3203.8605305810242,989.533238,30259297.804085962
8264,0.0,0.0,1000.0,0.0,0.0,0.0,2164.7915363998104,676.958238,30259297.804085962
8265,0.0,0.0,1000.0,0.0,0.0,0.0,1125.7225422185968,649.733238,30259297.804085962
8266,0.0,1562.2155405757503,0.0,1562.2155405757503,562.2155405757512,0.0,1125.7225422185968,649.733238,30259297.804085962
8267,0.0,3835.667673870303,0.0,3835.667673870303,661.0171215453458,2174.6505523249216,3218.6062337761778,649.733238,30259297.804085962
8268,0.0,4878.303088514322,0.0,4878.303088514322,1000.0,2878.303088514309,5988.685126162349,649.733238,30259297.804085962
8269,0.0,5941.8547870314615,0.0,6296.399700684226,1000.0,3941.854787031461,9782.326173201427,821.488238,30259297.804085962
8270,0.0,5941.8547870314615,0.0,6503.00653364106,1000.0,3941.854787031461,13575.967220240505,949.733238,30259297.804085962
8271,0.0,5941.8547870314615,0.0,6022.922429331862,1000.0,3941.854787031461,17369.608267279575,988.733238,30259297.804085962
8272,0.0,4913.185308164204,0.0,4913.185308164204,1000.0,2913.185308164204,20173.25780785682,989.533238,30259297.804085962
8273,0.0,3262.957703965639,0.0,3262.957703965639,1000.0,1262.9577039656392,21388.72830215334,1047.733238,30259297.804085962
8274,0.0,1286.9176566596109,0.0,1286.9176566596109,286.917656659607,0.0,21388.72830215334,1048.733238,30259297.804085962
8275,0.0,0.0,2000.0,0.0,1000.0,0.0,19310.59031379091,1064.733238,30259297.804085962
8276,0.0,0.0,2000.0,0.0,1000.0,0.0,17232.452325428487,1064.733238,30259297.804085962
8277,0.0,0.0,2000.0,0.0,1000.0,0.0,15154.314337066058,1064.733238,30259297.804085962
8278,0.0,0.0,2000.0,0.0,1000.0,0.0,13076.176348703631,1064.733238,30259297.804085962
8279,0.0,0.0,1004.8894119010691,0.0,4.889411901069137,0.0,12032.026918216437,1061.733238,30259297.804085962
8280,0.0,0.0,1000.0,0.0,0.0,0.0,10992.957924035223,1048.733238,30259297.804085962
8281,0.0,0.0,1000.0,0.0,0.0,0.0,9953.88892985401,989.100061,30259297.804085962
8282,0.0,0.0,1000.0,0.0,0.0,0.0,8914.819935672796,989.100061,30259297.804085962
8283,0.0,0.0,1000.0,0.0,0.0,0.0,7875.750941491583,988.900061,30259297.804085962
8284,0.0,0.0,1000.0,0.0,0.0,0.0,6836.68194731037,988.900061,30259297.804085962
8285,0.0,0.0,1000.0,0.0,0.0,0.0,5797.612953129156,988.900061,30259297.804085962
8286,0.0,0.0,1000.0,0.0,0.0,0.0,4758.543958947943,988.900061,30259297.804085962
8287,0.0,0.0,1000.0,0.0,0.0,0.0,3719.474964766729,988.900061,30259297.804085962
8288,0.0,0.0,1000.0,0.0,0.0,0.0,2680.405970585515,988.900061,30259297.804085962
8289,0.0,0.0,1000.0,0.0,0.0,0.0,1641.3369764043018,988.900061,30259297.804085962
8290,0.0,1195.839614279248,0.0,1195.839614279248,195.83961427924805,0.0,1641.3369764043018,988.600061,30259297.804085962
8291,0.0,3107.1797407693653,0.0,3107.1797407693653,1000.0,1107.1797407693653,2706.886758920722,988.900061,30259297.804085962
8292,0.0,4409.445094073841,0.0,4409.445094073841,1000.0,2409.4450940738407,5025.736717457592,988.900061,30259297.804085962
8293,0.0,5023.453895307692,0.0,5023.453895307692,1000.0,3023.4538953076917,7935.508746301755,988.900061,30259297.804085962
8294,0.0,5339.036523754984,0.0,5339.036523754984,1000.0,3339.036523754984,11148.997496763535,988.900061,30259297.804085962
8295,0.0,5140.263646524546,0.0,5140.263646524546,1000.0,3140.263646524546,14171.187230178766,988.900061,30259297.804085962
8296,0.0,4337.255161970535,0.0,4337.255161970535,1000.0,2337.2551619705346,16420.561598059216,989.100061,30259297.804085962
8297,0.0,3178.3852424796632,0.0,3178.3852424796632,1000.0,1178.3852424796632,17554.63955542164,990.100061,30259297.804085962
8298,0.0,1222.9293768880373,0.0,1222.9293768880373,222.92937688803727,0.0,17554.63955542164,991.100061,30259297.804085962
8299,0.0,0.0,1000.0,0.0,0.0,0.0,16515.570561240427,1054.100061,30259297.804085962
8300,0.0,0.0,1000.0,0.0,0.0,0.0,15476.501567059211,1054.100061,30259297.804085962
8301,0.0,0.0,1000.0,0.0,0.0,0.0,14437.432572877997,1054.100061,30259297.804085962
8302,0.0,0.0,1000.0,0.0,0.0,0.0,13398.363578696782,1054.100061,30259297.804085962
8303,0.0,0.0,1000.0,0.0,0.0,0.0,12359.294584515568,1049.100061,30259297.804085962
8304,0.0,0.0,1000.0,0.0,0.0,0.0,11320.225590334354,991.100061,30259297.804085962
8305,0.0,0.0,1000.0,0.0,0.0,0.0,10281.15659615314,990.1076141,30259297.804085962
8306,0.0,0.0,1000.0,0.0,0.0,0.0,9242.087601971925,990.1076141,30259297.804085962
8307,0.0,0.0,1000.0,0.0,0.0,0.0,8203.018607790713,989.1076141,30259297.804085962
8308,0.0,0.0,1000.0,0.0,0.0,0.0,7163.949613609499,989.1076141,30259297.804085962
8309,0.0,0.0,1000.0,0.0,0.0,0.0,6124.880619428285,989.1076141,30259297.804085962
8310,0.0,0.0,1000.0,0.0,0.0,0.0,5085.811625247072,990.1076141,30259297.804085962
8311,0.0,0.0,1000.0,0.0,0.0,0.0,4046.742631065858,989.1076141,30259297.804085962
8312,0.0,0.0,1000.0,0.0,0.0,0.0,3007.673636884644,989.0076141,30259297.804085962
8313,0.0,0.0,1000.0,0.0,0.0,0.0,1968.6046427034307,988.9076141,30259297.804085962
8314,0.0,1359.1668903053394,0.0,1359.1668903053394,359.1668903053394,0.0,1968.6046427034307,988.9076141,30259297.804085962
8315,0.0,3003.96823999156,0.0,3003.96823999156,1000.0,1003.96823999156,2934.8236768710194,988.9076141,30259297.804085962
8316,0.0,3997.4411999073377,0.0,3997.4411999073377,1000.0,1997.4411999073377,4857.161087661865,989.0076141,30259297.804085962
8317,0.0,5406.434749258369,0.0,5406.434749258369,1000.0,3406.4347492583693,8135.513890348142,989.0076141,30259297.804085962
8318,0.0,5487.324475663862,0.0,5487.324475663862,1000.0,3487.3244756638624,11491.714965727064,989.1076141,30259297.804085962
8319,0.0,4543.274906277092,0.0,4543.274906277092,1000.0,2543.2749062770918,13939.36273552812,990.1076141,30259297.804085962
8320,0.0,4155.864093022616,0.0,4155.864093022616,1000.0,2155.8640930226156,16014.1663386531,990.1076141,30259297.804085962
8321,0.0,2724.845299546649,0.0,2724.845299546649,1000.0,724.8452995466491,16711.757454936807,1029.107614,30259297.804085962
8322,0.0,1006.5493500209267,0.0,1006.5493500209267,6.549350020926681,0.0,16711.757454936807,1029.107614,30259297.804085962
8323,0.0,0.0,1000.0,0.0,0.0,0.0,15672.688460755591,1037.227614,30259297.804085962
8324,0.0,0.0,1000.0,0.0,0.0,0.0,14633.619466574377,1053.107614,30259297.804085962
8325,0.0,0.0,1000.0,0.0,0.0,0.0,13594.550472393163,1037.227614,30259297.804085962
8326,0.0,0.0,1000.0,0.0,0.0,0.0,12555.481478211948,1053.107614,30259297.804085962
8327,0.0,0.0,1000.0,0.0,0.0,0.0,11516.412484030734,1030.107614,30259297.804085962
8328,0.0,0.0,1000.0,0.0,0.0,0.0,10477.34348984952,1029.107614,30259297.804085962
8329,0.0,0.0,1000.0,0.0,0.0,0.0,9438.274495668305,991.1171978,30259297.804085962
8330,0.0,0.0,1000.0,0.0,0.0,0.0,8399.205501487091,991.1171978,30259297.804085962
8331,0.0,0.0,1000.0,0.0,0.0,0.0,7360.136507305878,991.1171978,30259297.804085962
8332,0.0,0.0,1000.0,0.0,0.0,0.0,6321.067513124664,991.1171978,30259297.804085962
8333,0.0,0.0,1000.0,0.0,0.0,0.0,5281.998518943451,991.1171978,30259297.804085962
8334,0.0,0.0,1000.0,0.0,0.0,0.0,4242.929524762238,991.1171978,30259297.804085962
8335,0.0,0.0,1000.0,0.0,0.0,0.0,3203.8605305810242,991.1171978,30259297.804085962
8336,0.0,0.0,1000.0,0.0,0.0,0.0,2164.7915363998104,990.1071978,30259297.804085962
8337,0.0,0.0,1000.0,0.0,0.0,0.0,1125.7225422185968,989.1171978,30259297.804085962
8338,0.0,1354.0549463622303,0.0,1354.0549463622303,354.05494636223034,0.0,1125.7225422185968,989.0571978,30259297.804085962
8339,0.0,3084.021795493918,0.0,3084.021795493918,1000.0,1084.021795493918,2168.985118201934,989.1171978,30259297.804085962
8340,0.0,4445.359192111248,0.0,4445.359192111248,1000.0,2445.3591921112484,4522.398804689816,989.6071978,30259297.804085962
8341,0.0,5497.388250512302,0.0,5497.388250512302,1000.0,3497.388250512302,7888.285256982839,990.1071978,30259297.804085962
8342,0.0,5714.598532776226,0.0,5714.598532776226,1000.0,3714.5985327762264,11463.214884926681,991.1171978,30259297.804085962
8343,0.0,5274.028219143791,0.0,5274.028219143791,1000.0,3274.028219143791,14614.139643030707,993.1071978,30259297.804085962
8344,0.0,4035.8163851948966,0.0,4035.8163851948966,1000.0,2035.8163851948966,16573.409332142528,1030.107198,30259297.804085962
8345,0.0,3161.039017376124,0.0,3161.039017376124,1000.0,1161.0390173761239,17690.79328246531,1030.107198,30259297.804085962
8346,0.0,1370.2388251778607,0.0,1370.2388251778607,370.2388251778607,0.0,17690.79328246531,1030.107198,30259297.804085962
8347,0.0,0.0,1942.224080413384,0.0,942.2240804133841,0.0,15672.68846075559,1053.007198,30259297.804085962
8348,0.0,0.0,1000.0,0.0,0.0,0.0,14633.619466574375,1053.007198,30259297.804085962
8349,0.0,0.0,1000.0,0.0,0.0,0.0,13594.55047239316,1053.007198,30259297.804085962
8350,0.0,0.0,1000.0,0.0,0.0,0.0,12555.481478211947,1030.107198,30259297.804085962
8351,0.0,0.0,1000.0,0.0,0.0,0.0,11516.412484030734,998.1071978,30259297.804085962
8352,0.0,0.0,1000.0,0.0,0.0,0.0,10477.34348984952,993.1071978,30259297.804085962
8353,0.0,0.0,1000.0,0.0,0.0,0.0,9438.274495668305,1010.100627,30259297.804085962
8354,0.0,0.0,1000.0,0.0,0.0,0.0,8399.205501487091,1010.100627,30259297.804085962
8355,0.0,0.0,1000.0,0.0,0.0,0.0,7360.136507305878,999.1006267,30259297.804085962
8356,0.0,0.0,1000.0,0.0,0.0,0.0,6321.067513124664,999.1006267,30259297.804085962
8357,0.0,0.0,1000.0,0.0,0.0,0.0,5281.998518943451,999.1006267,30259297.804085962
8358,0.0,0.0,1000.0,0.0,0.0,0.0,4242.929524762238,999.1006267,30259297.804085962
8359,0.0,0.0,1000.0,0.0,0.0,0.0,3203.8605305810242,999.1006267,30259297.804085962
8360,0.0,0.0,1000.0,0.0,0.0,0.0,2164.7915363998104,998.1006267,30259297.804085962
8361,0.0,0.0,1000.0,0.0,0.0,0.0,1125.7225422185968,993.1006267,30259297.804085962
8362,0.0,1369.3789246436513,0.0,1369.3789246436513,369.3789246436513,0.0,1125.7225422185968,993.1006267,30259297.804085962
8363,0.0,3650.2261845041958,0.0,3650.2261845041958,1000.0,1650.2261845041958,2713.900222185446,999.1006267,30259297.804085962
8364,0.0,4942.19055679054,0.0,4942.19055679054,1000.0,2942.1905567905396,5545.464414040616,999.1006267,30259297.804085962
8365,0.0,5684.780820342567,0.0,5684.780820342567,1000.0,3684.7808203425666,9091.69747553824,999.1006267,30259297.804085962
8366,0.0,5941.8547870314615,0.0,6282.635399165815,1000.0,3941.854787031461,12885.33852257698,1010.100627,30259297.804085962
8367,0.0,5941.8547870314615,0.0,5959.639852563041,1000.0,3941.854787031461,16678.979569616058,1011.100627,30259297.804085962
8368,0.0,4929.784297776795,0.0,4929.784297776795,1000.0,2929.784297776795,19498.603977796418,1029.600627,30259297.804085962
8369,0.0,3567.065140291356,0.0,3567.065140291356,1000.0,1567.0651402913559,21006.747468812824,1029.600627,30259297.804085962
8370,0.0,1484.6705203180607,0.0,1484.6705203180607,484.67052031806065,0.0,21006.747468812824,1029.600627,30259297.804085962
8371,0.0,0.0,2000.0,0.0,1000.0,0.0,18928.609480450395,1038.110627,30259297.804085962
8372,0.0,0.0,1306.748498006468,0.0,306.748498006468,0.0,17570.807632979006,1038.110627,30259297.804085962
8373,0.0,0.0,1000.0,0.0,0.0,0.0,16531.73863879779,1038.100627,30259297.804085962
8374,0.0,0.0,1000.0,0.0,0.0,0.0,15492.669644616577,1038.100627,30259297.804085962
8375,0.0,0.0,1000.0,0.0,0.0,0.0,14453.600650435363,1029.600627,30259297.804085962
8376,0.0,0.0,1000.0,0.0,0.0,0.0,13414.531656254148,1029.600627,30259297.804085962
8377,0.0,0.0,1000.0,0.0,0.0,0.0,12375.462662072934,1038.097887,30259297.804085962
8378,0.0,0.0,1000.0,0.0,0.0,0.0,11336.39366789172,1035.097887,30259297.804085962
8379,0.0,0.0,1000.0,0.0,0.0,0.0,10297.324673710507,1035.097887,30259297.804085962
8380,0.0,0.0,1000.0,0.0,0.0,0.0,9258.255679529293,1035.097887,30259297.804085962
8381,0.0,0.0,1000.0,0.0,0.0,0.0,8219.186685348079,1035.097887,30259297.804085962
8382,0.0,0.0,1000.0,0.0,0.0,0.0,7180.117691166866,1034.097887,30259297.804085962
8383,0.0,0.0,1000.0,0.0,0.0,0.0,6141.048696985652,992.097887,30259297.804085962
8384,0.0,0.0,1000.0,0.0,0.0,0.0,5101.979702804439,992.097887,30259297.804085962
8385,0.0,0.0,1000.0,0.0,0.0,0.0,4062.910708623225,992.097887,30259297.804085962
8386,0.0,1236.693678406449,0.0,1236.693678406449,236.69367840644895,0.0,4062.910708623225,992.097887,30259297.804085962
8387,0.0,3417.0455224985203,0.0,3417.0455224985203,1000.0,1417.0455224985203,5426.675319475791,992.097887,30259297.804085962
8388,0.0,4756.322091811935,0.0,4756.322091811935,1000.0,2756.322091811935,8079.35970063557,992.097887,30259297.804085962
8389,0.0,5395.107816626666,0.0,5395.107816626666,1000.0,3395.107816626666,11346.811463357095,992.097887,30259297.804085962
8390,0.0,5600.012651372201,0.0,5600.012651372201,1000.0,3600.0126513722007,14811.463639037713,992.097887,30259297.804085962
8391,0.0,5153.7729502837765,0.0,5153.7729502837765,1000.0,3153.7729502837765,17846.654726390814,992.097887,30259297.804085962
8392,0.0,4404.208620271933,0.0,4404.208620271933,1000.0,2404.208620271933,20160.465102540533,1034.097887,30259297.804085962
8393,0.0,3182.690660657032,0.0,3182.690660657032,1000.0,1182.690660657032,21298.68659435686,1038.097887,30259297.804085962
8394,0.0,1388.5991370794343,0.0,1388.5991370794343,388.5991370794343,0.0,21298.68659435686,1038.107887,30259297.804085962
8395,0.0,0.0,2000.0,0.0,1000.0,0.0,19220.54860599443,1038.117887,30259297.804085962
8396,0.0,0.0,2000.0,0.0,1000.0,0.0,17142.410617632002,1038.117887,30259297.804085962
8397,0.0,0.0,2000.0,0.0,1000.0,0.0,15064.272629269575,1038.117887,30259297.804085962
8398,0.0,0.0,1000.0,0.0,0.0,0.0,14025.20363508836,1038.107887,30259297.804085962
8399,0.0,0.0,1000.0,0.0,0.0,0.0,12986.134640907147,1038.107887,30259297.804085962
8400,0.0,0.0,1000.0,0.0,0.0,0.0,11947.065646725932,1038.097887,30259297.804085962
8401,0.0,0.0,1000.0,0.0,0.0,0.0,10907.996652544718,999.117394,30259297.804085962
8402,0.0,0.0,1000.0,0.0,0.0,0.0,9868.927658363504,999.117394,30259297.804085962
8403,0.0,0.0,1000.0,0.0,0.0,0.0,8829.858664182291,999.107394,30259297.804085962
8404,0.0,0.0,1000.0,0.0,0.0,0.0,7790.789670001077,999.107394,30259297.804085962
8405,0.0,0.0,1000.0,0.0,0.0,0.0,6751.720675819864,998.207394,30259297.804085962
8406,0.0,0.0,1000.0,0.0,0.0,0.0,5712.65168163865,998.207394,30259297.804085962
8407,0.0,0.0,1000.0,0.0,0.0,0.0,4673.582687457436,999.107394,30259297.804085962
8408,0.0,0.0,1000.0,0.0,0.0,0.0,3634.5136932762225,992.107394,30259297.804085962
8409,0.0,0.0,1000.0,0.0,0.0,0.0,2595.444699095009,992.107394,30259297.804085962
8410,0.0,1145.2123675094006,0.0,1145.2123675094006,145.21236750940056,0.0,2595.444699095009,984.107394,30259297.804085962
8411,0.0,2971.2446618381305,0.0,2971.2446618381305,1000.0,971.2446618381305,3530.170561648003,984.107394,30259297.804085962
8412,0.0,4418.299085907486,0.0,4418.299085907486,1000.0,2418.299085907486,5857.541601925372,992.107394,30259297.804085962
8413,0.0,5941.8547870314615,0.0,6573.6249354334495,1000.0,3941.854787031461,9651.18264896445,992.107394,30259297.804085962
8414,0.0,5941.8547870314615,0.0,6479.510559432933,1000.0,3941.854787031461,13444.823696003528,992.107394,30259297.804085962
8415,0.0,5941.8547870314615,0.0,5990.530953337158,1000.0,3941.854787031461,17238.464743042598,998.207394,30259297.804085962
8416,0.0,4685.507993802787,0.0,4685.507993802787,1000.0,2685.5079938027866,19822.997636278393,999.117394,30259297.804085962
8417,0.0,3626.9021881493854,0.0,3626.9021881493854,1000.0,1626.9021881493854,21388.72830215334,999.117394,30259297.804085962
8418,0.0,1570.986501235899,0.0,1570.986501235899,570.9865012358989,0.0,21388.72830215334,999.117394,30259297.804085962
8419,0.0,0.0,1176.0506357383301,0.0,176.05063573833002,0.0,20166.730550970537,1039.107394,30259297.804085962
8420,0.0,0.0,1000.0,0.0,0.0,0.0,19127.661556789117,1039.107394,30259297.804085962
8421,0.0,0.0,1000.0,0.0,0.0,0.0,18088.592562607904,1039.107394,30259297.804085962
8422,0.0,0.0,1000.0,0.0,0.0,0.0,17049.523568426688,1039.107394,30259297.804085962
8423,0.0,0.0,1000.0,0.0,0.0,0.0,16010.454574245474,1038.117394,30259297.804085962
8424,0.0,0.0,1000.0,0.0,0.0,0.0,14971.385580064261,1019.107394,30259297.804085962
8425,0.0,0.0,1000.0,0.0,0.0,0.0,13932.316585883047,1039.096206,30259297.804085962
8426,0.0,0.0,1000.0,0.0,0.0,0.0,12893.247591701833,1006.449206,30259297.804085962
8427,0.0,0.0,1000.0,0.0,0.0,0.0,11854.178597520618,995.0962061,30259297.804085962
8428,0.0,0.0,1000.0,0.0,0.0,0.0,10815.109603339406,995.0962061,30259297.804085962
8429,0.0,0.0,1000.0,0.0,0.0,0.0,9776.040609158194,995.0962061,30259297.804085962
8430,0.0,0.0,1000.0,0.0,0.0,0.0,8736.97161497698,995.0962061,30259297.804085962
8431,0.0,0.0,1000.0,0.0,0.0,0.0,7697.902620795765,995.0962061,30259297.804085962
8432,0.0,0.0,1000.0,0.0,0.0,0.0,6658.833626614552,995.0962061,30259297.804085962
8433,0.0,0.0,1000.0,0.0,0.0,0.0,5619.764632433338,992.0962061,30259297.804085962
8434,0.0,1329.4203442296398,0.0,1329.4203442296398,329.4203442296398,0.0,5619.764632433338,992.0962061,30259297.804085962
8435,0.0,3465.0812141178335,0.0,3465.0812141178335,1000.0,1465.0812141178335,7029.758792900364,992.0962061,30259297.804085962
8436,0.0,4635.40261863447,0.0,4635.40261863447,1000.0,2635.40261863447,9566.070273074205,994.0962061,30259297.804085962
8437,0.0,5328.5398352524635,0.0,5328.5398352524635,1000.0,3328.5398352524635,12769.457010521088,995.0962061,30259297.804085962
8438,0.0,5408.421412901506,0.0,5408.421412901506,1000.0,3408.4214129015063,16049.721778297622,995.0962061,30259297.804085962
8439,0.0,4793.683179033828,0.0,4793.683179033828,1000.0,2793.6831790338283,18738.362469799817,995.0962061,30259297.804085962
8440,0.0,3676.082434467117,0.0,3676.082434467117,1000.0,1676.0824344671169,20351.424204730938,995.0962061,30259297.804085962
8441,0.0,3077.830525168767,0.0,3077.830525168767,1000.0,1077.830525168767,21388.72830215334,995.0962061,30259297.804085962
8442,0.0,1148.2131179505732,0.0,1148.2131179505732,148.21311795057318,0.0,21388.72830215334,995.0962061,30259297.804085962
8443,0.0,0.0,2000.0,0.0,1000.0,0.0,19310.59031379091,1039.596206,30259297.804085962
8444,0.0,0.0,2000.0,0.0,1000.0,0.0,17232.452325428483,1040.096206,30259297.804085962
8445,0.0,0.0,2000.0,0.0,1000.0,0.0,15154.314337066056,1039.596206,30259297.804085962
8446,0.0,0.0,1501.1167433611947,0.0,501.1167433611948,0.0,13594.55047239316,1039.596206,30259297.804085962
8447,0.0,0.0,2000.0,0.0,1000.0,0.0,11516.412484030732,1039.596206,30259297.804085962
8448,0.0,0.0,1000.0,0.0,0.0,0.0,10477.343489849518,1019.096206,30259297.804085962
8449,0.0,0.0,1000.0,0.0,0.0,0.0,9438.274495668305,789.2509157,30259297.804085962
8450,0.0,0.0,1000.0,0.0,0.0,0.0,8399.205501487091,789.2509157,30259297.804085962
8451,0.0,0.0,1000.0,0.0,0.0,0.0,7360.136507305878,789.2509157,30259297.804085962
8452,0.0,0.0,1000.0,0.0,0.0,0.0,6321.067513124664,789.2509157,30259297.804085962
8453,0.0,0.0,1000.0,0.0,0.0,0.0,5281.998518943451,789.2509157,30259297.804085962
8454,0.0,0.0,1000.0,0.0,0.0,0.0,4242.929524762238,789.2509157,30259297.804085962
8455,0.0,0.0,1000.0,0.0,0.0,0.0,3203.8605305810242,789.2509157,30259297.804085962
8456,0.0,0.0,1000.0,0.0,0.0,0.0,2164.7915363998104,789.2509157,30259297.804085962
8457,0.0,0.0,1000.0,0.0,0.0,0.0,1125.7225422185968,789.2509157,30259297.804085962
8458,0.0,1062.6858712089843,0.0,1062.6858712089843,0.0,62.68587120898428,1186.0514246701205,789.2509157,30259297.804085962
8459,0.0,2644.471506701102,0.0,2644.471506701102,0.0,1644.471506701102,2768.6908027192694,789.2509157,30259297.804085962
8460,0.0,4390.930607176072,0.0,4390.930607176072,0.0,3390.930607176072,6032.122419065505,789.2509157,30259297.804085962
8461,0.0,4944.052679307248,0.0,4944.052679307248,2.197892275771194,3941.854787031461,9825.763466104585,789.2509157,30259297.804085962
8462,0.0,5014.914225310913,0.0,5014.914225310913,73.05943827945157,3941.854787031461,13619.404513143663,789.2509157,30259297.804085962
8463,0.0,5427.036722562261,0.0,5427.036722562261,485.1819355307962,3941.854787031461,17413.04556018274,798.2509157,30259297.804085962
8464,0.0,4196.6825739708365,0.0,4196.6825739708365,1000.0,2196.6825739708365,19527.13286937229,999.2509157,30259297.804085962
8465,0.0,3310.513033936354,0.0,3310.513033936354,1000.0,1310.513033936354,20788.37061323264,1000.250916,30259297.804085962
8466,0.0,1306.5707827494755,0.0,1306.5707827494755,306.5707827494755,0.0,20788.37061323264,1000.250916,30259297.804085962
8467,0.0,0.0,2000.0,0.0,1000.0,0.0,18710.232624870212,1048.250916,30259297.804085962
8468,0.0,0.0,2000.0,0.0,1000.0,0.0,16632.094636507783,1048.250916,30259297.804085962
8469,0.0,0.0,2000.0,0.0,1000.0,0.0,14553.956648145357,1048.250916,30259297.804085962
8470,0.0,0.0,1923.3325035439138,0.0,923.3325035439138,0.0,12555.481478211947,1020.250916,30259297.804085962
8471,0.0,0.0,1000.0,0.0,0.0,0.0,11516.412484030732,1000.250916,30259297.804085962
8472,0.0,0.0,1000.0,0.0,0.0,0.0,10477.34348984952,999.2509157,30259297.804085962
8473,0.0,0.0,1000.0,0.0,0.0,0.0,9438.274495668305,690.1860862,30259297.804085962
8474,0.0,0.0,1000.0,0.0,0.0,0.0,8399.205501487091,690.1860862,30259297.804085962
8475,0.0,0.0,1000.0,0.0,0.0,0.0,7360.136507305878,690.1860862,30259297.804085962
8476,0.0,0.0,1000.0,0.0,0.0,0.0,6321.067513124664,690.1860862,30259297.804085962
8477,0.0,0.0,1000.0,0.0,0.0,0.0,5281.998518943451,690.1860862,30259297.804085962
8478,0.0,0.0,1000.0,0.0,0.0,0.0,4242.929524762238,690.1860862,30259297.804085962
8479,0.0,0.0,1000.0,0.0,0.0,0.0,3203.8605305810242,690.1860862,30259297.804085962
8480,0.0,0.0,1000.0,0.0,0.0,0.0,2164.7915363998104,660.1860862,30259297.804085962
8481,0.0,0.0,1000.0,0.0,0.0,0.0,1125.7225422185968,660.1860862,30259297.804085962
8482,0.0,1303.7775933405983,0.0,1303.7775933405983,0.0,303.7775933405983,1418.0780980495838,660.1860862,30259297.804085962
8483,0.0,3354.8956468802116,0.0,3354.8956468802116,0.0,2354.8956468802116,3684.429668607074,660.1860862,30259297.804085962
8484,0.0,5027.783043116135,0.0,5027.783043116135,85.92825608467683,3941.854787031461,7478.070715646183,660.1860862,30259297.804085962
8485,0.0,5721.869118215789,0.0,5721.869118215789,780.0143311843276,3941.854787031461,11271.711762685261,660.1860862,30259297.804085962
8486,0.0,5923.974836778493,0.0,5923.974836778493,982.1200497470272,3941.854787031461,15065.35280972434,660.1860862,30259297.804085962
8487,0.0,5126.309575563329,0.0,5126.309575563329,486.8729084058141,3639.4366671574903,18567.946658196684,690.1860862,30259297.804085962
8488,0.0,4034.203333663417,0.0,4034.203333663417,1000.0,2034.2033336634172,20525.663946514353,800.1860862,30259297.804085962
8489,0.0,2896.7834119274794,0.0,2896.7834119274794,1000.0,896.7834119274794,21388.72830215334,800.1860862,30259297.804085962
8490,0.0,1315.9762913220477,0.0,1315.9762913220477,315.9762913220402,0.0,21388.728302153344,900.1860862,30259297.804085962
8491,0.0,0.0,2000.0,0.0,1000.0,0.0,19310.59031379092,1001.286086,30259297.804085962
8492,0.0,0.0,2000.0,0.0,1000.0,0.0,17232.45232542849,1045.286086,30259297.804085962
8493,0.0,0.0,2000.0,0.0,1000.0,0.0,15154.314337066062,1001.286086,30259297.804085962
8494,0.0,0.0,2000.0,0.0,1000.0,0.0,13076.176348703635,1001.286086,30259297.804085962
8495,0.0,0.0,1501.1167433611977,0.0,501.11674336119756,0.0,11516.412484030732,900.1860862,30259297.804085962
8496,0.0,0.0,1000.0,0.0,0.0,0.0,10477.343489849518,800.1860862,30259297.804085962
8497,0.0,0.0,1000.0,0.0,0.0,0.0,9438.274495668305,750.2256818,30259297.804085962
8498,0.0,0.0,1000.0,0.0,0.0,0.0,8399.205501487091,750.2256818,30259297.804085962
8499,0.0,0.0,1000.0,0.0,0.0,0.0,7360.136507305878,750.2256818,30259297.804085962
8500,0.0,0.0,1000.0,0.0,0.0,0.0,6321.067513124664,750.2256818,30259297.804085962
8501,0.0,0.0,1000.0,0.0,0.0,0.0,5281.998518943451,750.2256818,30259297.804085962
8502,0.0,0.0,1000.0,0.0,0.0,0.0,4242.929524762238,761.2256818,30259297.804085962
8503,0.0,0.0,1000.0,0.0,0.0,0.0,3203.8605305810242,761.2256818,30259297.804085962
8504,0.0,0.0,1000.0,0.0,0.0,0.0,2164.7915363998104,750.2256818,30259297.804085962
8505,0.0,0.0,1000.0,0.0,0.0,0.0,1125.7225422185968,655.1256818,30259297.804085962
8506,0.0,1090.736345847339,0.0,1090.736345847339,0.0,90.73634584733895,1213.0472014620682,629.2256818,30259297.804085962
8507,0.0,3055.2003782688034,0.0,3055.2003782688034,0.0,2055.2003782688034,3190.9720455079514,655.1256818,30259297.804085962
8508,0.0,4177.432716397658,0.0,4177.432716397658,0.0,3177.4327163976577,6248.933291769121,655.1256818,30259297.804085962
8509,0.0,5127.507505030217,0.0,5127.507505030217,185.6527179987752,3941.854787031461,10042.574338808123,711.5976818,30259297.804085962
8510,0.0,5656.3567335925545,0.0,5656.3567335925545,714.5019465610967,3941.854787031461,13836.215385847201,739.2256818,30259297.804085962
8511,0.0,4942.498929318191,0.0,4942.498929318191,0.644142286702845,3941.8547870314505,17629.85643288627,761.2256818,30259297.804085962
8512,0.0,4152.2940342530255,0.0,4152.2940342530255,406.396056158972,2745.89797809406,20272.508647003997,761.2256818,30259297.804085962
8513,0.0,3159.8292343613302,0.0,3159.8292343613302,1000.0,1159.8292343613302,21388.72830215334,800.2256818,30259297.804085962
8514,0.0,1411.7926655338613,0.0,1411.7926655338613,411.7926655338524,0.0,21388.728302153344,1003.225682,30259297.804085962
8515,0.0,0.0,2000.0,0.0,1000.0,0.0,19310.59031379092,1045.325682,30259297.804085962
8516,0.0,0.0,2000.0,0.0,1000.0,0.0,17232.45232542849,1045.325682,30259297.804085962
8517,0.0,0.0,2000.0,0.0,1000.0,0.0,15154.314337066062,1045.325682,30259297.804085962
8518,0.0,0.0,2000.0,0.0,1000.0,0.0,13076.176348703635,1045.325682,30259297.804085962
8519,0.0,0.0,1501.1167433611977,0.0,501.11674336119756,0.0,11516.412484030732,1003.225682,30259297.804085962
8520,0.0,0.0,1000.0,0.0,0.0,0.0,10477.343489849518,810.2256818,30259297.804085962
8521,0.0,0.0,1000.0,0.0,0.0,0.0,9438.274495668305,690.2798387,30259297.804085962
8522,0.0,0.0,1000.0,0.0,0.0,0.0,8399.205501487091,690.2798387,30259297.804085962
8523,0.0,0.0,1000.0,0.0,0.0,0.0,7360.136507305878,699.2798387,30259297.804085962
8524,0.0,0.0,1000.0,0.0,0.0,0.0,6321.067513124664,699.2798387,30259297.804085962
8525,0.0,0.0,1000.0,0.0,0.0,0.0,5281.998518943451,699.2798387,30259297.804085962
8526,0.0,0.0,1000.0,0.0,0.0,0.0,4242.929524762238,705.9208387,30259297.804085962
8527,0.0,0.0,1000.0,0.0,0.0,0.0,3203.8605305810242,690.2798387,30259297.804085962
8528,0.0,0.0,1000.0,0.0,0.0,0.0,2164.7915363998104,629.2798387,30259297.804085962
8529,0.0,0.0,1000.0,0.0,0.0,0.0,1125.7225422185968,625.2798387,30259297.804085962
8530,0.0,1052.9423337037338,0.0,1052.9423337037338,0.0,52.942333703733766,1176.6742441750685,625.2798387,30259297.804085962
8531,0.0,3463.444444222912,0.0,3463.444444222912,0.0,2463.444444222912,3547.493177295197,629.2798387,30259297.804085962
8532,0.0,4201.747081187059,0.0,4201.747081187059,0.0,3201.747081187059,6628.854568229639,690.2798387,30259297.804085962
8533,0.0,5112.948542561603,0.0,5112.948542561603,171.09375553016434,3941.854787031461,10422.495615268748,690.2798387,30259297.804085962
8534,0.0,5222.588519834251,0.0,5222.588519834251,280.7337328027934,3941.854787031461,14216.136662307827,700.2798387,30259297.804085962
8535,0.0,5038.3449599350315,0.0,5038.3449599350315,96.49017290357733,3941.854787031461,18009.777709346905,700.2798387,30259297.804085962
8536,0.0,4271.606393940596,0.0,4271.606393940596,790.9603052361635,2480.6460887044454,20397.151505116068,915.2798387,30259297.804085962
8537,0.0,3030.316705150985,0.0,3030.316705150985,1000.0,1030.316705150985,21388.72830215334,920.2798387,30259297.804085962
8538,0.0,1280.9517502238766,719.0482497761259,1280.9517502238766,1000.0,0.0,20641.587560490698,1003.279839,30259297.804085962
8539,0.0,0.0,2000.0,0.0,1000.0,0.0,18563.449572128273,1045.279839,30259297.804085962
8540,0.0,0.0,2000.0,0.0,1000.0,0.0,16485.311583765844,1045.279839,30259297.804085962
8541,0.0,0.0,2000.0,0.0,1000.0,0.0,14407.173595403412,1003.279839,30259297.804085962
8542,0.0,0.0,1782.068493585065,0.0,782.068493585065,0.0,12555.481478211947,1003.279839,30259297.804085962
8543,0.0,0.0,1000.0,0.0,0.0,0.0,11516.412484030732,920.2798387,30259297.804085962
8544,0.0,0.0,1000.0,0.0,0.0,0.0,10477.34348984952,915.2798387,30259297.804085962
8545,0.0,0.0,1000.0,0.0,0.0,0.0,9438.274495668305,701.6270675,30259297.804085962
8546,0.0,0.0,1000.0,0.0,0.0,0.0,8399.205501487091,738.1710675,30259297.804085962
8547,0.0,0.0,1000.0,0.0,0.0,0.0,7360.136507305878,738.1710675,30259297.804085962
8548,0.0,0.0,1000.0,0.0,0.0,0.0,6321.067513124664,701.6270675,30259297.804085962
8549,0.0,0.0,1000.0,0.0,0.0,0.0,5281.998518943451,738.1710675,30259297.804085962
8550,0.0,0.0,1000.0,0.0,0.0,0.0,4242.929524762238,701.6270675,30259297.804085962
8551,0.0,0.0,1000.0,0.0,0.0,0.0,3203.8605305810242,701.6270675,30259297.804085962
8552,0.0,0.0,1000.0,0.0,0.0,0.0,2164.7915363998104,701.6270675,30259297.804085962
8553,0.0,0.0,1000.0,0.0,0.0,0.0,1125.7225422185968,700.6270675,30259297.804085962
8554,0.0,1045.1617414781776,0.0,1045.1617414781776,45.161741478179465,-0.0,1125.7225422185968,700.6270675,30259297.804085962
8555,0.0,3384.2211328497297,0.0,3384.2211328497356,1000.0,1384.2211328497297,2457.8969604731765,699.6270675,30259297.804085962
8556,0.0,5183.833806928729,0.0,5183.833806928711,1000.0,3183.833806928729,5522.0186162613845,699.6270675,30259297.804085962
8557,0.0,5746.59183881655,0.0,5890.468462490399,1000.0,3746.5918388165496,9127.738601938432,699.6270675,30259297.804085962
8558,0.0,5681.216688346918,0.0,5681.21668834693,1000.0,3681.2166883469176,12670.541542803505,699.6270675,30259297.804085962
8559,0.0,5941.8547870314615,0.0,5969.970489986199,1000.0,3941.854787031462,16464.182589842585,699.6270675,30259297.804085962
8560,0.0,5269.325470491263,0.0,5269.32547049132,1000.0,3269.325470491263,19610.581422643376,700.6270675,30259297.804085962
8561,0.0,3847.617289598883,0.0,3847.6172895988925,1000.0,1847.617289598883,21388.72830215334,700.6270675,30259297.804085962
8562,0.0,1541.0561124913468,0.0,1541.0561124913468,541.0561124913365,0.0,21388.72830215334,701.6270675,30259297.804085962
8563,0.0,0.0,2000.0,0.0,1000.0,0.0,19310.59031379091,920.6270675,30259297.804085962
8564,0.0,0.0,2000.0,0.0,1000.0,0.0,17232.452325428487,1003.627068,30259297.804085962
8565,0.0,0.0,2000.0,0.0,1000.0,0.0,15154.314337066058,802.6270675,30259297.804085962
8566,0.0,0.0,1000.0,0.0,0.0,0.0,14115.245342884844,802.6270675,30259297.804085962
8567,0.0,0.0,1501.1167433611965,0.0,501.1167433611965,0.0,12555.481478211947,802.6270675,30259297.804085962
8568,0.0,0.0,1000.0,0.0,0.0,0.0,11516.412484030732,801.6270675,30259297.804085962
8569,0.0,0.0,2000.0,0.0,1000.0,0.0,9438.274495668305,890.0218573,30259297.804085962
8570,0.0,0.0,1000.0,0.0,0.0,0.0,8399.205501487091,696.3538573,30259297.804085962
8571,0.0,0.0,1000.0,0.0,0.0,0.0,7360.136507305878,696.3538573,30259297.804085962
8572,0.0,0.0,1000.0,0.0,0.0,0.0,6321.067513124664,696.3538573,30259297.804085962
8573,0.0,0.0,1000.0,0.0,0.0,0.0,5281.998518943451,696.3538573,30259297.804085962
8574,0.0,0.0,1000.0,0.0,0.0,0.0,4242.929524762238,696.3538573,30259297.804085962
8575,0.0,0.0,1000.0,0.0,0.0,0.0,3203.8605305810242,691.0218573,30259297.804085962
8576,0.0,0.0,1000.0,0.0,0.0,0.0,2164.7915363998104,610.0218573,30259297.804085962
8577,0.0,0.0,1000.0,0.0,0.0,0.0,1125.7225422185968,610.0218573,30259297.804085962
8578,0.0,1205.1858213093976,0.0,1205.1858213093976,205.18582130940194,-0.0,1125.7225422185968,610.0218573,30259297.804085962
8579,0.0,3208.0775743075847,0.0,3557.558820223427,1000.0,1208.0775743075847,2288.376399732216,610.0218573,30259297.804085962
8580,0.0,4962.163920223586,0.0,4962.163920223592,1000.0,2962.163920223586,5139.162956555396,610.0218573,30259297.804085962
8581,0.0,5941.8547870314615,0.0,5950.8333087239125,1000.0,3941.854787031462,8932.804003594465,690.0218573,30259297.804085962
8582,0.0,5941.8547870314615,0.0,6522.938387121179,1000.0,3941.854787031462,12726.445050633545,691.0218573,30259297.804085962
8583,0.0,5941.8547870314615,0.0,6214.6382089289855,1000.0,3941.854787031462,16520.086097672625,695.0218573,30259297.804085962
8584,0.0,5314.579837517311,0.0,5314.5798375172935,1000.0,3314.579837517311,19710.037733299287,695.0218573,30259297.804085962
8585,0.0,3744.2753209206694,0.0,3744.2753209207035,1000.0,1744.2753209206694,21388.72830215334,890.0218573,30259297.804085962
8586,0.0,1607.6656038184822,0.0,1607.6656038184822,607.6656038184738,0.0,21388.72830215334,921.0218573,30259297.804085962
8587,0.0,0.0,1000.0,0.0,0.0,0.0,20349.659307972128,921.0218573,30259297.804085962
8588,0.0,0.0,1000.0,0.0,0.0,0.0,19310.59031379091,921.0218573,30259297.804085962
8589,0.0,0.0,1000.0,0.0,0.0,0.0,18271.5213196097,921.0218573,30259297.804085962
8590,0.0,0.0,2000.0,0.0,1000.0,0.0,16193.383331247273,1003.021857,30259297.804085962
8591,0.0,0.0,2000.0,0.0,1000.0,0.0,14115.245342884846,930.0218573,30259297.804085962
8592,0.0,0.0,1000.0,0.0,0.0,0.0,13076.176348703631,890.0218573,30259297.804085962
8593,0.0,0.0,2000.0,0.0,1000.0,0.0,10998.038360341203,929.5723277,30259297.804085962
8594,0.0,0.0,1000.0,0.0,0.0,0.0,9958.969366159989,929.5723277,30259297.804085962
8595,0.0,0.0,1000.0,0.0,0.0,0.0,8919.900371978774,898.5723277,30259297.804085962
8596,0.0,0.0,1000.0,0.0,0.0,0.0,7880.831377797561,898.5723277,30259297.804085962
8597,0.0,0.0,1501.1167433611954,0.0,501.1167433611954,0.0,6321.067513124664,929.5723277,30259297.804085962
8598,0.0,0.0,1000.0,0.0,0.0,0.0,5281.998518943451,929.5723277,30259297.804085962
8599,0.0,0.0,2000.0,0.0,1000.0,0.0,3203.8605305810242,929.5723277,30259297.804085962
8600,0.0,0.0,1000.0,0.0,0.0,0.0,2164.7915363998104,799.5723277,30259297.804085962
8601,0.0,0.0,1000.0,0.0,0.0,0.0,1125.7225422185968,693.0363277,30259297.804085962
8602,0.0,1243.7329844502724,0.0,1243.7329844502724,243.7329844502695,0.0,1125.7225422186038,693.0363277,30259297.804085962
8603,0.0,3763.857280652608,0.0,3763.857280652608,254.8961251760794,2508.9611554765143,3540.346758249222,693.0363277,30259297.804085962
8604,0.0,5021.941666539199,0.0,5021.941666539199,1000.0,3021.9416665391764,6448.663418126525,693.0363277,30259297.804085962
8605,0.0,5941.8547870314615,0.0,6098.498577535905,1000.0,3941.854787031461,10242.304465165595,799.5723277,30259297.804085962
8606,0.0,5838.542474758307,0.0,5838.542474758307,1000.0,3838.5424747583074,13936.51774287282,898.5723277,30259297.804085962
8607,0.0,5725.190106000148,0.0,5725.190106000148,1000.0,3725.1901060001483,17521.640700887365,935.5723277,30259297.804085962
8608,0.0,4711.933552094124,0.0,4711.933552094124,1000.0,2711.933552094124,20131.60555142272,935.5723277,30259297.804085962
8609,0.0,3306.2372721640113,0.0,3306.2372721640113,1000.0,1306.2372721640113,21388.72830215334,935.5723277,30259297.804085962
8610,0.0,1441.2664109932582,0.0,1441.2664109932582,441.2664109932582,0.0,21388.72830215334,959.5723277,30259297.804085962
8611,0.0,0.0,2000.0,0.0,1000.0,0.0,19310.59031379091,1002.572328,30259297.804085962
8612,0.0,0.0,2000.0,0.0,1000.0,0.0,17232.452325428487,1045.572328,30259297.804085962
8613,0.0,0.0,2000.0,0.0,1000.0,0.0,15154.314337066058,1002.572328,30259297.804085962
8614,0.0,0.0,2000.0,0.0,1000.0,0.0,13076.176348703631,1064.572328,30259297.804085962
8615,0.0,0.0,1000.0,0.0,0.0,0.0,12037.107354522417,799.5723277,30259297.804085962
8616,0.0,0.0,1000.0,0.0,0.0,0.0,10998.038360341203,959.5723277,30259297.804085962
8617,0.0,0.0,1000.0,0.0,0.0,0.0,9958.969366159989,986.5267607,30259297.804085962
8618,0.0,0.0,1000.0,0.0,0.0,0.0,8919.900371978774,957.5567607,30259297.804085962
8619,0.0,0.0,1000.0,0.0,0.0,0.0,7880.83137779756,909.1227607,30259297.804085962
8620,0.0,0.0,1000.0,0.0,0.0,0.0,6841.762383616346,909.1227607,30259297.804085962
8621,0.0,0.0,1501.1167433611945,0.0,501.1167433611944,0.0,5281.99851894345,999.0227607,30259297.804085962
8622,0.0,0.0,1000.0,0.0,0.0,0.0,4242.929524762238,999.0227607,30259297.804085962
8623,0.0,0.0,1000.0,0.0,0.0,0.0,3203.8605305810242,999.0227607,30259297.804085962
8624,0.0,0.0,1000.0,0.0,0.0,0.0,2164.7915363998104,909.1227607,30259297.804085962
8625,0.0,0.0,1000.0,0.0,0.0,0.0,1125.7225422185968,840.0277607,30259297.804085962
8626,0.0,1226.1495419094115,0.0,1226.1495419094115,226.14954190941353,-0.0,1125.7225422185968,840.0277607,30259297.804085962
8627,0.0,2465.250115853567,0.0,3893.209685557544,1000.0,465.25011585356697,1573.4792537160697,909.1227607,30259297.804085962
8628,0.0,5200.640357573552,0.0,5200.640357573598,1000.0,3200.640357573552,4653.775533844857,909.1227607,30259297.804085962
8629,0.0,5941.8547870314615,0.0,5947.364061449679,1000.0,3941.854787031462,8447.416580883928,939.1227607,30259297.804085962
8630,0.0,5941.8547870314615,0.0,6339.394603450761,1000.0,3941.854787031462,12241.057627923008,999.0227607,30259297.804085962
8631,0.0,5941.8547870314615,0.0,6090.895889937617,1000.0,3941.854787031462,16034.698674962088,999.0227607,30259297.804085962
8632,0.0,5614.761383283588,0.0,5614.7613832836205,1000.0,3614.7613832835877,19513.545030234214,1002.122761,30259297.804085962
8633,0.0,3948.4447962584427,0.0,3948.4447962584595,1000.0,1948.4447962584427,21388.72830215334,1044.122761,30259297.804085962
8634,0.0,1505.6520325075642,494.3479674924358,1505.6520325075642,1000.0,0.0,20875.06665679544,1046.122761,30259297.804085962
8635,0.0,0.0,2000.0,0.0,1000.0,0.0,18796.928668433015,1064.122761,30259297.804085962
8636,0.0,0.0,1000.0,0.0,0.0,0.0,17757.8596742518,840.0277607,30259297.804085962
8637,0.0,0.0,2000.0,0.0,1000.0,0.0,15679.72168588937,1064.122761,30259297.804085962
8638,0.0,0.0,2000.0,0.0,1000.0,0.0,13601.583697526943,1048.122761,30259297.804085962
8639,0.0,0.0,2000.0,0.0,1000.0,0.0,11523.445709164516,1046.122761,30259297.804085962
8640,0.0,0.0,1006.7687758687534,0.0,6.768775868753437,0.0,10477.343489849518,1037.242761,30259297.804085962
8641,0.0,0.0,1000.0,0.0,0.0,0.0,9438.274495668304,821.6743193,30259297.804085962
8642,0.0,0.0,1000.0,0.0,0.0,0.0,8399.205501487091,1014.674319,30259297.804085962
8643,0.0,0.0,1000.0,0.0,0.0,0.0,7360.136507305878,1014.674319,30259297.804085962
8644,0.0,0.0,1000.0,0.0,0.0,0.0,6321.067513124664,1014.674319,30259297.804085962
8645,0.0,0.0,1000.0,0.0,0.0,0.0,5281.998518943451,1014.674319,30259297.804085962
8646,0.0,0.0,1000.0,0.0,0.0,0.0,4242.929524762238,1019.674319,30259297.804085962
8647,0.0,0.0,1000.0,0.0,0.0,0.0,3203.8605305810242,1014.674319,30259297.804085962
8648,0.0,0.0,1000.0,0.0,0.0,0.0,2164.7915363998104,958.4223193,30259297.804085962
8649,0.0,0.0,1000.0,0.0,0.0,0.0,1125.7225422185968,949.6743193,30259297.804085962
8650,0.0,1439.3271953446374,0.0,1439.3271953446374,439.32719534463104,0.0,1125.7225422185968,939.6743193,30259297.804085962
8651,0.0,3803.9039908024897,0.0,4355.301163302873,1000.0,1803.9039908024897,2861.799742966913,949.6743193,30259297.804085962
8652,0.0,5771.179832433896,0.0,5771.179832433902,1000.0,3771.179832433896,6491.183213701295,949.6743193,30259297.804085962
8653,0.0,5941.8547870314615,0.0,6205.902831447818,1000.0,3941.854787031462,10284.824260740366,949.6743193,30259297.804085962
8654,0.0,5671.793388184831,0.0,5671.793388184868,1000.0,3671.7933881848317,13818.558217529448,958.4223193,30259297.804085962
8655,0.0,5683.2329971273975,0.0,5683.232997127463,1000.0,3683.232997127398,17363.301653964856,1014.674319,30259297.804085962
8656,0.0,4620.920738030117,0.0,4620.920738030138,1000.0,2620.920738030117,19885.675772245042,1014.674319,30259297.804085962
8657,0.0,3561.775280453342,0.0,3561.775280453347,1000.0,1561.775280453342,21388.72830215334,1019.674319,30259297.804085962
8658,0.0,1499.9173941999377,0.0,1499.9173941999377,499.91739419993974,0.0,21388.72830215334,1047.674319,30259297.804085962
8659,0.0,0.0,2000.0,0.0,1000.0,0.0,19310.59031379091,1064.674319,30259297.804085962
8660,0.0,0.0,2000.0,0.0,1000.0,0.0,17232.452325428487,1064.674319,30259297.804085962
8661,0.0,0.0,2000.0,0.0,1000.0,0.0,15154.314337066058,1064.674319,30259297.804085962
8662,0.0,0.0,1501.1167433611963,0.0,501.1167433611963,0.0,13594.55047239316,1059.674319,30259297.804085962
8663,0.0,0.0,2000.0,0.0,1000.0,0.0,11516.412484030732,1059.674319,30259297.804085962
8664,0.0,0.0,1000.0,0.0,0.0,0.0,10477.343489849518,1019.674319,30259297.804085962
8665,0.0,0.0,1000.0,0.0,0.0,0.0,9438.274495668305,1014.196088,30259297.804085962
8666,0.0,0.0,1000.0,0.0,0.0,0.0,8399.205501487091,1014.196088,30259297.804085962
8667,0.0,0.0,1000.0,0.0,0.0,0.0,7360.136507305878,998.1960881,30259297.804085962
8668,0.0,0.0,1000.0,0.0,0.0,0.0,6321.067513124664,1014.196088,30259297.804085962
8669,0.0,0.0,1000.0,0.0,0.0,0.0,5281.998518943451,1014.196088,30259297.804085962
8670,0.0,0.0,1000.0,0.0,0.0,0.0,4242.929524762238,1014.196088,30259297.804085962
8671,0.0,0.0,1000.0,0.0,0.0,0.0,3203.8605305810242,1014.196088,30259297.804085962
8672,0.0,0.0,1000.0,0.0,0.0,0.0,2164.7915363998104,960.3930881,30259297.804085962
8673,0.0,0.0,1000.0,0.0,0.0,0.0,1125.7225422185968,960.3930881,30259297.804085962
8674,0.0,1143.8187418257542,0.0,1143.8187418257542,0.0,143.81874182575416,1264.1336993517034,960.3930881,30259297.804085962
8675,0.0,3405.39835252363,0.0,3405.39835252363,1000.0,1405.39835252363,2616.689073820453,998.1960881,30259297.804085962
8676,0.0,5402.740149362349,0.0,5402.740149362349,1000.0,3402.7401493623493,5891.486193566758,1014.196088,30259297.804085962
8677,0.0,5941.8547870314615,0.0,6283.963785265454,1000.0,3941.854787031461,9685.127240605847,1014.196088,30259297.804085962
8678,0.0,5941.8547870314615,0.0,6531.952491992602,1000.0,3941.854787031461,13478.768287644925,1014.196088,30259297.804085962
8679,0.0,5524.561033026957,0.0,5524.561033026957,1000.0,3524.5610330269574,16870.805825830088,1014.196088,30259297.804085962
8680,0.0,4493.383018915024,0.0,4493.383018915024,1000.0,2493.383018915024,19270.437643233934,1019.196088,30259297.804085962
8681,0.0,3350.7088317876883,0.0,3350.7088317876883,1000.0,1350.7088317876883,20570.3598229464,1029.196088,30259297.804085962
8682,0.0,1618.055542784063,0.0,1618.055542784063,618.0555427840629,0.0,20570.3598229464,1037.316088,30259297.804085962
8683,0.0,0.0,2000.0,0.0,1000.0,0.0,18492.221834583972,1059.196088,30259297.804085962
8684,0.0,0.0,2000.0,0.0,1000.0,0.0,16414.083846221543,1064.197088,30259297.804085962
8685,0.0,0.0,1000.0,0.0,0.0,0.0,15375.01485204033,1059.196088,30259297.804085962
8686,0.0,0.0,1713.5189189724358,0.0,713.5189189724358,0.0,13594.55047239316,1059.196088,30259297.804085962
8687,0.0,0.0,2000.0,0.0,1000.0,0.0,11516.412484030732,1059.196088,30259297.804085962
8688,0.0,0.0,1000.0,0.0,0.0,0.0,10477.343489849518,1019.196088,30259297.804085962
8689,0.0,0.0,1000.0,0.0,0.0,0.0,9438.274495668305,1015.191224,30259297.804085962
8690,0.0,0.0,1000.0,0.0,0.0,0.0,8399.205501487091,1015.191224,30259297.804085962
8691,0.0,0.0,1000.0,0.0,0.0,0.0,7360.136507305878,1015.191224,30259297.804085962
8692,0.0,0.0,1000.0,0.0,0.0,0.0,6321.067513124664,1015.191224,30259297.804085962
8693,0.0,0.0,1000.0,0.0,0.0,0.0,5281.998518943451,1015.191224,30259297.804085962
8694,0.0,0.0,1000.0,0.0,0.0,0.0,4242.929524762238,1015.191224,30259297.804085962
8695,0.0,0.0,1000.0,0.0,0.0,0.0,3203.8605305810242,1015.191224,30259297.804085962
8696,0.0,0.0,1000.0,0.0,0.0,0.0,2164.7915363998104,998.1912238,30259297.804085962
8697,0.0,0.0,1000.0,0.0,0.0,0.0,1125.7225422185968,805.5292238,30259297.804085962
8698,0.0,1026.682826491758,0.0,1026.682826491758,0.0,26.682826491758078,1151.4020944342628,966.4672238,30259297.804085962
8699,0.0,3222.429815223211,0.0,3222.429815223211,0.0,2222.429815223211,3290.2685486050905,966.4672238,30259297.804085962
8700,0.0,4737.683052520106,0.0,4737.683052520106,1000.0,2737.683052520106,5925.014718350489,1004.191224,30259297.804085962
8701,0.0,5841.99391917542,0.0,5841.99391917542,1000.0,3841.99391917542,9622.549666164909,1004.191224,30259297.804085962
8702,0.0,5837.190359027593,0.0,5837.190359027593,1000.0,3837.1903590275933,13315.461667693104,1015.191224,30259297.804085962
8703,0.0,5361.4294532176245,0.0,5361.4294532176245,1000.0,3361.4294532176245,16550.501373469597,1004.191224,30259297.804085962
8704,0.0,4419.698638365086,0.0,4419.698638365086,1000.0,2419.6986383650856,18879.21934303231,1015.191224,30259297.804085962
8705,0.0,3322.041600826399,0.0,3322.041600826399,1000.0,1322.0416008263992,20151.552179667633,1039.191224,30259297.804085962
8706,0.0,1518.4022472279407,0.0,1518.4022472279407,518.4022472279407,0.0,20151.552179667633,1048.191224,30259297.804085962
8707,0.0,0.0,2000.0,0.0,1000.0,0.0,18073.414191305266,1059.191224,30259297.804085962
8708,0.0,0.0,2000.0,0.0,1000.0,0.0,15995.27620294284,1064.191224,30259297.804085962
8709,0.0,0.0,2000.0,0.0,1000.0,0.0,13917.138214580413,1059.191224,30259297.804085962
8710,0.0,0.0,1000.0,0.0,0.0,0.0,12878.069220399198,1059.191224,30259297.804085962
8711,0.0,0.0,1000.0,0.0,0.0,0.0,11839.000226217984,1059.191224,30259297.804085962
8712,0.0,0.0,1310.4584430810116,0.0,310.4584430810117,0.0,10477.343489849518,1059.191224,30259297.804085962
8713,0.0,0.0,1000.0,0.0,0.0,0.0,9438.274495668304,1053.458213,30259297.804085962
8714,0.0,0.0,1000.0,0.0,0.0,0.0,8399.205501487091,1049.089213,30259297.804085962
8715,0.0,0.0,1000.0,0.0,0.0,0.0,7360.136507305878,1048.089213,30259297.804085962
8716,0.0,0.0,1000.0,0.0,0.0,0.0,6321.067513124664,1047.089213,30259297.804085962
8717,0.0,0.0,1000.0,0.0,0.0,0.0,5281.998518943451,1043.089213,30259297.804085962
8718,0.0,0.0,1000.0,0.0,0.0,0.0,4242.929524762238,1043.089213,30259297.804085962
8719,0.0,0.0,1000.0,0.0,0.0,0.0,3203.8605305810242,1020.173213,30259297.804085962
8720,0.0,0.0,1000.0,0.0,0.0,0.0,2164.7915363998104,1019.090213,30259297.804085962
8721,0.0,0.0,1000.0,0.0,0.0,0.0,1125.7225422185968,907.6112128,30259297.804085962
8722,0.0,1172.3732964761496,0.0,1172.3732964761496,0.0,172.37329647614956,1291.6146027472423,907.6112128,30259297.804085962
8723,0.0,3574.531421947676,0.0,3574.531421947676,1000.0,1574.5314219476759,2806.9436432296934,1003.089213,30259297.804085962
8724,0.0,4991.560572551076,0.0,4991.560572551076,1000.0,2991.560572551076,5686.021538252884,1019.090213,30259297.804085962
8725,0.0,5941.8547870314615,0.0,5973.392289265916,1000.0,3941.854787031461,9479.662585291682,1020.173213,30259297.804085962
8726,0.0,5941.8547870314615,0.0,5988.852673489304,1000.0,3941.854787031461,13273.30363233076,1043.089213,30259297.804085962
8727,0.0,5265.779130085173,0.0,5265.779130085173,1000.0,3265.779130085173,16416.289467124734,1048.089213,30259297.804085962
8728,0.0,4669.080970775881,0.0,4669.080970775881,1000.0,2669.080970775881,18985.012993399476,1048.089213,30259297.804085962
8729,0.0,3676.7051175640036,0.0,3676.7051175640036,1000.0,1676.7051175640036,20598.673998543072,1049.089213,30259297.804085962
8730,0.0,1761.8186619353705,0.0,1761.8186619353705,761.8186619353705,0.0,20598.673998543072,1043.089213,30259297.804085962
8731,0.0,0.0,2000.0,0.0,1000.0,0.0,18520.536010180644,1048.089213,30259297.804085962
8732,0.0,0.0,1000.0,0.0,0.0,0.0,17481.46701599943,1048.089213,30259297.804085962
8733,0.0,0.0,1676.290234504566,0.0,676.290234504566,0.0,15739.685808076982,1048.089213,30259297.804085962
8734,0.0,0.0,2000.0,0.0,1000.0,0.0,13661.547819714555,1049.089213,30259297.804085962
8735,0.0,0.0,2000.0,0.0,1000.0,0.0,11583.409831352128,1048.089213,30259297.804085962
8736,0.0,0.0,1000.0,0.0,0.0,0.0,10544.340837170914,1043.089213,30259297.804085962
8737,0.0,0.0,1000.0,0.0,0.0,0.0,9505.271842989701,1045.526347,30259297.804085962
8738,0.0,0.0,1000.0,0.0,0.0,0.0,8466.202848808487,1041.526347,30259297.804085962
8739,0.0,0.0,1000.0,0.0,0.0,0.0,7427.133854627274,1039.646347,30259297.804085962
8740,0.0,0.0,1000.0,0.0,0.0,0.0,6388.06486044606,1039.646347,30259297.804085962
8741,0.0,0.0,1000.0,0.0,0.0,0.0,5348.995866264847,1021.526347,30259297.804085962
8742,0.0,0.0,1000.0,0.0,0.0,0.0,4309.9268720836335,1021.526347,30259297.804085962
8743,0.0,0.0,1000.0,0.0,0.0,0.0,3270.8578779024197,1000.526347,30259297.804085962
8744,0.0,0.0,1000.0,0.0,0.0,0.0,2231.788883721206,651.5263471,30259297.804085962
8745,0.0,0.0,1000.0,0.0,0.0,0.0,1192.7198895399924,522.1543471,30259297.804085962
8746,0.0,935.5217529378982,64.47824706210179,935.5217529378982,0.0,0.0,1125.7225422185968,551.5263471,30259297.804085962
8747,0.0,2749.7230346228844,0.0,2749.7230346228844,0.0,1749.7230346228753,2809.655990739652,651.5263471,30259297.804085962
8748,0.0,3711.433139682429,0.0,3711.433139682429,503.9402224600885,2207.492917222349,4934.147174274316,651.5263471,30259297.804085962
8749,0.0,4046.3427188348132,0.0,4046.3427188348132,1000.0,2046.3427188348141,6903.5474068808835,651.5263471,30259297.804085962
8750,0.0,4536.069549153905,0.0,4536.069549153905,1000.0,2536.0695491539054,9344.260740986618,762.4223471,30259297.804085962
8751,0.0,4243.200098780073,0.0,4243.200098780073,1000.0,2243.200098780073,11503.11651605257,866.7723471,30259297.804085962
8752,0.0,3788.972233166166,0.0,3788.972233166166,1000.0,1788.972233166166,13224.82339325166,1001.526347,30259297.804085962
8753,0.0,2974.476702942673,0.0,2974.476702942673,1000.0,974.476702942673,14162.659772163694,1041.526347,30259297.804085962
8754,0.0,1453.251609900828,546.748390099172,1453.251609900828,1000.0,0.0,13594.55047239316,1045.526347,30259297.804085962
8755,0.0,0.0,2000.0,0.0,1000.0,0.0,11516.412484030734,1050.526347,30259297.804085962
8756,0.0,0.0,2000.0,0.0,1000.0,0.0,9438.274495668305,1051.526347,30259297.804085962
8757,0.0,0.0,2000.0,0.0,1000.0,0.0,7360.136507305879,1051.526347,30259297.804085962
8758,0.0,0.0,2000.0,0.0,1000.0,0.0,5281.998518943451,1061.526347,30259297.804085962
8759,0.0,0.0,2000.0,0.0,1000.0,0.0,3203.8605305810242,1050.526347,30259297.804085962
8760,0.0,0.0,2000.0,0.0,1000.0,0.0,1125.722542218597,1045.526347,30259297.804085962
